"attachments/0/accessibilityCaption","attachments/0/id","attachments/0/type","attachments/0/url","attachments/1/accessibilityCaption","attachments/1/id","attachments/1/type","attachments/1/url","attachments/2/accessibilityCaption","attachments/2/id","attachments/2/type","attachments/2/url","attachments/3/accessibilityCaption","attachments/3/id","attachments/3/type","attachments/3/url","attachments/4/accessibilityCaption","attachments/4/id","attachments/4/type","attachments/4/url","author/id","author/name","author/profilePicture","author/profileUrl","commentsCount","postId","postText","reactions/like","reactionsCount","sharesCount","timestamp","url"
"No photo description available.","859065017569371","photo","https://www.facebook.com/photo.php?fbid=859065017569371&set=a.187948680281094&type=3","No photo description available.","859065024236037","photo","https://www.facebook.com/photo.php?fbid=859065024236037&set=a.187948680281094&type=3","No photo description available.","859065020902704","photo","https://www.facebook.com/photo.php?fbid=859065020902704&set=a.187948680281094&type=3","No photo description available.","859065064236033","photo","https://www.facebook.com/photo.php?fbid=859065064236033&set=a.187948680281094&type=3","No photo description available.","859065070902699","photo","https://www.facebook.com/photo.php?fbid=859065070902699&set=a.187948680281094&type=3","100071978890983","Rent to Own Brand New House  Lot","https://scontent-iad3-1.xx.fbcdn.net/v/t39.30808-1/300061691_187948700281092_8765515882086426205_n.jpg?stp=cp0_dst-jpg_tt6&cstp=mx225x225&ctp=s40x40&_nc_cat=110&ccb=1-7&_nc_sid=2d3e12&_nc_ohc=0UnOYqmVdPwQ7kNvwHfIsQI&_nc_oc=Adql4tRVWYCBLg_a5rL55ATQY2wb22h8Noe-V8jyDoMi8tmuU26FYMtXSYK2Txdr3OY&_nc_zt=24&_nc_ht=scontent-iad3-1.xx&_nc_gid=c-HXmoMkDrGUgqkonoNEOQ&_nc_ss=7c2a8&oh=00_AQAv233xnj-7tFYcL19DP7tMItBq5X3oaxvncqFIzh_rlg&oe=6A5FEB4A","https://www.facebook.com/Daoresidences","8","859065300902676","√ Sawa kana ba sa taon taong baha
√ Nagsisimula ng Pamilya
√ naghahanap ng bagong bahay para sa inyong pamilya?
√ Dream House?
√ Flexible Payments

Rent to Own Brand New Town House
5-10% Down Payment only. 90-95% Bank Financing.
Flood Free, Near Main Road.
√ NO HIDDEN CHARGES!!!!
√ NO MISCELLANEOUS FEE!!!!
√ No MOVE IN FEE!!!!
√ GUARANTTED FLOOD FREE!!!

For More Info Please Contact: Alex 0916 743 0374","7","7","0","1482737384000","https://www.facebook.com/Daoresidences/posts/pfbid0CAKwCcGFbT2EEviVZEpxFfxUD929rXt4txYEbtw26LPYgXwhf6Lz4czRvjSVXhK9l"
,,,,,,,,,,,,,,,,,,,,"100064128123111","Theobroma GOLD Worldwide","https://scontent-iad6-1.xx.fbcdn.net/v/t39.30808-1/302301793_463587995788801_1128072309044929452_n.jpg?stp=cp0_dst-jpg_tt6&cstp=mx945x945&ctp=s40x40&_nc_cat=106&ccb=1-7&_nc_sid=2d3e12&_nc_ohc=tr4a8HJS718Q7kNvwE5D1tE&_nc_oc=AdoRU8jmfzut3NFTyWsz_jW_0oeSy-xRIhiFIgfQIJfDaImA0gj6bRY4GLTcOkag90Q&_nc_zt=24&_nc_ht=scontent-iad6-1.xx&_nc_gid=c-HXmoMkDrGUgqkonoNEOQ&_nc_ss=7c2a8&oh=00_AQDFkAA4g2eO2RNbvRn15Ti7LazqkwMBVXLIjKMxd8miwA&oe=6A601864","https://www.facebook.com/TheobromaPhilippines","0","203489103449420","Good morning to everyone!

PAALALA mula sa Fortune Business Club Inc. !

Mag ingat po ang lahat kasalukuyang bagyo sa ating bansa tayo po ay lumikas kung sa tingin po natin ay aabutin po ng baha ang ating mga kabahayan at iwasan pong maglabas labas ng bahay kapag malakas ang hangin!

Mag ingat po ang lahat lalo na ang mga nasatabing dagat o ilog at higit sa mga daraanan ng bagyo.

mas mabuti na pong handa at may alam kaysa po wala para iwas aksidente ,

mas mabuti narin pong manood at makinig sa mga balita para sa mga iba pang mga impormasyon sa kasalukuyang bagyo, 

At para naman po sa karagdagang tulong makinig o tumawag sa inyong barangay o kinaukulan.

Ps : lets all ""PRAY"" para sa kaligtasan ng ating mga kababayan.

Muli mag ingat ang lahat GOD BLESS US !","1","1","2","1482712378000","https://www.facebook.com/TheobromaPhilippines/posts/pfbid02ycf8dnfb18LC6eqRdd2rHzzJobj1iyRtXTiLseHHB7QHhu34BKjvAAr3oQ5nxMdfl"
