"attachments/0/accessibilityCaption","attachments/0/id","attachments/0/type","attachments/0/url","attachments/1/accessibilityCaption","attachments/1/id","attachments/1/type","attachments/1/url","attachments/2/accessibilityCaption","attachments/2/id","attachments/2/type","attachments/2/url","attachments/3/accessibilityCaption","attachments/3/id","attachments/3/type","attachments/3/url","attachments/4/accessibilityCaption","attachments/4/id","attachments/4/type","attachments/4/url","author/id","author/name","author/profilePicture","author/profileUrl","commentsCount","postId","postText","reactions/like","reactions/love","reactionsCount","sharesCount","timestamp","url"
"No photo description available.","1149199771844072","photo","https://www.facebook.com/photo/?fbid=1149199771844072&set=a.226680419493388",,,,,,,,,,,,,,,,,"100064542948515","Marikina City Rescue 161","https://scontent-iad3-1.xx.fbcdn.net/v/t39.30808-1/541379745_1210200924474661_5482984993472514193_n.jpg?stp=cp0_dst-jpg_tt6&cstp=mx1024x1024&ctp=s40x40&_nc_cat=104&ccb=1-7&_nc_sid=2d3e12&_nc_ohc=JyOFt-nYG3sQ7kNvwFoL6_l&_nc_oc=AdptbiyurnhilHwtOiiIWZiS_joIEU_WIwDCm-Oms-iowIVqp9mL6hNyk0HO6pKjRgY&_nc_zt=24&_nc_ht=scontent-iad3-1.xx&_nc_gid=sPOvgmoIjKHssocs-EC1dA&_nc_ss=7c2a8&oh=00_AQC8F-ElkFcX6yKFxD0DKMNUwl4XRZ2I7NNxD_rk5gSkzg&oe=6A601102","https://www.facebook.com/MarikinaRescue161","0","1149205095176873","As of 3:00 AM December 26, 2016

Monitoring for typhoon ""NINA""
TCWS # 2 Metro Manila

Water level : 12.3 meters

Rainfall level:
Mt. Boso - Boso: 1 mm
Mt. Aris: 0 mm
Mt. Campana: 2 mm
Mt. Oro: 0 mm
Nangka: 0 mm

Flood Gates open : NONE","13",,"13","1","1482693309000","https://www.facebook.com/MarikinaRescue161/posts/pfbid02LKyExMeeW1mcqYMumRZrTB7965dyfCPjSigrjWFAJi9bCSTayE7dq6yTkXophLYVl"
"No photo description available.","859065017569371","photo","https://www.facebook.com/photo.php?fbid=859065017569371&set=a.187948680281094&type=3","No photo description available.","859065024236037","photo","https://www.facebook.com/photo.php?fbid=859065024236037&set=a.187948680281094&type=3","No photo description available.","859065020902704","photo","https://www.facebook.com/photo.php?fbid=859065020902704&set=a.187948680281094&type=3","No photo description available.","859065064236033","photo","https://www.facebook.com/photo.php?fbid=859065064236033&set=a.187948680281094&type=3","No photo description available.","859065070902699","photo","https://www.facebook.com/photo.php?fbid=859065070902699&set=a.187948680281094&type=3","100071978890983","Rent to Own Brand New House  Lot","https://scontent-iad3-1.xx.fbcdn.net/v/t39.30808-1/300061691_187948700281092_8765515882086426205_n.jpg?stp=cp0_dst-jpg_tt6&cstp=mx225x225&ctp=s40x40&_nc_cat=110&ccb=1-7&_nc_sid=2d3e12&_nc_ohc=0UnOYqmVdPwQ7kNvwH-t5GC&_nc_oc=AdqagPrkFCoXtEEtDneZVUVOjSxPFR8DsXaLV3VUXCOMR5YEgFpzKLP758bnQ8L1nwI&_nc_zt=24&_nc_ht=scontent-iad3-1.xx&_nc_gid=sPOvgmoIjKHssocs-EC1dA&_nc_ss=7c2a8&oh=00_AQDghEjudCOGYUHRC0f-v3Nj0ao01ftmFQk4r3HB5CG_1A&oe=6A5FEB4A","https://www.facebook.com/Daoresidences","8","859065300902676","√ Sawa kana ba sa taon taong baha
√ Nagsisimula ng Pamilya
√ naghahanap ng bagong bahay para sa inyong pamilya?
√ Dream House?
√ Flexible Payments

Rent to Own Brand New Town House
5-10% Down Payment only. 90-95% Bank Financing.
Flood Free, Near Main Road.
√ NO HIDDEN CHARGES!!!!
√ NO MISCELLANEOUS FEE!!!!
√ No MOVE IN FEE!!!!
√ GUARANTTED FLOOD FREE!!!

For More Info Please Contact: Alex 0916 743 0374","7",,"7","0","1482737384000","https://www.facebook.com/Daoresidences/posts/pfbid0CAKwCcGFbT2EEviVZEpxFfxUD929rXt4txYEbtw26LPYgXwhf6Lz4czRvjSVXhK9l"
"No photo description available.","1558449227649609","photo","https://www.facebook.com/photo.php?fbid=1558449227649609&set=a.423758313099960&type=3","No photo description available.","1558449277649604","photo","https://www.facebook.com/photo.php?fbid=1558449277649604&set=a.423758313099960&type=3",,,,,,,,,,,,,"100063973842506","Flood Control Asia RS","https://scontent-iad6-1.xx.fbcdn.net/v/t39.30808-1/292046102_423758326433292_6095856213619851414_n.png?stp=cp0_dst-png&cstp=mx1080x1080&ctp=s40x40&_nc_cat=106&ccb=1-7&_nc_sid=2d3e12&_nc_ohc=SufljAMHZZEQ7kNvwFxjZdC&_nc_oc=AdpX5CVlxfxlno5yDXZHE3Zkl9QMBlNxS-fMnVQ1QiI4GyM0XZJQVO09cklopQEUq4U&_nc_zt=24&_nc_ht=scontent-iad6-1.xx&_nc_gid=sPOvgmoIjKHssocs-EC1dA&_nc_ss=7c2a8&oh=00_AQB6sdVCvsclm78CTVAn-Wm4IZt-V2y0KIbk2ArOTSXbeA&oe=6A5FFF0F","https://www.facebook.com/floodcontrol.asia","0","1558449327649599","Latest PAGASA Forecast for Typhoon #NinaPH
As of December 25, 2016 08:00 PM

Flood Control Asia is wishing everyone a flood free and worry free holiday season.

Want to be protected? Visit floodcontrol.asia for more info.","2",,"2","0","1482673024000","https://www.facebook.com/floodcontrol.asia/posts/pfbid02yAmvuknzyrkKkURmEwXSjdf2WGD6p8EzcuREdZLZycCyQLnN4CMvUgzyJ2ypA53Zl"
"No photo description available.","735222136630510","photo","https://www.facebook.com/photo.php?fbid=735222136630510&set=a.211666577859944&type=3","No photo description available.","735222159963841","photo","https://www.facebook.com/photo.php?fbid=735222159963841&set=a.211666577859944&type=3","No photo description available.","735222176630506","photo","https://www.facebook.com/photo.php?fbid=735222176630506&set=a.211666577859944&type=3",,,,,,,,,"100070498081098","HOUSE & LOT 4SALE / Yan Yan Real Estate Information Services","https://scontent-iad3-2.xx.fbcdn.net/v/t39.30808-1/311362169_2313566872129354_5320508150548198053_n.jpg?stp=cp0_dst-jpg_tt6&cstp=mx960x960&ctp=s40x40&_nc_cat=103&ccb=1-7&_nc_sid=2d3e12&_nc_ohc=O2MRuWxkkHQQ7kNvwGM_z0A&_nc_oc=Adr7PQ7ppmqy1orIFefelHB7MBTRtm8gZEGwm-vML19QTG-Q_BcvnJWy3iCwjnIthtw&_nc_zt=24&_nc_ht=scontent-iad3-2.xx&_nc_gid=sPOvgmoIjKHssocs-EC1dA&_nc_ss=7c2a8&oh=00_AQA-0zXrCl14D3bsVKa2POFW-KwEp_IbS0-QvKt1OeqOGQ&oe=6A6017BD","https://www.facebook.com/Marianneiballa","4","735223686630355","Flood free !!! 🍂🍃🍂🍃  3,1M php

Looking for town house in PONTE VERDE 
#pre selling 

3 bedroom 
3 toilet & bath 
1car garage 

Text to view & other details 
Smart 0939-01-44286
Globe 0905-36-01420","4",,"4","19","1482690722000","https://www.facebook.com/Marianneiballa/posts/pfbid0fZSexPmkTYEiRdSt6XWT3XyFFrKYWA3tywh5M4fwgFREEwWQJuajuBpDdZT8j9c8l"
"No photo description available.","1730426427274646","photo","https://www.facebook.com/photo/?fbid=1730426427274646&set=a.553725023218294",,,,,,,,,,,,,,,,,"100057424032176","Antipolo City Townhouse Overlooking","https://scontent-iad3-1.xx.fbcdn.net/v/t39.30808-1/316941206_610672624190200_4648698270134072435_n.jpg?stp=cp0_dst-jpg_tt6&cstp=mx960x956&ctp=s40x40&_nc_cat=104&ccb=1-7&_nc_sid=2d3e12&_nc_ohc=hqpEpBvMg7gQ7kNvwEl4lK0&_nc_oc=AdoTq5dkLXpLN9rOJnDzSVTv12T5m3hMK7ULF7UVthb5u6zGHHu3EcN6jEKIwLTBllc&_nc_zt=24&_nc_ht=scontent-iad3-1.xx&_nc_gid=sPOvgmoIjKHssocs-EC1dA&_nc_ss=7c2a8&oh=00_AQDpp7gdEmax7ZO0NCpWdXkpmtH4ToXjFNdeBS4M8sW9_Q&oe=6A60115F","https://www.facebook.com/antipolocitybloomfieldheightstownhouse","2","1730426427274646","💙💙💙Crystal Homes 
""as low as 5K per month DP""

15K per month thru bank
also available thru Pagibig Financing

 3kms away only from SM=10mins away
Flood free area!

DUPLEX-Fully-finished Turnover
💙 3 Bedrooms
💙 2 Toilets & bath
💙 1 car garage
💙 Terrace
💙 Laundry area

Lot Area 60 sqm
Floor Area 61.9 sqm
Price 2,220,000
10% DP 222,000
Reservation Fee 50,000
OPTIONS FOR DP PAYMENT:
Option 2- 24 mos 7,167
Option 1- 18 mos 9,556
Bank 20 yrs 15,485

FREE tripping call or text me: Yane Moral

#floodfreehouseforsaleinsanmateorizalhouse
#singleattachedinsanmateonearmarikinacity
#nearquezoncityhouseforsale
#crystalhomessanmateorizal","1",,"1","0","1482748870000","https://www.facebook.com/photo.php?fbid=1730426427274646&set=a.553725023218294&type=3"
"No photo description available.","1149789951785054","photo","https://www.facebook.com/photo/?fbid=1149789951785054&set=a.226680419493388",,,,,,,,,,,,,,,,,"100064542948515","Marikina City Rescue 161","https://scontent-iad3-1.xx.fbcdn.net/v/t39.30808-1/541379745_1210200924474661_5482984993472514193_n.jpg?stp=cp0_dst-jpg_tt6&cstp=mx1024x1024&ctp=s40x40&_nc_cat=104&ccb=1-7&_nc_sid=2d3e12&_nc_ohc=JyOFt-nYG3sQ7kNvwFoL6_l&_nc_oc=AdptbiyurnhilHwtOiiIWZiS_joIEU_WIwDCm-Oms-iowIVqp9mL6hNyk0HO6pKjRgY&_nc_zt=24&_nc_ht=scontent-iad3-1.xx&_nc_gid=2dwUiyGa0F8kUavWOvUYmg&_nc_ss=7c2a8&oh=00_AQCpcKfX2AzRuxDI-1wAGTR8z0CH97Qg2L2aB93XUAoMsA&oe=6A601102","https://www.facebook.com/MarikinaRescue161","0","1149790305118352","ALISTO MARIKINA!

Kaligtasan niyo ang inuuna

As of 11:00pm 12/26/2016

No Tropical Cyclone Weather Signal

Water Level: 12.7m (Going Down)

Rainfall as of 11:00pm
Mt. Campana: 0mm
Mt. Boso-Boso: 0mm
Mt. Aris: 0mm
Mt. Oro: 0mm
Nangka: 0mm

Flood Gates Open: ALL 8 GATES OPEN

Flooded Areas:
No Flooded Areas

Lahat ay pinapayuhang maging alerto at alisto.

For any EMERGENCY CALL:
161
646 2436 - 38
0928 559 3341 (smart)
0917 584 2168 (globe)","7",,"7","1","1482764781000","https://www.facebook.com/MarikinaRescue161/posts/pfbid0t9jQe6xt9T8DJSqynfzY9owkpWSyQfbV24PMkwi6GedDejedRQzBwzZxJr7865gil"
"No photo description available.","1149275321836517","photo","https://www.facebook.com/photo/?fbid=1149275321836517&set=a.226680419493388",,,,,,,,,,,,,,,,,"100064542948515","Marikina City Rescue 161","https://scontent-iad3-1.xx.fbcdn.net/v/t39.30808-1/541379745_1210200924474661_5482984993472514193_n.jpg?stp=cp0_dst-jpg_tt6&cstp=mx1024x1024&ctp=s40x40&_nc_cat=104&ccb=1-7&_nc_sid=2d3e12&_nc_ohc=JyOFt-nYG3sQ7kNvwFoL6_l&_nc_oc=AdptbiyurnhilHwtOiiIWZiS_joIEU_WIwDCm-Oms-iowIVqp9mL6hNyk0HO6pKjRgY&_nc_zt=24&_nc_ht=scontent-iad3-1.xx&_nc_gid=2dwUiyGa0F8kUavWOvUYmg&_nc_ss=7c2a8&oh=00_AQCpcKfX2AzRuxDI-1wAGTR8z0CH97Qg2L2aB93XUAoMsA&oe=6A601102","https://www.facebook.com/MarikinaRescue161","0","1149275635169819","As of 5:00 AM December 26, 2016

Monitoring for typhoon ""NINA""
TCWS # 2 Metro Manila

Water level : 12.3 meters

Rainfall level:
Mt. Boso - Boso: 1 mm
Mt. Aris: 1 mm
Mt. Campana: 1 mm
Mt. Oro: 1 mm
Nangka: 0 mm

Flood Gates open : NONE",,,"0","0","1482700054000","https://www.facebook.com/MarikinaRescue161/posts/pfbid0cq67Km3eAN2h7vQ4hCsrD1xk54SvL3w7wQ7KmLfFhC15Gh6scwTj3GNLU1sV24T7l"
"No photo description available.","1149674801796569","photo","https://www.facebook.com/photo/?fbid=1149674801796569&set=a.226680419493388",,,,,,,,,,,,,,,,,"100064542948515","Marikina City Rescue 161","https://scontent-iad3-1.xx.fbcdn.net/v/t39.30808-1/541379745_1210200924474661_5482984993472514193_n.jpg?stp=cp0_dst-jpg_tt6&cstp=mx1024x1024&ctp=s40x40&_nc_cat=104&ccb=1-7&_nc_sid=2d3e12&_nc_ohc=JyOFt-nYG3sQ7kNvwFoL6_l&_nc_oc=AdptbiyurnhilHwtOiiIWZiS_joIEU_WIwDCm-Oms-iowIVqp9mL6hNyk0HO6pKjRgY&_nc_zt=24&_nc_ht=scontent-iad3-1.xx&_nc_gid=2dwUiyGa0F8kUavWOvUYmg&_nc_ss=7c2a8&oh=00_AQCpcKfX2AzRuxDI-1wAGTR8z0CH97Qg2L2aB93XUAoMsA&oe=6A601102","https://www.facebook.com/MarikinaRescue161","0","1149677101796339","ALISTO MARIKINA!
Kaligtasan niyo ang inuuna

As of 08:00pm 12/26/2016

No Tropical Cyclone Weather Signal

Water Level: 13.0m (Going Down)

Rainfall as of 08:00pm
Mt. Campana: 0mm
Mt. Boso-Boso: 0mm
Mt. Aris: 0mm
Mt. Oro: 0mm
Nangka: 0mm

Flood Gates Open: ALL 8 GATES OPEN

Flooded Areas:
No Flooded Areas

Lahat ay pinapayuhang maging alerto at alisto.

For any EMERGENCY CALL:
161
646 2436 - 38
0928 559 3341 (smart)
0917 584 2168 (globe)","7",,"7","0","1482753990000","https://www.facebook.com/MarikinaRescue161/posts/pfbid02pv7C5TnowLEH4bvsmRwNYnFSw7QDmiLuTWBCc2EqDNPEdFXS57QipJL5QUfhEwqql"
"No photo description available.","10154432937243075","photo","https://www.facebook.com/photo/?fbid=10154432937243075&set=a.627874062706116",,,,,,,,,,,,,,,,,"100064505841988","Sanggunian ng mga Mag-aaral ng mga Paaralang Loyola ng Ateneo de Manila","https://scontent-iad3-1.xx.fbcdn.net/v/t39.30808-1/550227610_1204667711693412_8688323089565189072_n.jpg?stp=cp0_dst-jpg_tt6&cstp=mx1080x1080&ctp=s40x40&_nc_cat=104&ccb=1-7&_nc_sid=2d3e12&_nc_ohc=EP2K2rVOu0cQ7kNvwHpa5fL&_nc_oc=AdqcMbQviPOW1XliRXYWaKNVBn4d4qHzGdRBm_5S5BOEqkY5MFJgd3Dw0MtP6udGmYM&_nc_zt=24&_nc_ht=scontent-iad3-1.xx&_nc_gid=2dwUiyGa0F8kUavWOvUYmg&_nc_ss=7c2a8&oh=00_AQCg9BT81-NiXQ2q8Wb3bnTgYBvbIXicHdH6522xCEhnFw&oe=6A600260","https://www.facebook.com/admusanggu","0","10154432937243075","Please help us keep track of the weather situation in your area by answering the Constituency Check at bit.ly/ConstituencyCheck1617. Stay safe, everyone. #NinaPH

For those in need of emergency assistance, please comment below the following: Name, year/course, location, and condition (e.g. deep flood, etc.)","5",,"5","23","1482710414000","https://www.facebook.com/photo.php?fbid=10154432937243075&set=a.627874062706116&type=3"
"No photo description available.","1149744378456278","photo","https://www.facebook.com/photo/?fbid=1149744378456278&set=a.226680419493388",,,,,,,,,,,,,,,,,"100064542948515","Marikina City Rescue 161","https://scontent-iad3-1.xx.fbcdn.net/v/t39.30808-1/541379745_1210200924474661_5482984993472514193_n.jpg?stp=cp0_dst-jpg_tt6&cstp=mx1024x1024&ctp=s40x40&_nc_cat=104&ccb=1-7&_nc_sid=2d3e12&_nc_ohc=JyOFt-nYG3sQ7kNvwFoL6_l&_nc_oc=AdptbiyurnhilHwtOiiIWZiS_joIEU_WIwDCm-Oms-iowIVqp9mL6hNyk0HO6pKjRgY&_nc_zt=24&_nc_ht=scontent-iad3-1.xx&_nc_gid=2dwUiyGa0F8kUavWOvUYmg&_nc_ss=7c2a8&oh=00_AQCpcKfX2AzRuxDI-1wAGTR8z0CH97Qg2L2aB93XUAoMsA&oe=6A601102","https://www.facebook.com/MarikinaRescue161","0","1149744461789603","ALISTO MARIKINA!
Kaligtasan niyo ang inuuna
As of 10:00pm 12/26/2016
No Tropical Cyclone Weather Signal
Water Level: 12.8m (Going Down)
Rainfall as of 10:00pm
Mt. Campana: 0mm
Mt. Boso-Boso: 0mm
Mt. Aris: 0mm
Mt. Oro: 0mm
Nangka: 0mm
Flood Gates Open: ALL 8 GATES OPEN
Flooded Areas:
No Flooded Areas
Lahat ay pinapayuhang maging alerto at alisto.
For any EMERGENCY CALL:
161
646 2436 - 38
0928 559 3341 (smart)
0917 584 2168 (globe)","4",,"4","1","1482761219000","https://www.facebook.com/MarikinaRescue161/posts/pfbid028bhcuB3bXULnPPANrDziRqvTeSJoy2rr2fVKdgmTvJy7hvxfmjreQ2qvXWux2p2el"
"No photo description available.","1149703555127027","photo","https://www.facebook.com/photo/?fbid=1149703555127027&set=a.226680419493388",,,,,,,,,,,,,,,,,"100064542948515","Marikina City Rescue 161","https://scontent-iad3-1.xx.fbcdn.net/v/t39.30808-1/541379745_1210200924474661_5482984993472514193_n.jpg?stp=cp0_dst-jpg_tt6&cstp=mx1024x1024&ctp=s40x40&_nc_cat=104&ccb=1-7&_nc_sid=2d3e12&_nc_ohc=JyOFt-nYG3sQ7kNvwFoL6_l&_nc_oc=AdptbiyurnhilHwtOiiIWZiS_joIEU_WIwDCm-Oms-iowIVqp9mL6hNyk0HO6pKjRgY&_nc_zt=24&_nc_ht=scontent-iad3-1.xx&_nc_gid=7a7vanxTuIzjI6CAukCFIg&_nc_ss=7c2a8&oh=00_AQBTRHbcV_q5TB6mq6R0rKzWHWkfOzbyIPwC25m3R5bcmg&oe=6A601102","https://www.facebook.com/MarikinaRescue161","0","1149704205126962","ALISTO MARIKINA!
Kaligtasan niyo ang inuuna

As of 09:00pm 12/26/2016

No Tropical Cyclone Weather Signal

Water Level: 12.9m (Going Down)

Rainfall as of 09:00pm
Mt. Campana: 0mm
Mt. Boso-Boso: 0mm
Mt. Aris: 0mm
Mt. Oro: 0mm
Nangka: 0mm

Flood Gates Open: ALL 8 GATES OPEN

Flooded Areas:
No Flooded Areas

Lahat ay pinapayuhang maging alerto at alisto.

For any EMERGENCY CALL:
161
646 2436 - 38
0928 559 3341 (smart)
0917 584 2168 (globe)","5",,"5","0","1482757201000","https://www.facebook.com/MarikinaRescue161/posts/pfbid02o8MiQvnuz5MBrQz7PcTmZ8B5T3J4B2QAUnjvUP2VHpsmXbQjPsQkDh3H5U63CcBzl"
"No photo description available.","1149883401775709","photo","https://www.facebook.com/photo/?fbid=1149883401775709&set=a.226680419493388",,,,,,,,,,,,,,,,,"100064542948515","Marikina City Rescue 161","https://scontent-iad3-1.xx.fbcdn.net/v/t39.30808-1/541379745_1210200924474661_5482984993472514193_n.jpg?stp=cp0_dst-jpg_tt6&cstp=mx1024x1024&ctp=s40x40&_nc_cat=104&ccb=1-7&_nc_sid=2d3e12&_nc_ohc=JyOFt-nYG3sQ7kNvwFoL6_l&_nc_oc=AdptbiyurnhilHwtOiiIWZiS_joIEU_WIwDCm-Oms-iowIVqp9mL6hNyk0HO6pKjRgY&_nc_zt=24&_nc_ht=scontent-iad3-1.xx&_nc_gid=7a7vanxTuIzjI6CAukCFIg&_nc_ss=7c2a8&oh=00_AQBTRHbcV_q5TB6mq6R0rKzWHWkfOzbyIPwC25m3R5bcmg&oe=6A601102","https://www.facebook.com/MarikinaRescue161","0","1149883728442343","ALISTO MARIKINA!
Kaligtasan niyo ang inuuna
As of 1:39am 12/27/2016

No Tropical Cyclone Weather Signal

Water Level: 12.5m (Going Down)

Rainfall as of 1:39am
Mt. Campana: 0mm
Mt. Boso-Boso: 0mm
Mt. Aris: 0mm
Mt. Oro: 0mm
Nangka: 0mm

Flood Gates Open: ALL 8 GATES OPEN

Flooded Areas:
No Flooded Areas

Lahat ay pinapayuhang maging alerto at alisto.

For any EMERGENCY CALL:
161
646 2436 - 38
0928 559 3341 (smart)
0917 584 2168 (globe)","4",,"4","0","1482774107000","https://www.facebook.com/MarikinaRescue161/posts/pfbid02h8dfZdiW4AuvKbcQ6wT9BKbvR2duwzNnQij4pbcvGcHx9XmZNeKNd9S3pY1LEchZl"
"No photo description available.","1293167414078503","photo","https://www.facebook.com/photo/?fbid=1293167414078503&set=a.568031305370417",,,,,,,,,,,,,,,,,"100064906561202","Barangay Emergency Response Team - BERT","https://scontent-iad3-1.xx.fbcdn.net/v/t39.30808-1/536709966_1196451792528362_8502301834196563037_n.jpg?stp=cp0_dst-jpg_tt6&cstp=mx598x598&ctp=s40x40&_nc_cat=108&ccb=1-7&_nc_sid=2d3e12&_nc_ohc=xC0KdCe5gZIQ7kNvwHzDe0L&_nc_oc=Adp1ZeFPmgGeyVWAWfcd9-N8hLcRzkHQcHSpCKZyNAHuOW3ndPZtY8pEjdEjxRbOtoo&_nc_zt=24&_nc_ht=scontent-iad3-1.xx&_nc_gid=7a7vanxTuIzjI6CAukCFIg&_nc_ss=7c2a8&oh=00_AQB9zxRCkFLdukqjCFMnmlmI8f_kGNZJ789CjR9-w3HnEQ&oe=6A5FFF08","https://www.facebook.com/bert.marikina","0","1293167414078503","Philippines: Severe Tropical Storm Nock-ten (Nina) (23 Dec 2016)

Severe Tropical Storm Nock-ten (Nina) has maintained its strength with maximum sustained winds of 105 km/h near the centre and gusts of up to 130 km/h. The Philippine Atmospheric, Geophysical and Astronomical Services Administration (PAGASA) forecasts that STS Nock-ten will intensify as it traverses the Philippines Sea but will slightly weaken when it makes landfall over the province of Catanduanes in the afternoon or evening of 25 December and will continue to cross Southern Luzon, National Capital Region and Central Luzon. Authorities have warned possible landslides and floods especially in low-lying areas.

http://reliefweb.int/report/philippines/philippines-severe-tropical-storm-nock-ten-nina-23-dec-2016",,,"0","0","1482628599000","https://www.facebook.com/photo.php?fbid=1293167414078503&set=a.568031305370417&type=3"
"No photo description available.","1149649385132444","photo","https://www.facebook.com/photo/?fbid=1149649385132444&set=a.226680419493388",,,,,,,,,,,,,,,,,"100064542948515","Marikina City Rescue 161","https://scontent-iad3-1.xx.fbcdn.net/v/t39.30808-1/541379745_1210200924474661_5482984993472514193_n.jpg?stp=cp0_dst-jpg_tt6&cstp=mx1024x1024&ctp=s40x40&_nc_cat=104&ccb=1-7&_nc_sid=2d3e12&_nc_ohc=JyOFt-nYG3sQ7kNvwFoL6_l&_nc_oc=AdptbiyurnhilHwtOiiIWZiS_joIEU_WIwDCm-Oms-iowIVqp9mL6hNyk0HO6pKjRgY&_nc_zt=24&_nc_ht=scontent-iad3-1.xx&_nc_gid=7a7vanxTuIzjI6CAukCFIg&_nc_ss=7c2a8&oh=00_AQBTRHbcV_q5TB6mq6R0rKzWHWkfOzbyIPwC25m3R5bcmg&oe=6A601102","https://www.facebook.com/MarikinaRescue161","0","1149650171799032","ALISTO MARIKINA!
Kaligtasan niyo ang inuuna

As of 07:00pm 12/26/2016

No Tropical Cyclone Weather Signal

Water Level: 13.2m (Going Down)

Rainfall as of 07:00pm
Mt. Campana: 0mm
Mt. Boso-Boso: 0mm
Mt. Aris: 0mm
Mt. Oro: 0mm
Nangka: 0mm

Flood Gates Open: ALL 8 GATES OPEN

Flooded Areas:
No Flooded Areas

Lahat ay pinapayuhang maging alerto at alisto.

For any EMERGENCY CALL:
161
646 2436 - 38
0928 559 3341 (smart)
0917 584 2168 (globe)","4","1","5","0","1482750142000","https://www.facebook.com/MarikinaRescue161/posts/pfbid0TBH54tGuLfyq6hGBF7RvQRTWo8fxMQsYQ76xevWfjh9nvVDSazb7obqe9BP2ht2Cl"
"No photo description available.","1149243638506352","photo","https://www.facebook.com/photo/?fbid=1149243638506352&set=a.226680419493388",,,,,,,,,,,,,,,,,"100064542948515","Marikina City Rescue 161","https://scontent-iad3-1.xx.fbcdn.net/v/t39.30808-1/541379745_1210200924474661_5482984993472514193_n.jpg?stp=cp0_dst-jpg_tt6&cstp=mx1024x1024&ctp=s40x40&_nc_cat=104&ccb=1-7&_nc_sid=2d3e12&_nc_ohc=JyOFt-nYG3sQ7kNvwFoL6_l&_nc_oc=AdptbiyurnhilHwtOiiIWZiS_joIEU_WIwDCm-Oms-iowIVqp9mL6hNyk0HO6pKjRgY&_nc_zt=24&_nc_ht=scontent-iad3-1.xx&_nc_gid=7a7vanxTuIzjI6CAukCFIg&_nc_ss=7c2a8&oh=00_AQBTRHbcV_q5TB6mq6R0rKzWHWkfOzbyIPwC25m3R5bcmg&oe=6A601102","https://www.facebook.com/MarikinaRescue161","0","1149243881839661","As of 4:00 AM December 26, 2016

Monitoring for typhoon ""NINA""
TCWS # 2 Metro Manila

Water level : 12.3 meters

Rainfall level:
Mt. Boso - Boso: 0 mm
Mt. Aris: 1 mm
Mt. Campana: 1 mm
Mt. Oro: 0 mm
Nangka: 0 mm

Flood Gates open : NONE","5",,"5","0","1482696827000","https://www.facebook.com/MarikinaRescue161/posts/pfbid0CPYNX8ayvjxMDH88E4a1R2bSPCkzCoWjVhc4LT8mRBYsgUsVKLF13n5vrkjT3wdHl"
"No photo description available.","1149622181801831","photo","https://www.facebook.com/photo/?fbid=1149622181801831&set=a.226680419493388",,,,,,,,,,,,,,,,,"100064542948515","Marikina City Rescue 161","https://scontent-iad3-1.xx.fbcdn.net/v/t39.30808-1/541379745_1210200924474661_5482984993472514193_n.jpg?stp=cp0_dst-jpg_tt6&cstp=mx1024x1024&ctp=s40x40&_nc_cat=104&ccb=1-7&_nc_sid=2d3e12&_nc_ohc=JyOFt-nYG3sQ7kNvwFoL6_l&_nc_oc=AdptbiyurnhilHwtOiiIWZiS_joIEU_WIwDCm-Oms-iowIVqp9mL6hNyk0HO6pKjRgY&_nc_zt=24&_nc_ht=scontent-iad3-1.xx&_nc_gid=7a7vanxTuIzjI6CAukCFIg&_nc_ss=7c2a8&oh=00_AQBTRHbcV_q5TB6mq6R0rKzWHWkfOzbyIPwC25m3R5bcmg&oe=6A601102","https://www.facebook.com/MarikinaRescue161","0","1149622558468460","As of 06:00pm 12/26/2016

No Tropical Cyclone Weather Signal

Water Level: 13.4m (Going Stable)

Rainfall as of 06:00pm
Mt. Campana: 0mm
Mt. Boso-Boso: 0mm
Mt. Aris: 0mm
Mt. Oro: 0mm
Nangka: 0mm

Flood Gates Open: ALL 8 GATES OPEN

Flooded Areas:
No Flooded Areas

Lahat ay pinapayuhang maging alerto at alisto.

For any EMERGENCY CALL:
161
646 2436 - 38
0928 559 3341 (smart)
0917 584 2168 (globe)","1",,"1","0","1482746750000","https://www.facebook.com/MarikinaRescue161/posts/pfbid02JgJVcpW5FKL6AtDmvVzA65sRtJMtSSQxT6k2Vu99xDwbTKinb5DjmAAL4xHuHRJQl"
"No photo description available.","1371894419509823","photo","https://www.facebook.com/photo/?fbid=1371894419509823&set=a.225936672899424",,,,,,,,,,,,,,,,,"100064492788167","Brgy_IVC","https://scontent-iad6-1.xx.fbcdn.net/v/t39.30808-1/242750290_225936716232753_265194990462189148_n.jpg?stp=c6.0.309.309a_cp0_dst-jpg_tt6&cstp=mx309x309&ctp=s40x40&_nc_cat=102&ccb=1-7&_nc_sid=2d3e12&_nc_ohc=gonNUXLKIl0Q7kNvwETlPa3&_nc_oc=AdoaX8DaBTP4LC1k24eRlYuekdQPnDoBmz1bsyXmHNnfaEq0xkBhcnRjTfCeI5jLkAc&_nc_zt=24&_nc_ht=scontent-iad6-1.xx&_nc_gid=7a7vanxTuIzjI6CAukCFIg&_nc_ss=7c2a8&oh=00_AQAy0-KhjQIkn193E6oLEniUjsjjtWkrVRlgo-J4ZZmv0A&oe=6A5FFD3D","https://www.facebook.com/BrgyIVC","0","1371894419509823","Heavy Rainfall Warning No. 3 #NCR_PRSD
Weather System: Typhoon NINA
Issued at: 07:00 AM 26 December 2016

Yellow Warning Level: Batangas, Laguna & Quezon province
FLOODING in low lying areas.

•Meanwhile, light to moderate with occasional heavy rains is affecting Metro Manila, Bataan, Bulacan, Nueva Ecija, Pampanga, Tarlac, Zambales, Cavite and Rizal which may persist for 2-3 hours.

•These information are based on current radar trends, predicted tropical cyclone track and all available meteorological data.

•The public and the disaster risk reduction and management council concerned are advised to take appropriate actions, MONITOR the weather condition and watch for the next advisory to be issued at 10:00 AM Today",,,"0","0","1482707581000","https://www.facebook.com/photo.php?fbid=1371894419509823&set=a.225936672899424&type=3"
"No photo description available.","1149637211800328","photo","https://www.facebook.com/photo/?fbid=1149637211800328&set=a.226680419493388",,,,,,,,,,,,,,,,,"100064542948515","Marikina City Rescue 161","https://scontent-iad3-1.xx.fbcdn.net/v/t39.30808-1/541379745_1210200924474661_5482984993472514193_n.jpg?stp=cp0_dst-jpg_tt6&cstp=mx1024x1024&ctp=s40x40&_nc_cat=104&ccb=1-7&_nc_sid=2d3e12&_nc_ohc=JyOFt-nYG3sQ7kNvwFoL6_l&_nc_oc=AdptbiyurnhilHwtOiiIWZiS_joIEU_WIwDCm-Oms-iowIVqp9mL6hNyk0HO6pKjRgY&_nc_zt=24&_nc_ht=scontent-iad3-1.xx&_nc_gid=W7unNgBf1GzA3M4BjIBiyg&_nc_ss=7c2a8&oh=00_AQCR9ajX3IrLgR7sNCXZA_-_AIgcEeVA1OVH4NY3at3Uxw&oe=6A601102","https://www.facebook.com/MarikinaRescue161","0","1149637281800321","ALISTO MARIKINA!
Kaligtasan niyo ang inuuna

As of 06:30pm 12/26/2016

No Tropical Cyclone Weather Signal

Water Level: 13.3m (Going Down)

Rainfall as of 06:30pm
Mt. Campana: 0mm
Mt. Boso-Boso: 0mm
Mt. Aris: 0mm
Mt. Oro: 0mm
Nangka: 0mm

Flood Gates Open: ALL 8 GATES OPEN

Flooded Areas:
No Flooded Areas

Lahat ay pinapayuhang maging alerto at alisto.

For any EMERGENCY CALL:
161
646 2436 - 38
0928 559 3341 (smart)
0917 584 2168 (globe)","3",,"3","0","1482748612000","https://www.facebook.com/MarikinaRescue161/posts/pfbid02eBpzrfJz5vMSfzPFTPw13RhNph85gyo6pxDq2L4v27iwEKqFVwC8EYFGwYzs6bUyl"
"No photo description available.","1149821571781892","photo","https://www.facebook.com/photo/?fbid=1149821571781892&set=a.226680419493388",,,,,,,,,,,,,,,,,"100064542948515","Marikina City Rescue 161","https://scontent-iad3-1.xx.fbcdn.net/v/t39.30808-1/541379745_1210200924474661_5482984993472514193_n.jpg?stp=cp0_dst-jpg_tt6&cstp=mx1024x1024&ctp=s40x40&_nc_cat=104&ccb=1-7&_nc_sid=2d3e12&_nc_ohc=JyOFt-nYG3sQ7kNvwFoL6_l&_nc_oc=AdptbiyurnhilHwtOiiIWZiS_joIEU_WIwDCm-Oms-iowIVqp9mL6hNyk0HO6pKjRgY&_nc_zt=24&_nc_ht=scontent-iad3-1.xx&_nc_gid=W7unNgBf1GzA3M4BjIBiyg&_nc_ss=7c2a8&oh=00_AQCR9ajX3IrLgR7sNCXZA_-_AIgcEeVA1OVH4NY3at3Uxw&oe=6A601102","https://www.facebook.com/MarikinaRescue161","0","1149821668448549","ALISTO MARIKINA!

Kaligtasan niyo ang inuuna

As of 12:00am 12/27/2016

No Tropical Cyclone Weather Signal

Water Level: 12.6m (Going Down)

Rainfall as of 12:00am
Mt. Campana: 0mm
Mt. Boso-Boso: 0mm
Mt. Aris: 0mm
Mt. Oro: 0mm
Nangka: 0mm

Flood Gates Open: ALL 8 GATES OPEN

Flooded Areas:
No Flooded Areas

Lahat ay pinapayuhang maging alerto at alisto.

For any EMERGENCY CALL:
161
646 2436 - 38
0928 559 3341 (smart)
0917 584 2168 (globe)","1",,"1","0","1482768563000","https://www.facebook.com/MarikinaRescue161/posts/pfbid0b13ccyCUieJXuuRTmQ3jDyRh75TRvy66jfwgJZheWMxc1fYHyZkgwQwArzUNYDCcl"
,,,,,,,,,,,,,,,,,,,,"100064542948515","Marikina City Rescue 161","https://scontent-iad3-1.xx.fbcdn.net/v/t39.30808-1/541379745_1210200924474661_5482984993472514193_n.jpg?stp=cp0_dst-jpg_tt6&cstp=mx1024x1024&ctp=s40x40&_nc_cat=104&ccb=1-7&_nc_sid=2d3e12&_nc_ohc=JyOFt-nYG3sQ7kNvwFoL6_l&_nc_oc=AdptbiyurnhilHwtOiiIWZiS_joIEU_WIwDCm-Oms-iowIVqp9mL6hNyk0HO6pKjRgY&_nc_zt=24&_nc_ht=scontent-iad3-1.xx&_nc_gid=W7unNgBf1GzA3M4BjIBiyg&_nc_ss=7c2a8&oh=00_AQCR9ajX3IrLgR7sNCXZA_-_AIgcEeVA1OVH4NY3at3Uxw&oe=6A601102","https://www.facebook.com/MarikinaRescue161","0","1149439925153390","As of 10:58AM December 26, 2016
2 Flood Gates open","2",,"2","0","1482721220000","https://www.facebook.com/MarikinaRescue161/posts/pfbid035XaUeAXv5smn2roPAcW7jCER3XF4Gn6hQr7J5bFQuABhTiomDtQWRiCQQddFtUBQl"
,,,,,,,,,,,,,,,,,,,,"100064542948515","Marikina City Rescue 161","https://scontent-iad3-1.xx.fbcdn.net/v/t39.30808-1/541379745_1210200924474661_5482984993472514193_n.jpg?stp=cp0_dst-jpg_tt6&cstp=mx1024x1024&ctp=s40x40&_nc_cat=104&ccb=1-7&_nc_sid=2d3e12&_nc_ohc=JyOFt-nYG3sQ7kNvwFoL6_l&_nc_oc=AdptbiyurnhilHwtOiiIWZiS_joIEU_WIwDCm-Oms-iowIVqp9mL6hNyk0HO6pKjRgY&_nc_zt=24&_nc_ht=scontent-iad3-1.xx&_nc_gid=W7unNgBf1GzA3M4BjIBiyg&_nc_ss=7c2a8&oh=00_AQCR9ajX3IrLgR7sNCXZA_-_AIgcEeVA1OVH4NY3at3Uxw&oe=6A601102","https://www.facebook.com/MarikinaRescue161","0","1149518418478874","As of 2:00 PM December 26, 2016
Monitoring for typhoon ""NINA""
TCWS # 2 Metro Manila
Water level : 13.1 meters
Rainfall level:
Mt. Boso - Boso: 0 mm
Mt. Aris: 0 mm
Mt. Campana: 0 mm
Mt. Oro: 0 mm
Nangka: 0 mm
Flood Gates open : 8 gates","4",,"4","2","1482732136000","https://www.facebook.com/MarikinaRescue161/posts/pfbid021KpcFoE1ZHMTcBCVpDA3q8irnuw5yAhDeWUAZYudyGfuc4sV9jEUeHXYKgjchWX3l"
,,,,,,,,,,,,,,,,,,,,"100064542948515","Marikina City Rescue 161","https://scontent-iad3-1.xx.fbcdn.net/v/t39.30808-1/541379745_1210200924474661_5482984993472514193_n.jpg?stp=cp0_dst-jpg_tt6&cstp=mx1024x1024&ctp=s40x40&_nc_cat=104&ccb=1-7&_nc_sid=2d3e12&_nc_ohc=JyOFt-nYG3sQ7kNvwFoL6_l&_nc_oc=AdptbiyurnhilHwtOiiIWZiS_joIEU_WIwDCm-Oms-iowIVqp9mL6hNyk0HO6pKjRgY&_nc_zt=24&_nc_ht=scontent-iad3-1.xx&_nc_gid=W7unNgBf1GzA3M4BjIBiyg&_nc_ss=7c2a8&oh=00_AQCR9ajX3IrLgR7sNCXZA_-_AIgcEeVA1OVH4NY3at3Uxw&oe=6A601102","https://www.facebook.com/MarikinaRescue161","0","1149499775147405","As of 1:00 PM December 26, 2016
Monitoring for typhoon ""NINA""
TCWS # 2 Metro Manila
Water level : 13.1 meters
Rainfall level:
Mt. Boso - Boso: 0 mm
Mt. Aris: 0 mm
Mt. Campana: 0 mm
Mt. Oro: 0 mm
Nangka: 0 mm
Flood Gates open : 6 gates",,,"0","0","1482728934000","https://www.facebook.com/MarikinaRescue161/posts/pfbid0ee3HdkzAAfKnwzzfQTGV8sdA9p9ZFw947Ens4aQB3ChDfDrqqDXcjrHqJzy1jCvyl"
,,,,,,,,,,,,,,,,,,,,"100064542948515","Marikina City Rescue 161","https://scontent-iad3-1.xx.fbcdn.net/v/t39.30808-1/541379745_1210200924474661_5482984993472514193_n.jpg?stp=cp0_dst-jpg_tt6&cstp=mx1024x1024&ctp=s40x40&_nc_cat=104&ccb=1-7&_nc_sid=2d3e12&_nc_ohc=JyOFt-nYG3sQ7kNvwFoL6_l&_nc_oc=AdptbiyurnhilHwtOiiIWZiS_joIEU_WIwDCm-Oms-iowIVqp9mL6hNyk0HO6pKjRgY&_nc_zt=24&_nc_ht=scontent-iad3-1.xx&_nc_gid=W7unNgBf1GzA3M4BjIBiyg&_nc_ss=7c2a8&oh=00_AQCR9ajX3IrLgR7sNCXZA_-_AIgcEeVA1OVH4NY3at3Uxw&oe=6A601102","https://www.facebook.com/MarikinaRescue161","0","1149450315152351","As of 11:23 AM December 26, 2016
Monitoring for typhoon ""NINA""
TCWS # 2 Metro Manila
Water level : 13.1 meters
Rainfall level:
Mt. Boso - Boso:  2 mm
Mt. Aris: 2  mm
Mt. Campana: 3 mm
Mt. Oro: 7 mm
Nangka: 2 mm
Flood Gates open : 2 gates",,,"0","0","1482722624000","https://www.facebook.com/MarikinaRescue161/posts/pfbid034PwdaMwN8iTyMapi7esRbsfRjrJ1zr7vVoVMddNi3iT49m5tGodqLhKUGF1MsGLHl"
,,,,,,,,,,,,,,,,,,,,"100064542948515","Marikina City Rescue 161","https://scontent-iad3-1.xx.fbcdn.net/v/t39.30808-1/541379745_1210200924474661_5482984993472514193_n.jpg?stp=cp0_dst-jpg_tt6&cstp=mx1024x1024&ctp=s40x40&_nc_cat=104&ccb=1-7&_nc_sid=2d3e12&_nc_ohc=JyOFt-nYG3sQ7kNvwFoL6_l&_nc_oc=AdptbiyurnhilHwtOiiIWZiS_joIEU_WIwDCm-Oms-iowIVqp9mL6hNyk0HO6pKjRgY&_nc_zt=24&_nc_ht=scontent-iad3-1.xx&_nc_gid=P933PWgJKQDzOvmsdd0nOw&_nc_ss=7c2a8&oh=00_AQC_ItAiRE-yCpFPi3R_h7IVaVbC36XqohFejvMgrZALGA&oe=6A601102","https://www.facebook.com/MarikinaRescue161","0","1149383768492339","As of 9:00 AM December 26, 2016
Monitoring for typhoon ""NINA""
TCWS # 2 Metro Manila
Water level : 12.5 meters
Rainfall level:
Mt. Boso - Boso: 25 mm
Mt. Aris: 27 mm
Mt. Campana: 40 mm
Mt. Oro: 13 mm
Nangka: 30 mm
Flood Gates open : NONE","7",,"7","0","1482714359000","https://www.facebook.com/MarikinaRescue161/posts/pfbid026jukduUwPSq5v97RM6ocqDxjQU8122GyhfYoWzV7oCyuqrWzLVE5RUCKkfsNBkUml"
,,,,,,,,,,,,,,,,,,,,"100064542948515","Marikina City Rescue 161","https://scontent-iad3-1.xx.fbcdn.net/v/t39.30808-1/541379745_1210200924474661_5482984993472514193_n.jpg?stp=cp0_dst-jpg_tt6&cstp=mx1024x1024&ctp=s40x40&_nc_cat=104&ccb=1-7&_nc_sid=2d3e12&_nc_ohc=JyOFt-nYG3sQ7kNvwFoL6_l&_nc_oc=AdptbiyurnhilHwtOiiIWZiS_joIEU_WIwDCm-Oms-iowIVqp9mL6hNyk0HO6pKjRgY&_nc_zt=24&_nc_ht=scontent-iad3-1.xx&_nc_gid=P933PWgJKQDzOvmsdd0nOw&_nc_ss=7c2a8&oh=00_AQC_ItAiRE-yCpFPi3R_h7IVaVbC36XqohFejvMgrZALGA&oe=6A601102","https://www.facebook.com/MarikinaRescue161","0","1149414388489277","As of 10:00 AM December 26, 2016
Monitoring for typhoon ""NINA""
TCWS # 2 Metro Manila
Water level : 13 meters
Rainfall level:
Mt. Boso - Boso: 1 mm
Mt. Aris: 3 mm
Mt. Campana: 4 mm
Mt. Oro: 56 mm
Nangka: 9 mm
Flood Gates open : NONE","3",,"3","2","1482717891000","https://www.facebook.com/MarikinaRescue161/posts/pfbid0AgAHbwRAx3e9LdrH7foLVhtLjVJbpkGAuCHn4Fq3d8XptRisn6kjCyZvsiKtwEzpl"
,,,,,,,,,,,,,,,,,,,,"100064542948515","Marikina City Rescue 161","https://scontent-iad3-1.xx.fbcdn.net/v/t39.30808-1/541379745_1210200924474661_5482984993472514193_n.jpg?stp=cp0_dst-jpg_tt6&cstp=mx1024x1024&ctp=s40x40&_nc_cat=104&ccb=1-7&_nc_sid=2d3e12&_nc_ohc=JyOFt-nYG3sQ7kNvwFoL6_l&_nc_oc=AdptbiyurnhilHwtOiiIWZiS_joIEU_WIwDCm-Oms-iowIVqp9mL6hNyk0HO6pKjRgY&_nc_zt=24&_nc_ht=scontent-iad3-1.xx&_nc_gid=P933PWgJKQDzOvmsdd0nOw&_nc_ss=7c2a8&oh=00_AQC_ItAiRE-yCpFPi3R_h7IVaVbC36XqohFejvMgrZALGA&oe=6A601102","https://www.facebook.com/MarikinaRescue161","0","1149960445101338","ALISTO MARIKINA!

Kaligtasan niyo ang inuuna

As of 4:00am 12/27/2016
No Tropical Cyclone Weather Signal

Water Level: 12.4m (Going Down)

Rainfall as of 4:00am
Mt. Campana: 0mm
Mt. Boso-Boso: 0mm
Mt. Aris: 0mm
Mt. Oro: 0mm
Nangka: 0mm

Flood Gates Open: ALL 8 GATES OPEN

Flooded Areas:
No Flooded Areas

Lahat ay pinapayuhang maging alerto at alisto.

For any EMERGENCY CALL:
161
646 2436 - 38
0928 559 3341 (smart)
0917 584 2168 (globe)","2",,"2","0","1482782273000","https://www.facebook.com/MarikinaRescue161/posts/pfbid02P4sUwEnjHAEkhaTHmutWw1ZpzgXGvAehdxf8uhsueLJGzqxU1iBQJcoVZE1xCssNl"
,,,,,,,,,,,,,,,,,,,,"100064542948515","Marikina City Rescue 161","https://scontent-iad3-1.xx.fbcdn.net/v/t39.30808-1/541379745_1210200924474661_5482984993472514193_n.jpg?stp=cp0_dst-jpg_tt6&cstp=mx1024x1024&ctp=s40x40&_nc_cat=104&ccb=1-7&_nc_sid=2d3e12&_nc_ohc=JyOFt-nYG3sQ7kNvwFoL6_l&_nc_oc=AdptbiyurnhilHwtOiiIWZiS_joIEU_WIwDCm-Oms-iowIVqp9mL6hNyk0HO6pKjRgY&_nc_zt=24&_nc_ht=scontent-iad3-1.xx&_nc_gid=P933PWgJKQDzOvmsdd0nOw&_nc_ss=7c2a8&oh=00_AQC_ItAiRE-yCpFPi3R_h7IVaVbC36XqohFejvMgrZALGA&oe=6A601102","https://www.facebook.com/MarikinaRescue161","0","1149576955139687","As of 4:00 PM December 26, 2016
Monitoring for typhoon ""NINA""
TCWS # 2 Metro Manila
Water level : 13.4 meters
Rainfall level:
Mt. Boso - Boso: 0 mm
Mt. Aris: 0 mm
Mt. Campana: 1 mm
Mt. Oro: 0 mm
Nangka: 0 mm
Flood Gates open : 8 gates","3",,"3","0","1482740099000","https://www.facebook.com/MarikinaRescue161/posts/pfbid0mU32FQ1rbVdsLxo9fHyPbq9piKXjJ2PrZizFVMrsNNkhDqY679VAittWyZ4gbSP7l"
,,,,,,,,,,,,,,,,,,,,"100064542948515","Marikina City Rescue 161","https://scontent-iad3-1.xx.fbcdn.net/v/t39.30808-1/541379745_1210200924474661_5482984993472514193_n.jpg?stp=cp0_dst-jpg_tt6&cstp=mx1024x1024&ctp=s40x40&_nc_cat=104&ccb=1-7&_nc_sid=2d3e12&_nc_ohc=JyOFt-nYG3sQ7kNvwFoL6_l&_nc_oc=AdptbiyurnhilHwtOiiIWZiS_joIEU_WIwDCm-Oms-iowIVqp9mL6hNyk0HO6pKjRgY&_nc_zt=24&_nc_ht=scontent-iad3-1.xx&_nc_gid=P933PWgJKQDzOvmsdd0nOw&_nc_ss=7c2a8&oh=00_AQC_ItAiRE-yCpFPi3R_h7IVaVbC36XqohFejvMgrZALGA&oe=6A601102","https://www.facebook.com/MarikinaRescue161","0","1149550081809041","As of 3:00 PM December 26, 2016
Monitoring for typhoon ""NINA""
TCWS # 2 Metro Manila
Water level : 13.3 meters
Rainfall level:
Mt. Boso - Boso: 0 mm
Mt. Aris: 0 mm
Mt. Campana: 3 mm
Mt. Oro: 0 mm
Nangka: 0 mm
Flood Gates open : 8 gates","3",,"3","0","1482735776000","https://www.facebook.com/MarikinaRescue161/posts/pfbid0P7pYJhRhwGoE2oqtco2CL9t2ogaqZfjL7EFqfD6s3vRjsxs64yQ7rwk2sBHdiA6gl"
,,,,,,,,,,,,,,,,,,,,"100064542948515","Marikina City Rescue 161","https://scontent-iad3-1.xx.fbcdn.net/v/t39.30808-1/541379745_1210200924474661_5482984993472514193_n.jpg?stp=cp0_dst-jpg_tt6&cstp=mx1024x1024&ctp=s40x40&_nc_cat=104&ccb=1-7&_nc_sid=2d3e12&_nc_ohc=JyOFt-nYG3sQ7kNvwFoL6_l&_nc_oc=AdptbiyurnhilHwtOiiIWZiS_joIEU_WIwDCm-Oms-iowIVqp9mL6hNyk0HO6pKjRgY&_nc_zt=24&_nc_ht=scontent-iad3-1.xx&_nc_gid=P933PWgJKQDzOvmsdd0nOw&_nc_ss=7c2a8&oh=00_AQC_ItAiRE-yCpFPi3R_h7IVaVbC36XqohFejvMgrZALGA&oe=6A601102","https://www.facebook.com/MarikinaRescue161","0","1149334755163907","As of 7:00 AM December 26, 2016
Monitoring for typhoon ""NINA""
TCWS # 2 Metro Manila
Water level : 12.3 meters
Rainfall level:
Mt. Boso - Boso: 1 mm
Mt. Aris: 0 mm
Mt. Campana: 4 mm
Mt. Oro: 0 mm
Nangka: 0 mm
Flood Gates open : NONE","5",,"5","0","1482707971000","https://www.facebook.com/MarikinaRescue161/posts/pfbid0WH9UYgKiNF8qQtTwDwjUy4vuv7HEwsb8NEn5B6BUKsDB3hTNRuFhC2wENsAYA2Pbl"
,,,,,,,,,,,,,,,,,,,,"100064542948515","Marikina City Rescue 161","https://scontent-iad3-1.xx.fbcdn.net/v/t39.30808-1/541379745_1210200924474661_5482984993472514193_n.jpg?stp=cp0_dst-jpg_tt6&cstp=mx1024x1024&ctp=s40x40&_nc_cat=104&ccb=1-7&_nc_sid=2d3e12&_nc_ohc=JyOFt-nYG3sQ7kNvwFoL6_l&_nc_oc=AdptbiyurnhilHwtOiiIWZiS_joIEU_WIwDCm-Oms-iowIVqp9mL6hNyk0HO6pKjRgY&_nc_zt=24&_nc_ht=scontent-iad3-1.xx&_nc_gid=yZJyHYIlKG1e-AnzTuqN5w&_nc_ss=7c2a8&oh=00_AQDUm0LLyKyTGQT6iT1zblS75a3W2qRveDovkL1uUuhEFQ&oe=6A601102","https://www.facebook.com/MarikinaRescue161","0","1149440601819989","As of 1:00 AM December 26, 2016
Monitoring for typhoon ""NINA""
TCWS # 2 Metro Manila
Water level : 13 meters
Rainfall level:
Mt. Boso - Boso: 2 mm
Mt. Aris: 2 mm
Mt. Campana: 3 mm
Mt. Oro: 7 mm
Nangka: 2 mm
Flood Gates open : 2","2",,"2","0","1482721328000","https://www.facebook.com/MarikinaRescue161/posts/pfbid029D5sVbwUUeUjBvrdRNcTAE74ANFuDVhF3pYMC277d8zxohyAJuMC2JKx9NM9qHxzl"
,,,,,,,,,,,,,,,,,,,,"100064542948515","Marikina City Rescue 161","https://scontent-iad3-1.xx.fbcdn.net/v/t39.30808-1/541379745_1210200924474661_5482984993472514193_n.jpg?stp=cp0_dst-jpg_tt6&cstp=mx1024x1024&ctp=s40x40&_nc_cat=104&ccb=1-7&_nc_sid=2d3e12&_nc_ohc=JyOFt-nYG3sQ7kNvwFoL6_l&_nc_oc=AdptbiyurnhilHwtOiiIWZiS_joIEU_WIwDCm-Oms-iowIVqp9mL6hNyk0HO6pKjRgY&_nc_zt=24&_nc_ht=scontent-iad3-1.xx&_nc_gid=yZJyHYIlKG1e-AnzTuqN5w&_nc_ss=7c2a8&oh=00_AQDUm0LLyKyTGQT6iT1zblS75a3W2qRveDovkL1uUuhEFQ&oe=6A601102","https://www.facebook.com/MarikinaRescue161","0","1149391928491523","As of 9:00 AM December 26, 2016
Monitoring for typhoon ""NINA""
TCWS # 2 Metro Manila
Water level : 12.4 meters
Rainfall level:
Campana: 40
Boso Boso: 25
Aries: 27
Oro: 13
Nangka: 30
Flood Gates open : NONE","5",,"5","0","1482714738000","https://www.facebook.com/MarikinaRescue161/posts/pfbid0B7VnyisnVa7VSyy7ekA3Ak9snvHcafJwnHLg7WcSWYkmmV3Py2METsYZPZDdaZNfl"
,,,,,,,,,,,,,,,,,,,,"100064542948515","Marikina City Rescue 161","https://scontent-iad3-1.xx.fbcdn.net/v/t39.30808-1/541379745_1210200924474661_5482984993472514193_n.jpg?stp=cp0_dst-jpg_tt6&cstp=mx1024x1024&ctp=s40x40&_nc_cat=104&ccb=1-7&_nc_sid=2d3e12&_nc_ohc=JyOFt-nYG3sQ7kNvwFoL6_l&_nc_oc=AdptbiyurnhilHwtOiiIWZiS_joIEU_WIwDCm-Oms-iowIVqp9mL6hNyk0HO6pKjRgY&_nc_zt=24&_nc_ht=scontent-iad3-1.xx&_nc_gid=yZJyHYIlKG1e-AnzTuqN5w&_nc_ss=7c2a8&oh=00_AQDUm0LLyKyTGQT6iT1zblS75a3W2qRveDovkL1uUuhEFQ&oe=6A601102","https://www.facebook.com/MarikinaRescue161","0","1149353708495345","As of 8:00 AM December 26, 2016
Monitoring for typhoon ""NINA""
TCWS # 2 Metro Manila
Water level : 12.3 meters
Rainfall level:
Mt. Boso - Boso: 3 mm
Mt. Aris: 1 mm
Mt. Campana: 10 mm
Mt. Oro: 2 mm
Nangka: 1 mm
Flood Gates open : NONE","4",,"4","0","1482710673000","https://www.facebook.com/MarikinaRescue161/posts/pfbid0tBNRP9HW53fUAyy9PDh41eWCyhXnRGB5N1kmut19CS7gM2S9ZK9383kQGR8Eru2Xl"
,,,,,,,,,,,,,,,,,,,,"100064542948515","Marikina City Rescue 161","https://scontent-iad3-1.xx.fbcdn.net/v/t39.30808-1/541379745_1210200924474661_5482984993472514193_n.jpg?stp=cp0_dst-jpg_tt6&cstp=mx1024x1024&ctp=s40x40&_nc_cat=104&ccb=1-7&_nc_sid=2d3e12&_nc_ohc=JyOFt-nYG3sQ7kNvwFoL6_l&_nc_oc=AdptbiyurnhilHwtOiiIWZiS_joIEU_WIwDCm-Oms-iowIVqp9mL6hNyk0HO6pKjRgY&_nc_zt=24&_nc_ht=scontent-iad3-1.xx&_nc_gid=yZJyHYIlKG1e-AnzTuqN5w&_nc_ss=7c2a8&oh=00_AQDUm0LLyKyTGQT6iT1zblS75a3W2qRveDovkL1uUuhEFQ&oe=6A601102","https://www.facebook.com/MarikinaRescue161","0","1149472581816791","As of 12nn December 26, 2016
Monitoring for typhoon ""NINA""
TCWS # 2 Metro Manila
Water level : 13.2 meters
Rainfall level:
Mt. Boso - Boso: 0 mm
Mt. Aris: 0 mm
Mt. Campana: 0 mm
Mt. Oro: 0 mm
Nangka:  mm
Flood Gates open : 6 gates","2",,"2","0","1482725029000","https://www.facebook.com/MarikinaRescue161/posts/pfbid02sTehgW5S196dN5Tvh4A74vgy8Mz6xAK1SmKXFtZFPSNVF9PEvXT25jKFFYd2ZN4Ml"
