tweet_id,matched_city,matched_barangay,true_label,predicted_label,map_unit
fb_1004072015061947,Manila,,Mild,Mild,"(city-level, no barangay)"
fb_1011961237598453,Manila,Tondo,Mild,Mild,Tondo
fb_1013124943816665,Pasig,,Moderate,Mild,"(city-level, no barangay)"
fb_1013723049121205,Marikina,,Moderate,Severe,"(city-level, no barangay)"
fb_10151795616418940,Manila,,Moderate,Severe,"(city-level, no barangay)"
fb_10151822781068791,Manila,,Mild,Mild,"(city-level, no barangay)"
fb_10152466021898791,Manila,,Severe,Severe,"(city-level, no barangay)"
fb_10152488949908598,Marikina,,Moderate,Moderate,"(city-level, no barangay)"
fb_10152515460544055,Marikina,,Moderate,Mild,"(city-level, no barangay)"
fb_10152805459488968,Marikina,,Severe,Severe,"(city-level, no barangay)"
fb_10152886184332985,Manila,Intramuros,Mild,Mild,Intramuros
fb_10153184163943452,Pasig,,Moderate,Moderate,"(city-level, no barangay)"
fb_10153820991898968,Manila,,Severe,Severe,"(city-level, no barangay)"
fb_10153824903668968,Manila,,Moderate,Severe,"(city-level, no barangay)"
fb_10154645455310713,Marikina,,Severe,Moderate,"(city-level, no barangay)"
fb_10155727636474339,Manila,,Moderate,Moderate,"(city-level, no barangay)"
fb_10155847080079497,Manila,,Moderate,Moderate,"(city-level, no barangay)"
fb_10156039462762985,Manila,,Mild,Severe,"(city-level, no barangay)"
fb_10157979426587956,Marikina,Barangka,Severe,Severe,Barangka
fb_10158344437323791,Marikina,,Moderate,Severe,"(city-level, no barangay)"
fb_10158345880678791,Marikina,,Moderate,Severe,"(city-level, no barangay)"
fb_10158534562074453,Manila,,Mild,Moderate,"(city-level, no barangay)"
fb_10158589782518797,Manila,Tondo,Mild,Mild,Tondo
fb_10158602314461026,Marikina,,Severe,Severe,"(city-level, no barangay)"
fb_10158915002583245,Manila,,Moderate,Severe,"(city-level, no barangay)"
fb_10158974998135168,Manila,,Mild,Mild,"(city-level, no barangay)"
fb_10158977891020168,Marikina,,Mild,Severe,"(city-level, no barangay)"
fb_10158977928065168,Marikina,,Mild,Severe,"(city-level, no barangay)"
fb_10158977982485168,Marikina,,Moderate,Mild,"(city-level, no barangay)"
fb_10158978079690168,Marikina,,Mild,Severe,"(city-level, no barangay)"
fb_10158978080725168,Pasig,,Mild,Severe,"(city-level, no barangay)"
fb_10158979422005168,Manila,,Moderate,Mild,"(city-level, no barangay)"
fb_10158979484375168,Manila,,Moderate,Mild,"(city-level, no barangay)"
fb_10159444736726977,Marikina,,Severe,Severe,"(city-level, no barangay)"
fb_10159445079326977,Marikina,,Moderate,Severe,"(city-level, no barangay)"
fb_10159445135911977,Marikina,Tumana,Severe,Severe,Tumana
fb_10159445592726977,Pasig,,Moderate,Mild,"(city-level, no barangay)"
fb_10159648727345168,Manila,,Mild,Mild,"(city-level, no barangay)"
fb_10159651382440168,Manila,,Mild,Mild,"(city-level, no barangay)"
fb_10159659186652985,Manila,,Mild,Mild,"(city-level, no barangay)"
fb_10159659755382985,Manila,,Mild,Mild,"(city-level, no barangay)"
fb_10160236764326977,Manila,,Severe,Severe,"(city-level, no barangay)"
fb_10160634466576250,Manila,,Mild,Mild,"(city-level, no barangay)"
fb_10160650136000168,Manila,,Moderate,Severe,"(city-level, no barangay)"
fb_10160651651810168,Manila,,Mild,Mild,"(city-level, no barangay)"
fb_10160809728774453,Marikina,,Moderate,Severe,"(city-level, no barangay)"
fb_10160810215609453,Pasig,,Moderate,Moderate,"(city-level, no barangay)"
fb_10160810216514453,Pasig,,Moderate,Moderate,"(city-level, no barangay)"
fb_10160810476679453,Marikina,,Moderate,Severe,"(city-level, no barangay)"
fb_10160811104289453,Marikina,Tumana,Severe,Severe,Tumana
fb_10165158347810713,Marikina,Tumana,Mild,Severe,Tumana
fb_10167562851945713,Manila,,Severe,Severe,"(city-level, no barangay)"
fb_1018041639982318,Manila,,Mild,Mild,"(city-level, no barangay)"
fb_1019709437655388,Manila,,Mild,Mild,"(city-level, no barangay)"
fb_1019990864862091,Pasig,Santolan,Severe,Severe,Santolan
fb_10201681170109946,Manila,,Moderate,Mild,"(city-level, no barangay)"
fb_10203024276428111,Pasig,Santolan,Severe,Mild,Santolan
fb_10208337992965416,Marikina,,Severe,Mild,"(city-level, no barangay)"
fb_10217898125077507,Pasig,,Moderate,Moderate,"(city-level, no barangay)"
fb_10218801786609685,Manila,,Mild,Moderate,"(city-level, no barangay)"
fb_10223693160387095,Marikina,,Mild,Severe,"(city-level, no barangay)"
fb_1022463446554101,Pasig,,Moderate,Mild,"(city-level, no barangay)"
fb_10225409799733197,Marikina,,Moderate,Mild,"(city-level, no barangay)"
fb_10226426146026006,Marikina,Nangka,Mild,Severe,Nangka
fb_10228177093230548,Marikina,,Mild,Severe,"(city-level, no barangay)"
fb_10228447620796901,Manila,Sampaloc,Severe,Severe,Sampaloc
fb_10230585395528685,Pasig,,Severe,Moderate,"(city-level, no barangay)"
fb_1023484266097972,Pasig,,Moderate,Mild,"(city-level, no barangay)"
fb_1026117061259205,Marikina,Tumana,Mild,Mild,Tumana
fb_1027934698712196,Pasig,,Moderate,Mild,"(city-level, no barangay)"
fb_1031752353169027,Manila,,Severe,Severe,"(city-level, no barangay)"
fb_1032584066419189,Manila,,Severe,Severe,"(city-level, no barangay)"
fb_1033112659699663,Manila,San Nicolas,Severe,Severe,San Nicolas
fb_1035248844628875,Marikina,Tanong,Mild,Mild,Tanong
fb_1040830735293511,Marikina,Nangka,Moderate,Moderate,Nangka
fb_1042195405157044,Marikina,,Moderate,Moderate,"(city-level, no barangay)"
fb_1048265185206083,Manila,,Severe,Severe,"(city-level, no barangay)"
fb_1048344918531443,Manila,,Severe,Severe,"(city-level, no barangay)"
fb_1052579216868634,Manila,,Mild,Mild,"(city-level, no barangay)"
fb_105978348446831,Pasig,,Moderate,Moderate,"(city-level, no barangay)"
fb_1071447210214264,Marikina,,Mild,Mild,"(city-level, no barangay)"
fb_1080184654524757,Marikina,,Mild,Mild,"(city-level, no barangay)"
fb_1103643199648472,Manila,,Moderate,Severe,"(city-level, no barangay)"
fb_1106372003158373,Marikina,Tumana,Severe,Mild,Tumana
fb_110646954189499,Marikina,,Moderate,Severe,"(city-level, no barangay)"
fb_1117994051672544,Pasig,,Moderate,Moderate,"(city-level, no barangay)"
fb_1119652529517297,Manila,,Moderate,Mild,"(city-level, no barangay)"
fb_1145259672537824,Marikina,Nangka,Severe,Severe,Nangka
fb_1147110202105106,Pasig,,Severe,Severe,"(city-level, no barangay)"
fb_1149205095176873,Manila,,Mild,Moderate,"(city-level, no barangay)"
fb_1149243881839661,Manila,,Mild,Moderate,"(city-level, no barangay)"
fb_1149275635169819,Manila,,Mild,Moderate,"(city-level, no barangay)"
fb_1149334755163907,Manila,,Moderate,Moderate,"(city-level, no barangay)"
fb_1149353708495345,Manila,,Moderate,Moderate,"(city-level, no barangay)"
fb_1149383768492339,Manila,,Moderate,Moderate,"(city-level, no barangay)"
fb_1149391928491523,Manila,,Moderate,Moderate,"(city-level, no barangay)"
fb_1149414388489277,Manila,,Moderate,Moderate,"(city-level, no barangay)"
fb_1149440601819989,Manila,,Moderate,Moderate,"(city-level, no barangay)"
fb_1149450315152351,Manila,,Moderate,Moderate,"(city-level, no barangay)"
fb_1149472581816791,Manila,,Moderate,Moderate,"(city-level, no barangay)"
fb_1149499775147405,Manila,,Moderate,Moderate,"(city-level, no barangay)"
fb_1149518418478874,Manila,,Moderate,Moderate,"(city-level, no barangay)"
fb_1149550081809041,Manila,,Moderate,Moderate,"(city-level, no barangay)"
fb_1149576955139687,Manila,,Moderate,Moderate,"(city-level, no barangay)"
fb_1159777550842591,Manila,,Severe,Severe,"(city-level, no barangay)"
fb_1159864897500523,Manila,,Severe,Severe,"(city-level, no barangay)"
fb_1165366783613546,Manila,,Mild,Mild,"(city-level, no barangay)"
fb_1172573079458053,Manila,,Severe,Severe,"(city-level, no barangay)"
fb_1172637672784927,Manila,,Moderate,Severe,"(city-level, no barangay)"
fb_117955640556765,Manila,,Mild,Mild,"(city-level, no barangay)"
fb_1192784514143591,Manila,,Severe,Severe,"(city-level, no barangay)"
fb_121136593120054,Marikina,Concepcion Uno,Mild,Severe,Concepcion Uno
fb_1211486989852052,Marikina,,Moderate,Mild,"(city-level, no barangay)"
fb_1212039522550825,Manila,,Mild,Mild,"(city-level, no barangay)"
fb_1212075312547246,Marikina,Tanong,Moderate,Mild,Tanong
fb_122132987192069370,Pasig,Malinao,Moderate,Moderate,Malinao
fb_122136698888260225,Manila,,Mild,Mild,"(city-level, no barangay)"
fb_122154565532124425,Marikina,Nangka,Mild,Mild,Nangka
fb_122154573410124425,Marikina,Nangka,Mild,Mild,Nangka
fb_122158778744148359,Pasig,Maybunga,Severe,Moderate,Maybunga
fb_122161470644190684,Marikina,,Mild,Mild,"(city-level, no barangay)"
fb_122188800212031537,Pasig,,Moderate,Mild,"(city-level, no barangay)"
fb_122200739186765983,Manila,Malate,Moderate,Mild,Malate
fb_122233073984340,Pasig,,Severe,Severe,"(city-level, no barangay)"
fb_1257559455560795,Manila,,Mild,Mild,"(city-level, no barangay)"
fb_1257707521333465,Marikina,Tanong,Mild,Mild,Tanong
fb_1257770994660451,Manila,,Mild,Mild,"(city-level, no barangay)"
fb_125850266898271,Marikina,,Severe,Moderate,"(city-level, no barangay)"
fb_1272505099624725,Pasig,Caniogan,Severe,Mild,Caniogan
fb_1294205134312777,Marikina,,Moderate,Mild,"(city-level, no barangay)"
fb_1307687436701834,Marikina,Kalumpang,Moderate,Severe,Kalumpang
fb_130875923083016,Manila,Sampaloc,Severe,Severe,Sampaloc
fb_132234162892574,Marikina,Malanday,Severe,Severe,Malanday
fb_1328795391066784,Manila,,Moderate,Moderate,"(city-level, no barangay)"
fb_1330416345922091,Pasig,San Miguel,Moderate,Severe,San Miguel
fb_1335585825448348,Manila,,Severe,Severe,"(city-level, no barangay)"
fb_1344778899493926,Manila,Sampaloc,Mild,Mild,Sampaloc
fb_1359910556280494,Marikina,,Mild,Mild,"(city-level, no barangay)"
fb_1371894419509823,Manila,,Severe,Severe,"(city-level, no barangay)"
fb_1384822552083214,Pasig,Rosario,Moderate,Mild,Rosario
fb_1387597928010503,Marikina,,Moderate,Severe,"(city-level, no barangay)"
fb_1387810344673538,Pasig,,Moderate,Mild,"(city-level, no barangay)"
fb_1395334894747193,Marikina,Tanong,Mild,Mild,Tanong
fb_1402214368782039,Manila,,Severe,Severe,"(city-level, no barangay)"
fb_140832668697617,Marikina,Malanday,Mild,Mild,Malanday
fb_1412119372170088,Manila,,Severe,Severe,"(city-level, no barangay)"
fb_141905654743418,Pasig,Manggahan,Moderate,Mild,Manggahan
fb_1421734613096339,Manila,,Mild,Mild,"(city-level, no barangay)"
fb_1426385360742367,Pasig,Santolan,Moderate,Moderate,Santolan
fb_143070790849664,Pasig,San Miguel,Severe,Severe,San Miguel
fb_1430742593689787,Marikina,Nangka,Moderate,Severe,Nangka
fb_1430778350352878,Marikina,Nangka,Moderate,Severe,Nangka
fb_1430824807014899,Marikina,Nangka,Moderate,Severe,Nangka
fb_1430886300342083,Marikina,Nangka,Severe,Severe,Nangka
fb_1430928920337821,Marikina,Nangka,Severe,Severe,Nangka
fb_1430961503667896,Marikina,Nangka,Severe,Severe,Nangka
fb_1431011986996181,Marikina,Nangka,Severe,Severe,Nangka
fb_1431051623658884,Marikina,Nangka,Severe,Severe,Nangka
fb_1431091890321524,Marikina,Nangka,Severe,Severe,Nangka
fb_1431115086985871,Marikina,Nangka,Severe,Severe,Nangka
fb_1431163466981033,Marikina,Nangka,Severe,Severe,Nangka
fb_1431241273639919,Marikina,Nangka,Severe,Severe,Nangka
fb_1431292373634809,Marikina,Nangka,Severe,Severe,Nangka
fb_1431351810295532,Marikina,Nangka,Severe,Severe,Nangka
fb_1431410556956324,Marikina,Nangka,Severe,Severe,Nangka
fb_1431456720285041,Marikina,Nangka,Severe,Severe,Nangka
fb_1431503626947017,Marikina,Nangka,Severe,Severe,Nangka
fb_1431554273608619,Marikina,Nangka,Severe,Severe,Nangka
fb_1431595910271122,Marikina,Nangka,Severe,Severe,Nangka
fb_1431645010266212,Marikina,Nangka,Severe,Severe,Nangka
fb_1431691123594934,Marikina,Nangka,Moderate,Moderate,Nangka
fb_1431762933587753,Marikina,Nangka,Moderate,Moderate,Nangka
fb_1431795650251148,Marikina,Nangka,Moderate,Moderate,Nangka
fb_1431953627016628,Manila,,Severe,Severe,"(city-level, no barangay)"
fb_1431955760349748,Manila,,Severe,Moderate,"(city-level, no barangay)"
fb_1442113935836377,Manila,,Moderate,Moderate,"(city-level, no barangay)"
fb_1450889500397105,Manila,,Mild,Mild,"(city-level, no barangay)"
fb_1454335481354351,Manila,,Moderate,Moderate,"(city-level, no barangay)"
fb_1461272252693994,Pasig,,Mild,Mild,"(city-level, no barangay)"
fb_1465897206812486,Manila,,Mild,Mild,"(city-level, no barangay)"
fb_1466774437169944,Manila,,Mild,Mild,"(city-level, no barangay)"
fb_1468765206745461,Pasig,,Moderate,Moderate,"(city-level, no barangay)"
fb_1470691550257991,Manila,,Mild,Mild,"(city-level, no barangay)"
fb_1477296212918576,Marikina,Malanday,Mild,Mild,Malanday
fb_1477440909114479,Marikina,Tanong,Mild,Mild,Tanong
fb_1482365278698095,Marikina,,Mild,Mild,"(city-level, no barangay)"
fb_1488315651237969,Manila,,Moderate,Mild,"(city-level, no barangay)"
fb_1495645910683825,Manila,,Moderate,Mild,"(city-level, no barangay)"
fb_1500637923675422,Manila,Sampaloc,Severe,Severe,Sampaloc
fb_1500817240324157,Pasig,San Miguel,Severe,Severe,San Miguel
fb_150623248052831,Marikina,,Moderate,Moderate,"(city-level, no barangay)"
fb_1511117165943071,Marikina,,Mild,Mild,"(city-level, no barangay)"
fb_1512307365525194,Marikina,Tanong,Mild,Mild,Tanong
fb_1519169318143681,Manila,,Moderate,Moderate,"(city-level, no barangay)"
fb_152009409953251,Marikina,,Mild,Mild,"(city-level, no barangay)"
fb_152026019951590,Marikina,Barangka,Severe,Severe,Barangka
fb_1521962061207385,Manila,,Moderate,Moderate,"(city-level, no barangay)"
fb_1523133484487105,Manila,,Mild,Mild,"(city-level, no barangay)"
fb_152590396556284,Marikina,,Mild,Mild,"(city-level, no barangay)"
fb_1526196997442567,Manila,,Moderate,Moderate,"(city-level, no barangay)"
fb_1526773747361966,Manila,,Moderate,Moderate,"(city-level, no barangay)"
fb_1527381747506316,Manila,,Mild,Mild,"(city-level, no barangay)"
fb_1527418610835963,Marikina,Nangka,Moderate,Severe,Nangka
fb_1529214700474945,Pasig,Caniogan,Severe,Severe,Caniogan
fb_1541767475922646,Manila,,Mild,Mild,"(city-level, no barangay)"
fb_1556820058058542,Pasig,,Moderate,Moderate,"(city-level, no barangay)"
fb_156053922415286,Manila,,Moderate,Mild,"(city-level, no barangay)"
fb_1583945798294275,Manila,,Mild,Mild,"(city-level, no barangay)"
fb_1590869071450911,Pasig,,Moderate,Moderate,"(city-level, no barangay)"
fb_159703799561809,Marikina,,Severe,Severe,"(city-level, no barangay)"
fb_1604120083228189,Manila,,Moderate,Moderate,"(city-level, no barangay)"
fb_1606389442733045,Manila,,Moderate,Moderate,"(city-level, no barangay)"
fb_160758552386964,Marikina,,Mild,Mild,"(city-level, no barangay)"
fb_162110915558132,Marikina,,Severe,Severe,"(city-level, no barangay)"
fb_162782848831255,Pasig,San Miguel,Severe,Severe,San Miguel
fb_1657352286394524,Marikina,Tanong,Mild,Mild,Tanong
fb_1658737424193584,Manila,,Moderate,Severe,"(city-level, no barangay)"
fb_166860041355247,Manila,,Moderate,Moderate,"(city-level, no barangay)"
fb_167129167988236,Manila,,Moderate,Severe,"(city-level, no barangay)"
fb_167354301299056,Manila,,Moderate,Severe,"(city-level, no barangay)"
fb_1674341166301169,Marikina,,Mild,Mild,"(city-level, no barangay)"
fb_167856485003818,Manila,,Mild,Mild,"(city-level, no barangay)"
fb_1687874251223786,Manila,,Moderate,Moderate,"(city-level, no barangay)"
fb_1689689335126362,Marikina,Concepcion Dos,Mild,Mild,Concepcion Dos
fb_1698718343695602,Marikina,Tumana,Moderate,Severe,Tumana
fb_170382323169098,Manila,,Moderate,Moderate,"(city-level, no barangay)"
fb_170421267138121,Manila,Malate,Moderate,Mild,Malate
fb_171448420087488,Manila,,Moderate,Mild,"(city-level, no barangay)"
fb_171502546748742,Manila,,Mild,Mild,"(city-level, no barangay)"
fb_171505096748487,Manila,,Mild,Mild,"(city-level, no barangay)"
fb_1715729135134896,Manila,,Mild,Mild,"(city-level, no barangay)"
fb_1715729731801503,Manila,Pandacan,Mild,Mild,Pandacan
fb_1715732151801261,Manila,San Miguel,Mild,Mild,San Miguel
fb_1715734271801049,Manila,,Mild,Mild,"(city-level, no barangay)"
fb_1715741588466984,Manila,,Severe,Moderate,"(city-level, no barangay)"
fb_1715752421799234,Pasig,,Mild,Mild,"(city-level, no barangay)"
fb_1715791331795343,Pasig,,Severe,Severe,"(city-level, no barangay)"
fb_1715855435122266,Manila,Paco,Mild,Mild,Paco
fb_1724682271035171,Marikina,,Moderate,Mild,"(city-level, no barangay)"
fb_1726529294452165,Pasig,,Moderate,Moderate,"(city-level, no barangay)"
fb_1731780483663813,Marikina,,Moderate,Mild,"(city-level, no barangay)"
fb_1732267924681541,Marikina,Tanong,Mild,Mild,Tanong
fb_174178716062344,Manila,,Mild,Severe,"(city-level, no barangay)"
fb_1742648539443191,Marikina,,Mild,Mild,"(city-level, no barangay)"
fb_1751284145680745,Marikina,,Severe,Severe,"(city-level, no barangay)"
fb_175246678387428,Manila,Sampaloc,Severe,Severe,Sampaloc
fb_175688360488258,Manila,,Mild,Mild,"(city-level, no barangay)"
fb_1774888359595047,Pasig,,Moderate,Moderate,"(city-level, no barangay)"
fb_1780856392160094,Marikina,Tanong,Mild,Mild,Tanong
fb_178365657613484,Marikina,,Severe,Severe,"(city-level, no barangay)"
fb_1787940491266613,Manila,,Mild,Mild,"(city-level, no barangay)"
fb_1787953534598642,Manila,,Mild,Mild,"(city-level, no barangay)"
fb_1812462672135754,Pasig,,Moderate,Moderate,"(city-level, no barangay)"
fb_1812525415462813,Pasig,,Severe,Severe,"(city-level, no barangay)"
fb_1812637715451583,Pasig,,Moderate,Moderate,"(city-level, no barangay)"
fb_1814499085508455,Manila,,Moderate,Moderate,"(city-level, no barangay)"
fb_1814522875506076,Pasig,Santolan,Moderate,Moderate,Santolan
fb_181519813523803,Marikina,,Moderate,Severe,"(city-level, no barangay)"
fb_181530790189372,Marikina,,Moderate,Severe,"(city-level, no barangay)"
fb_181564856852632,Marikina,,Moderate,Severe,"(city-level, no barangay)"
fb_181580330184418,Marikina,,Moderate,Severe,"(city-level, no barangay)"
fb_1823504770999899,Manila,,Mild,Moderate,"(city-level, no barangay)"
fb_1825423194264643,Marikina,,Mild,Severe,"(city-level, no barangay)"
fb_184579640054714,Manila,,Moderate,Mild,"(city-level, no barangay)"
fb_1860673824029993,Marikina,Kalumpang,Severe,Severe,Kalumpang
fb_186378517248581,Pasig,Ugong,Severe,Severe,Ugong
fb_187627260430834,Marikina,,Moderate,Moderate,"(city-level, no barangay)"
fb_1877697488923406,Manila,,Moderate,Moderate,"(city-level, no barangay)"
fb_188355367103569,Marikina,Nangka,Mild,Mild,Nangka
fb_1889363011316891,Manila,,Moderate,Moderate,"(city-level, no barangay)"
fb_1889884647838253,Manila,,Mild,Mild,"(city-level, no barangay)"
fb_1893408604075632,Marikina,Tanong,Mild,Mild,Tanong
fb_189407163613206,Marikina,,Mild,Mild,"(city-level, no barangay)"
fb_189647169357563,Marikina,Tumana,Severe,Severe,Tumana
fb_1899579550058908,Manila,,Moderate,Mild,"(city-level, no barangay)"
fb_1899781240353272,Marikina,,Moderate,Mild,"(city-level, no barangay)"
fb_1899953550021508,Manila,,Moderate,Severe,"(city-level, no barangay)"
fb_1899955870021276,Marikina,,Moderate,Moderate,"(city-level, no barangay)"
fb_191310575930721,Manila,,Mild,Mild,"(city-level, no barangay)"
fb_1929190660797476,Pasig,,Moderate,Moderate,"(city-level, no barangay)"
fb_1937685373120906,Manila,,Moderate,Mild,"(city-level, no barangay)"
fb_1944257525844026,Manila,,Moderate,Moderate,"(city-level, no barangay)"
fb_1945141265638749,Manila,,Mild,Mild,"(city-level, no barangay)"
fb_1952217115443828,Pasig,,Severe,Moderate,"(city-level, no barangay)"
fb_195782742005268,Marikina,,Mild,Mild,"(city-level, no barangay)"
fb_195844605889036,Manila,,Mild,Mild,"(city-level, no barangay)"
fb_197270625329424,Pasig,,Moderate,Moderate,"(city-level, no barangay)"
fb_1974958309456017,Manila,,Moderate,Moderate,"(city-level, no barangay)"
fb_2006226446197693,Pasig,Malinao,Moderate,Mild,Malinao
fb_200999525646973,Marikina,,Moderate,Mild,"(city-level, no barangay)"
fb_201791588183739,Marikina,Malanday,Severe,Severe,Malanday
fb_2018162065142155,Manila,,Mild,Mild,"(city-level, no barangay)"
fb_2018340661652938,Manila,,Mild,Mild,"(city-level, no barangay)"
fb_2018916231595381,Marikina,,Mild,Mild,"(city-level, no barangay)"
fb_2018995868254084,Manila,,Mild,Moderate,"(city-level, no barangay)"
fb_2026546237574508,Pasig,,Moderate,Severe,"(city-level, no barangay)"
fb_204152647754435,Manila,Sampaloc,Severe,Severe,Sampaloc
fb_2048136188747634,Pasig,San Antonio,Moderate,Moderate,San Antonio
fb_2052719498218283,Marikina,,Mild,Mild,"(city-level, no barangay)"
fb_205968034244441,Marikina,,Mild,Mild,"(city-level, no barangay)"
fb_2063482410539333,Manila,,Moderate,Moderate,"(city-level, no barangay)"
fb_206813454716653,Pasig,Santolan,Mild,Mild,Santolan
fb_211233313695315,Marikina,,Mild,Mild,"(city-level, no barangay)"
fb_213619931017454,Marikina,,Mild,Mild,"(city-level, no barangay)"
fb_216981580307835,Marikina,,Severe,Severe,"(city-level, no barangay)"
fb_2179985872244636,Manila,,Mild,Mild,"(city-level, no barangay)"
fb_2182273468640409,Marikina,,Mild,Mild,"(city-level, no barangay)"
fb_2192463700935831,Pasig,,Moderate,Mild,"(city-level, no barangay)"
fb_2223493651526972,Manila,,Mild,Mild,"(city-level, no barangay)"
fb_223524337325170,Marikina,,Severe,Severe,"(city-level, no barangay)"
fb_223579777319626,Manila,,Severe,Severe,"(city-level, no barangay)"
fb_223643180646619,Manila,,Moderate,Moderate,"(city-level, no barangay)"
fb_223781833966087,Manila,,Moderate,Moderate,"(city-level, no barangay)"
fb_224821118984927,Marikina,,Severe,Severe,"(city-level, no barangay)"
fb_224958615895141,Marikina,,Mild,Severe,"(city-level, no barangay)"
fb_225069215620216,Marikina,,Moderate,Severe,"(city-level, no barangay)"
fb_2251338015095329,Manila,,Mild,Mild,"(city-level, no barangay)"
fb_227110179265717,Manila,,Mild,Mild,"(city-level, no barangay)"
fb_227116155462413,Marikina,Malanday,Severe,Severe,Malanday
fb_2273066242850117,Pasig,,Mild,Severe,"(city-level, no barangay)"
fb_2317989068335813,Marikina,,Mild,Moderate,"(city-level, no barangay)"
fb_2320506984769636,Manila,Santa Mesa,Mild,Mild,Santa Mesa
fb_2320615924758742,Manila,,Moderate,Moderate,"(city-level, no barangay)"
fb_2320616488092019,Manila,,Moderate,Mild,"(city-level, no barangay)"
fb_2321115154708819,Manila,,Mild,Mild,"(city-level, no barangay)"
fb_2341709979340144,Marikina,,Severe,Severe,"(city-level, no barangay)"
fb_2376928812499173,Marikina,,Severe,Severe,"(city-level, no barangay)"
fb_237909914838841,Manila,,Moderate,Severe,"(city-level, no barangay)"
fb_238657578097408,Marikina,,Moderate,Moderate,"(city-level, no barangay)"
fb_2388142564535935,Marikina,,Moderate,Moderate,"(city-level, no barangay)"
fb_2388177297865795,Marikina,,Moderate,Moderate,"(city-level, no barangay)"
fb_2388216477861877,Marikina,,Moderate,Moderate,"(city-level, no barangay)"
fb_2388227611194097,Marikina,,Moderate,Moderate,"(city-level, no barangay)"
fb_2388274627856062,Marikina,,Moderate,Moderate,"(city-level, no barangay)"
fb_2388356167847908,Marikina,,Moderate,Moderate,"(city-level, no barangay)"
fb_2392343490779939,Marikina,Malanday,Moderate,Moderate,Malanday
fb_2412823045795692,Manila,,Mild,Mild,"(city-level, no barangay)"
fb_2444165175740378,Marikina,,Mild,Mild,"(city-level, no barangay)"
fb_2506987806267811,Marikina,,Moderate,Moderate,"(city-level, no barangay)"
fb_2519190641697223,Manila,,Mild,Mild,"(city-level, no barangay)"
fb_2532725810223091,Pasig,,Moderate,Moderate,"(city-level, no barangay)"
fb_2543961558973132,Manila,,Moderate,Severe,"(city-level, no barangay)"
fb_254845967972375,Marikina,,Moderate,Mild,"(city-level, no barangay)"
fb_2561093007393434,Marikina,Tanong,Mild,Mild,Tanong
fb_26068470556130918,Pasig,Pinagbuhatan,Moderate,Mild,Pinagbuhatan
fb_2614791938618174,Marikina,Nangka,Moderate,Moderate,Nangka
fb_2618855618168559,Manila,,Mild,Moderate,"(city-level, no barangay)"
fb_2620322391699248,Manila,,Mild,Mild,"(city-level, no barangay)"
fb_2657171844522698,Manila,,Moderate,Moderate,"(city-level, no barangay)"
fb_2661325287346169,Manila,,Moderate,Moderate,"(city-level, no barangay)"
fb_2667790273299858,Marikina,,Severe,Severe,"(city-level, no barangay)"
fb_2685892408337748,Pasig,,Moderate,Moderate,"(city-level, no barangay)"
fb_2686620974726608,Manila,,Mild,Mild,"(city-level, no barangay)"
fb_2724959987801131,Manila,,Moderate,Severe,"(city-level, no barangay)"
fb_2739926532699409,Manila,,Severe,Severe,"(city-level, no barangay)"
fb_2740132796012116,Manila,,Severe,Severe,"(city-level, no barangay)"
fb_2753683448231971,Marikina,,Mild,Mild,"(city-level, no barangay)"
fb_27618696624417613,Manila,,Severe,Severe,"(city-level, no barangay)"
fb_2767403553315969,Manila,,Moderate,Moderate,"(city-level, no barangay)"
fb_281399975679202,Manila,,Mild,Mild,"(city-level, no barangay)"
fb_282300021978913,Marikina,,Moderate,Severe,"(city-level, no barangay)"
fb_2884326071729749,Manila,,Mild,Mild,"(city-level, no barangay)"
fb_2890331851018049,Pasig,,Moderate,Moderate,"(city-level, no barangay)"
fb_290471974490647,Manila,,Moderate,Moderate,"(city-level, no barangay)"
fb_2909177652732258,Manila,Sampaloc,Mild,Mild,Sampaloc
fb_2912264179032999,Marikina,Tanong,Mild,Mild,Tanong
fb_2949771952005247,Manila,,Moderate,Mild,"(city-level, no barangay)"
fb_2950412515253752,Marikina,,Mild,Mild,"(city-level, no barangay)"
fb_296999660491305,Marikina,,Mild,Mild,"(city-level, no barangay)"
fb_297778343739051,Marikina,,Severe,Moderate,"(city-level, no barangay)"
fb_299457650172578,Manila,,Severe,Mild,"(city-level, no barangay)"
fb_2996506047300079,Marikina,,Severe,Severe,"(city-level, no barangay)"
fb_3002090806697465,Marikina,Barangka,Mild,Severe,Barangka
fb_305533657989943,Pasig,,Moderate,Moderate,"(city-level, no barangay)"
fb_305577681318874,Manila,,Moderate,Mild,"(city-level, no barangay)"
fb_311720029322309,Manila,,Mild,Mild,"(city-level, no barangay)"
fb_315209807046344,Manila,,Mild,Mild,"(city-level, no barangay)"
fb_315451150355543,Manila,,Mild,Mild,"(city-level, no barangay)"
fb_319588687090635,Manila,,Moderate,Mild,"(city-level, no barangay)"
fb_322102072978058,Manila,,Mild,Mild,"(city-level, no barangay)"
fb_3237832069855517,Pasig,,Moderate,Moderate,"(city-level, no barangay)"
fb_3240325196280527,Manila,,Moderate,Moderate,"(city-level, no barangay)"
fb_3247847695512355,Marikina,,Moderate,Moderate,"(city-level, no barangay)"
fb_3247851105512014,Marikina,,Moderate,Moderate,"(city-level, no barangay)"
fb_3265647823690008,Marikina,,Mild,Mild,"(city-level, no barangay)"
fb_331876587379371,Marikina,,Moderate,Mild,"(city-level, no barangay)"
fb_3353931374927563,Marikina,,Moderate,Mild,"(city-level, no barangay)"
fb_338246597953128,Manila,,Mild,Mild,"(city-level, no barangay)"
fb_338574647743516,Pasig,,Moderate,Moderate,"(city-level, no barangay)"
fb_3390899437667492,Pasig,Santolan,Severe,Severe,Santolan
fb_3392288607724729,Marikina,,Mild,Mild,"(city-level, no barangay)"
fb_3392288681058055,Marikina,,Mild,Mild,"(city-level, no barangay)"
fb_3392705674160126,Manila,Sampaloc,Severe,Severe,Sampaloc
fb_3422561111194387,Manila,Sampaloc,Severe,Severe,Sampaloc
fb_3430496880424354,Manila,,Mild,Mild,"(city-level, no barangay)"
fb_3435671969857747,Marikina,Malanday,Severe,Severe,Malanday
fb_3436431696448441,Pasig,,Moderate,Severe,"(city-level, no barangay)"
fb_3446391765454261,Marikina,Tumana,Moderate,Severe,Tumana
fb_3448094935272922,Marikina,,Moderate,Moderate,"(city-level, no barangay)"
fb_347220263679551,Pasig,,Moderate,Moderate,"(city-level, no barangay)"
fb_3476118835838834,Marikina,Tumana,Mild,Severe,Tumana
fb_348450020237690,Manila,Malate,Mild,Mild,Malate
fb_3493934170700996,Marikina,,Severe,Severe,"(city-level, no barangay)"
fb_349830073306374,Pasig,,Mild,Mild,"(city-level, no barangay)"
fb_3513538655400245,Marikina,,Moderate,Mild,"(city-level, no barangay)"
fb_352795098208683,Manila,,Mild,Mild,"(city-level, no barangay)"
fb_3532742350299872,Pasig,,Moderate,Moderate,"(city-level, no barangay)"
fb_3542633535783925,Manila,Sampaloc,Severe,Severe,Sampaloc
fb_3542741162439829,Manila,Sampaloc,Severe,Severe,Sampaloc
fb_3542951739085438,Manila,Sampaloc,Severe,Severe,Sampaloc
fb_3545062408915986,Manila,,Severe,Severe,"(city-level, no barangay)"
fb_3546058545483039,Manila,,Severe,Severe,"(city-level, no barangay)"
fb_3553816751345428,Marikina,,Mild,Severe,"(city-level, no barangay)"
fb_3563324083714163,Marikina,,Mild,Severe,"(city-level, no barangay)"
fb_3585206758204892,Marikina,,Moderate,Severe,"(city-level, no barangay)"
fb_3595102494095114,Pasig,,Moderate,Moderate,"(city-level, no barangay)"
fb_360024115288489,Marikina,Malanday,Mild,Mild,Malanday
fb_361081430712211,Marikina,,Severe,Moderate,"(city-level, no barangay)"
fb_361179750702379,Marikina,Tumana,Moderate,Severe,Tumana
fb_361183094035378,Manila,,Mild,Mild,"(city-level, no barangay)"
fb_3616762815045748,Marikina,,Moderate,Severe,"(city-level, no barangay)"
fb_3634018403286931,Marikina,,Mild,Mild,"(city-level, no barangay)"
fb_363978680059854,Pasig,Rosario,Moderate,Mild,Rosario
fb_363980840059638,Pasig,Rosario,Moderate,Moderate,Rosario
fb_3649735935336725,Marikina,Tanong,Moderate,Mild,Tanong
fb_3653564848020279,Manila,,Mild,Mild,"(city-level, no barangay)"
fb_3674897779215524,Manila,,Mild,Mild,"(city-level, no barangay)"
fb_3677770642261571,Pasig,Santolan,Moderate,Moderate,Santolan
fb_3688579981164441,Marikina,,Severe,Severe,"(city-level, no barangay)"
fb_3699043766824729,Marikina,,Mild,Mild,"(city-level, no barangay)"
fb_375168162636397,Marikina,,Mild,Moderate,"(city-level, no barangay)"
fb_375181672635046,Marikina,,Moderate,Severe,"(city-level, no barangay)"
fb_3758156551074625,Pasig,,Moderate,Moderate,"(city-level, no barangay)"
fb_377334658724612,Marikina,,Mild,Mild,"(city-level, no barangay)"
fb_3803693689663401,Marikina,,Mild,Mild,"(city-level, no barangay)"
fb_3807554309277653,Marikina,,Mild,Mild,"(city-level, no barangay)"
fb_3849738805076784,Manila,,Mild,Mild,"(city-level, no barangay)"
fb_387177649085555,Manila,Sampaloc,Severe,Severe,Sampaloc
fb_3890900934263176,Marikina,Barangka,Mild,Severe,Barangka
fb_3891148764238393,Marikina,,Moderate,Severe,"(city-level, no barangay)"
fb_3897517033607309,Manila,,Severe,Severe,"(city-level, no barangay)"
fb_391631060916458,Manila,,Moderate,Severe,"(city-level, no barangay)"
fb_393966486243578,Manila,,Severe,Mild,"(city-level, no barangay)"
fb_395686312753909,Marikina,,Mild,Severe,"(city-level, no barangay)"
fb_396814080396805,Marikina,,Severe,Severe,"(city-level, no barangay)"
fb_397156530438542,Manila,,Moderate,Mild,"(city-level, no barangay)"
fb_397300065908780,Manila,Sampaloc,Severe,Severe,Sampaloc
fb_397411405897646,Manila,Sampaloc,Severe,Severe,Sampaloc
fb_3989129321196947,Pasig,,Moderate,Moderate,"(city-level, no barangay)"
fb_4067555356626463,Pasig,,Moderate,Moderate,"(city-level, no barangay)"
fb_4069441273182814,Pasig,,Moderate,Moderate,"(city-level, no barangay)"
fb_408511584789161,Manila,Sampaloc,Severe,Severe,Sampaloc
fb_408605151425981,Pasig,Bambang,Severe,Severe,Bambang
fb_408673324772987,Manila,Sampaloc,Severe,Severe,Sampaloc
fb_408729984767321,Manila,Sampaloc,Severe,Severe,Sampaloc
fb_4102422406521779,Manila,,Moderate,Moderate,"(city-level, no barangay)"
fb_411446654510035,Manila,,Severe,Severe,"(city-level, no barangay)"
fb_4139764486116982,Marikina,,Severe,Moderate,"(city-level, no barangay)"
fb_4146718422011665,Marikina,,Mild,Severe,"(city-level, no barangay)"
fb_4146738058676368,Pasig,Santolan,Moderate,Moderate,Santolan
fb_4146744122009095,Marikina,,Moderate,Severe,"(city-level, no barangay)"
fb_4146951685321672,Pasig,Santolan,Severe,Moderate,Santolan
fb_4146959751987532,Pasig,,Severe,Moderate,"(city-level, no barangay)"
fb_4146984588651715,Marikina,,Moderate,Severe,"(city-level, no barangay)"
fb_416599691796795,Pasig,,Severe,Severe,"(city-level, no barangay)"
fb_418211277116364,Marikina,Tumana,Mild,Mild,Tumana
fb_4191738807507056,Marikina,,Moderate,Severe,"(city-level, no barangay)"
fb_421949090127631,Marikina,,Moderate,Mild,"(city-level, no barangay)"
fb_422358374530361,Manila,,Mild,Severe,"(city-level, no barangay)"
fb_423431049933956,Manila,,Severe,Severe,"(city-level, no barangay)"
fb_4248597155175492,Manila,,Mild,Mild,"(city-level, no barangay)"
fb_425377756430578,Manila,,Mild,Mild,"(city-level, no barangay)"
fb_4321268031270754,Manila,,Moderate,Severe,"(city-level, no barangay)"
fb_434216795555948,Pasig,,Moderate,Moderate,"(city-level, no barangay)"
fb_434374738873487,Manila,,Severe,Severe,"(city-level, no barangay)"
fb_434568472187447,Marikina,Nangka,Mild,Moderate,Nangka
fb_4350768114984014,Manila,,Mild,Mild,"(city-level, no barangay)"
fb_4353348138220166,Manila,,Mild,Mild,"(city-level, no barangay)"
fb_4389275507777744,Manila,,Moderate,Severe,"(city-level, no barangay)"
fb_4390467710991857,Marikina,,Moderate,Moderate,"(city-level, no barangay)"
fb_4390824264289535,Pasig,,Moderate,Moderate,"(city-level, no barangay)"
fb_4392079477497347,Pasig,Santolan,Mild,Mild,Santolan
fb_4392378077467487,Manila,,Moderate,Severe,"(city-level, no barangay)"
fb_4393457524047224,Manila,,Mild,Mild,"(city-level, no barangay)"
fb_4463760350321859,Manila,,Moderate,Mild,"(city-level, no barangay)"
fb_4478808845503878,Marikina,,Mild,Moderate,"(city-level, no barangay)"
fb_449483861291942,Pasig,Bagong Ilog,Moderate,Mild,Bagong Ilog
fb_450839473802432,Pasig,,Moderate,Severe,"(city-level, no barangay)"
fb_4522378601382385,Marikina,,Mild,Mild,"(city-level, no barangay)"
fb_453793034139318,Pasig,Maybunga,Moderate,Mild,Maybunga
fb_455054624026689,Manila,,Mild,Mild,"(city-level, no barangay)"
fb_455121157498819,Manila,,Severe,Severe,"(city-level, no barangay)"
fb_455241197486815,Manila,Sampaloc,Severe,Severe,Sampaloc
fb_455319060812362,Manila,Sampaloc,Severe,Severe,Sampaloc
fb_455397714137830,Manila,Sampaloc,Severe,Severe,Sampaloc
fb_455473164130285,Manila,Sampaloc,Severe,Severe,Sampaloc
fb_455612470678298,Marikina,,Moderate,Mild,"(city-level, no barangay)"
fb_458149916348565,Manila,Sampaloc,Severe,Severe,Sampaloc
fb_458501302977695,Pasig,Santolan,Severe,Severe,Santolan
fb_459065010346641,Marikina,Tumana,Mild,Mild,Tumana
fb_460841482751000,Manila,Sampaloc,Severe,Severe,Sampaloc
fb_463536719126675,Pasig,,Moderate,Moderate,"(city-level, no barangay)"
fb_464741253561472,Manila,,Mild,Severe,"(city-level, no barangay)"
fb_466072552203649,Manila,,Moderate,Mild,"(city-level, no barangay)"
fb_466845859576878,Marikina,,Moderate,Mild,"(city-level, no barangay)"
fb_470486802402998,Marikina,Concepcion Uno,Mild,Moderate,Concepcion Uno
fb_472271096147417,Manila,,Severe,Severe,"(city-level, no barangay)"
fb_473147431517754,Manila,Sampaloc,Severe,Severe,Sampaloc
fb_473865436618373,Manila,Sampaloc,Mild,Mild,Sampaloc
fb_475063641941160,Manila,,Mild,Mild,"(city-level, no barangay)"
fb_475986907878214,Manila,Sampaloc,Severe,Severe,Sampaloc
fb_476187937858111,Manila,Sampaloc,Severe,Severe,Sampaloc
fb_4783511028376196,Manila,,Moderate,Moderate,"(city-level, no barangay)"
fb_478457851584176,Marikina,,Severe,Severe,"(city-level, no barangay)"
fb_481471961194780,Pasig,,Moderate,Mild,"(city-level, no barangay)"
fb_482189727844461,Marikina,,Moderate,Moderate,"(city-level, no barangay)"
fb_483026697277938,Manila,,Mild,Mild,"(city-level, no barangay)"
fb_484278522070910,Manila,,Mild,Mild,"(city-level, no barangay)"
fb_484459367029708,Pasig,Dela Paz,Moderate,Mild,Dela Paz
fb_485206976973794,Pasig,Maybunga,Severe,Severe,Maybunga
fb_486034574010963,Marikina,,Mild,Mild,"(city-level, no barangay)"
fb_487970310017602,Manila,,Moderate,Severe,"(city-level, no barangay)"
fb_4894194467264053,Marikina,Concepcion Dos,Moderate,Moderate,Concepcion Dos
fb_493975932737399,Pasig,,Severe,Severe,"(city-level, no barangay)"
fb_494578466409197,Manila,,Mild,Severe,"(city-level, no barangay)"
fb_494641869736190,Manila,,Mild,Mild,"(city-level, no barangay)"
fb_496323485834586,Manila,,Mild,Mild,"(city-level, no barangay)"
fb_498104533555071,Manila,,Severe,Severe,"(city-level, no barangay)"
fb_498532850178459,Manila,,Mild,Severe,"(city-level, no barangay)"
fb_501382886549626,Manila,,Moderate,Severe,"(city-level, no barangay)"
fb_502421555032344,Marikina,Tumana,Severe,Moderate,Tumana
fb_505369631596467,Marikina,Concepcion Uno,Mild,Mild,Concepcion Uno
fb_505547804922124,Manila,Sampaloc,Severe,Severe,Sampaloc
fb_507313828488196,Pasig,,Severe,Severe,"(city-level, no barangay)"
fb_508098731743062,Marikina,Marikina Heights,Moderate,Mild,Marikina Heights
fb_508389711857642,Marikina,,Mild,Mild,"(city-level, no barangay)"
fb_517650990367328,Marikina,,Mild,Mild,"(city-level, no barangay)"
fb_517714927579455,Manila,,Mild,Mild,"(city-level, no barangay)"
fb_518494500291347,Manila,,Severe,Severe,"(city-level, no barangay)"
fb_524289003066851,Manila,,Severe,Severe,"(city-level, no barangay)"
fb_5269745659801967,Pasig,,Moderate,Moderate,"(city-level, no barangay)"
fb_5269801266463073,Pasig,,Moderate,Moderate,"(city-level, no barangay)"
fb_5270002173109649,Pasig,,Moderate,Moderate,"(city-level, no barangay)"
fb_5270037439772789,Pasig,,Moderate,Moderate,"(city-level, no barangay)"
fb_5270163906426809,Pasig,,Moderate,Moderate,"(city-level, no barangay)"
fb_5270548206388379,Pasig,,Moderate,Moderate,"(city-level, no barangay)"
fb_5270818553028011,Pasig,,Moderate,Moderate,"(city-level, no barangay)"
fb_5271102139666319,Pasig,,Moderate,Moderate,"(city-level, no barangay)"
fb_5271515832958283,Pasig,,Moderate,Moderate,"(city-level, no barangay)"
fb_528292858727818,Manila,Tondo,Moderate,Mild,Tondo
fb_536843874176260,Marikina,,Mild,Mild,"(city-level, no barangay)"
fb_538319393295482,Manila,,Mild,Mild,"(city-level, no barangay)"
fb_550331767102730,Marikina,,Moderate,Mild,"(city-level, no barangay)"
fb_550870420373988,Marikina,,Mild,Mild,"(city-level, no barangay)"
fb_5564081480346729,Marikina,,Moderate,Severe,"(city-level, no barangay)"
fb_556947754451237,Marikina,Nangka,Mild,Mild,Nangka
fb_558072527679292,Marikina,,Moderate,Moderate,"(city-level, no barangay)"
fb_5585440244836567,Manila,Sampaloc,Severe,Severe,Sampaloc
fb_5585663694814222,Manila,Sampaloc,Severe,Severe,Sampaloc
fb_565449321498739,Marikina,Nangka,Moderate,Mild,Nangka
fb_5686926578021266,Manila,Sampaloc,Severe,Severe,Sampaloc
fb_582385622517053,Marikina,,Mild,Severe,"(city-level, no barangay)"
fb_587478003174364,Marikina,,Mild,Severe,"(city-level, no barangay)"
fb_6035223059938604,Manila,,Mild,Mild,"(city-level, no barangay)"
fb_604265768162612,Marikina,,Moderate,Moderate,"(city-level, no barangay)"
fb_604363441296024,Manila,Sampaloc,Severe,Severe,Sampaloc
fb_606254436150761,Marikina,,Mild,Mild,"(city-level, no barangay)"
fb_606443896131815,Manila,,Severe,Severe,"(city-level, no barangay)"
fb_606534422789429,Manila,,Mild,Moderate,"(city-level, no barangay)"
fb_608585029202452,Manila,,Severe,Severe,"(city-level, no barangay)"
fb_611895484457577,Manila,,Mild,Mild,"(city-level, no barangay)"
fb_614239053831592,Marikina,,Moderate,Moderate,"(city-level, no barangay)"
fb_6153128918037154,Marikina,Malanday,Mild,Mild,Malanday
fb_616076201788351,Manila,,Severe,Severe,"(city-level, no barangay)"
fb_619040319787900,Manila,,Mild,Mild,"(city-level, no barangay)"
fb_621742731202882,Pasig,,Severe,Severe,"(city-level, no barangay)"
fb_6222292111136521,Pasig,,Moderate,Mild,"(city-level, no barangay)"
fb_622283207812871,Manila,,Severe,Severe,"(city-level, no barangay)"
fb_622440104463848,Manila,San Miguel,Severe,Severe,San Miguel
fb_625529802398933,Marikina,,Mild,Mild,"(city-level, no barangay)"
fb_629430882859606,Marikina,,Mild,Mild,"(city-level, no barangay)"
fb_6365397826907172,Pasig,,Moderate,Moderate,"(city-level, no barangay)"
fb_641682702541912,Pasig,,Severe,Severe,"(city-level, no barangay)"
fb_643640327123572,Manila,Sampaloc,Severe,Severe,Sampaloc
fb_646203643703407,Marikina,Tumana,Moderate,Mild,Tumana
fb_650217088425113,Manila,,Mild,Mild,"(city-level, no barangay)"
fb_6537762916270957,Marikina,,Severe,Severe,"(city-level, no barangay)"
fb_6538504196196829,Manila,,Moderate,Moderate,"(city-level, no barangay)"
fb_6539264669454115,Manila,,Moderate,Moderate,"(city-level, no barangay)"
fb_654966751834680,Marikina,,Mild,Severe,"(city-level, no barangay)"
fb_656072594435391,Manila,,Severe,Severe,"(city-level, no barangay)"
fb_659513994155481,Pasig,,Mild,Moderate,"(city-level, no barangay)"
fb_659583974148483,Marikina,,Mild,Mild,"(city-level, no barangay)"
fb_660205139484279,Manila,,Mild,Mild,"(city-level, no barangay)"
fb_665072415654184,Marikina,,Severe,Severe,"(city-level, no barangay)"
fb_665170468977712,Manila,,Moderate,Moderate,"(city-level, no barangay)"
fb_665314518963307,Manila,,Moderate,Moderate,"(city-level, no barangay)"
fb_666550826709331,Pasig,,Moderate,Moderate,"(city-level, no barangay)"
fb_669772433066871,Manila,,Severe,Severe,"(city-level, no barangay)"
fb_672082799492817,Manila,,Severe,Severe,"(city-level, no barangay)"
fb_674532458048297,Manila,,Mild,Mild,"(city-level, no barangay)"
fb_675667405787591,Manila,,Severe,Severe,"(city-level, no barangay)"
fb_675684979119167,Manila,,Severe,Severe,"(city-level, no barangay)"
fb_676136439097065,Manila,,Severe,Severe,"(city-level, no barangay)"
fb_677569815667041,Marikina,,Mild,Mild,"(city-level, no barangay)"
fb_677599022330787,Manila,,Mild,Mild,"(city-level, no barangay)"
fb_678692812529603,Pasig,,Moderate,Mild,"(city-level, no barangay)"
fb_678811754273725,Marikina,,Severe,Severe,"(city-level, no barangay)"
fb_679021668874412,Manila,,Severe,Severe,"(city-level, no barangay)"
fb_681852083986452,Marikina,,Moderate,Severe,"(city-level, no barangay)"
fb_681939170648009,Manila,,Moderate,Mild,"(city-level, no barangay)"
fb_682537207254872,Marikina,,Moderate,Mild,"(city-level, no barangay)"
fb_682656556016299,Manila,Binondo,Moderate,Severe,Binondo
fb_682969391722938,Pasig,,Moderate,Moderate,"(city-level, no barangay)"
fb_686751676824656,Marikina,Nangka,Moderate,Moderate,Nangka
fb_686761826823641,Marikina,Nangka,Moderate,Moderate,Nangka
fb_686766306823193,Marikina,Nangka,Moderate,Moderate,Nangka
fb_687470687997850,Manila,,Mild,Mild,"(city-level, no barangay)"
fb_688939491201546,Manila,,Mild,Moderate,"(city-level, no barangay)"
fb_689134099920384,Pasig,Santolan,Mild,Mild,Santolan
fb_693268174660879,Manila,,Moderate,Severe,"(city-level, no barangay)"
fb_693683760687435,Manila,,Mild,Mild,"(city-level, no barangay)"
fb_694201859390050,Manila,,Severe,Severe,"(city-level, no barangay)"
fb_694624486014454,Manila,,Moderate,Severe,"(city-level, no barangay)"
fb_696512744056781,Marikina,,Mild,Moderate,"(city-level, no barangay)"
fb_696518844056171,Marikina,Malanday,Mild,Moderate,Malanday
fb_696592735839888,Marikina,,Severe,Severe,"(city-level, no barangay)"
fb_696656929166802,Manila,,Severe,Severe,"(city-level, no barangay)"
fb_697134152452413,Manila,,Moderate,Severe,"(city-level, no barangay)"
fb_698640290148767,Manila,,Severe,Mild,"(city-level, no barangay)"
fb_701812675088540,Manila,,Mild,Mild,"(city-level, no barangay)"
fb_7021756871168263,Marikina,Marikina Heights,Mild,Mild,Marikina Heights
fb_7021756874501596,Marikina,,Moderate,Mild,"(city-level, no barangay)"
fb_7021764974500786,Marikina,,Severe,Severe,"(city-level, no barangay)"
fb_7021765461167404,Marikina,,Mild,Mild,"(city-level, no barangay)"
fb_702306029862554,Manila,Intramuros,Moderate,Mild,Intramuros
fb_702347049858452,Marikina,Tumana,Mild,Mild,Tumana
fb_702395016520322,Manila,,Mild,Mild,"(city-level, no barangay)"
fb_709402492477297,Manila,,Moderate,Mild,"(city-level, no barangay)"
fb_713844259221822,Marikina,,Mild,Mild,"(city-level, no barangay)"
fb_718390864876279,Manila,Tondo,Moderate,Moderate,Tondo
fb_720373621345942,Manila,,Mild,Mild,"(city-level, no barangay)"
fb_720438104672827,Marikina,,Mild,Moderate,"(city-level, no barangay)"
fb_720592161324088,Pasig,,Moderate,Moderate,"(city-level, no barangay)"
fb_720697701313534,Pasig,,Moderate,Moderate,"(city-level, no barangay)"
fb_724303417703306,Pasig,Santolan,Severe,Severe,Santolan
fb_724613817552601,Manila,,Severe,Severe,"(city-level, no barangay)"
fb_728242983872687,Manila,,Severe,Severe,"(city-level, no barangay)"
fb_728243223872663,Manila,,Severe,Severe,"(city-level, no barangay)"
fb_728244210539231,Manila,,Severe,Severe,"(city-level, no barangay)"
fb_7385721651510232,Manila,,Mild,Mild,"(city-level, no barangay)"
fb_746654225406133,Marikina,,Severe,Severe,"(city-level, no barangay)"
fb_747808851923610,Marikina,,Severe,Severe,"(city-level, no barangay)"
fb_749909721875172,Manila,,Moderate,Moderate,"(city-level, no barangay)"
fb_753337914750270,Manila,Tondo,Mild,Mild,Tondo
fb_757098158106490,Manila,,Mild,Mild,"(city-level, no barangay)"
fb_765292400176825,Manila,,Mild,Moderate,"(city-level, no barangay)"
fb_768172166554781,Manila,,Mild,Mild,"(city-level, no barangay)"
fb_768188553219809,Manila,,Mild,Mild,"(city-level, no barangay)"
fb_768198823218782,Manila,,Mild,Mild,"(city-level, no barangay)"
fb_768450779860253,Manila,,Mild,Mild,"(city-level, no barangay)"
fb_769772689730559,Manila,,Mild,Mild,"(city-level, no barangay)"
fb_770428849684454,Manila,,Mild,Mild,"(city-level, no barangay)"
fb_770491239678215,Manila,Sampaloc,Moderate,Moderate,Sampaloc
fb_770498263010846,Manila,Tondo,Mild,Moderate,Tondo
fb_770503189677020,Marikina,Nangka,Moderate,Moderate,Nangka
fb_777888135993239,Marikina,Kalumpang,Mild,Moderate,Kalumpang
fb_782279838482523,Manila,,Severe,Severe,"(city-level, no barangay)"
fb_788165505209495,Manila,,Severe,Severe,"(city-level, no barangay)"
fb_788417400172005,Pasig,,Severe,Severe,"(city-level, no barangay)"
fb_7890181061078176,Manila,,Moderate,Mild,"(city-level, no barangay)"
fb_789910959972635,Manila,,Moderate,Moderate,"(city-level, no barangay)"
fb_790182819945449,Manila,,Moderate,Moderate,"(city-level, no barangay)"
fb_790340543263010,Pasig,Maybunga,Moderate,Moderate,Maybunga
fb_7912929028763891,Marikina,,Moderate,Mild,"(city-level, no barangay)"
fb_798720240307297,Manila,,Moderate,Mild,"(city-level, no barangay)"
fb_800292182260909,Marikina,,Mild,Mild,"(city-level, no barangay)"
fb_803086298636395,Manila,,Mild,Mild,"(city-level, no barangay)"
fb_804557355097307,Pasig,Malinao,Moderate,Moderate,Malinao
fb_807358152618763,Marikina,Kalumpang,Moderate,Severe,Kalumpang
fb_807396642636906,Marikina,,Moderate,Mild,"(city-level, no barangay)"
fb_808871564710855,Marikina,,Severe,Severe,"(city-level, no barangay)"
fb_812115196161725,Manila,San Andres,Moderate,Moderate,San Andres
fb_812547438856479,Manila,,Mild,Moderate,"(city-level, no barangay)"
fb_812729186100326,Manila,,Severe,Severe,"(city-level, no barangay)"
fb_813015401035275,Pasig,Ugong,Moderate,Severe,Ugong
fb_815663075936088,Marikina,,Mild,Mild,"(city-level, no barangay)"
fb_816588115169695,Pasig,,Moderate,Moderate,"(city-level, no barangay)"
fb_817351201624422,Marikina,,Mild,Moderate,"(city-level, no barangay)"
fb_8267138243337059,Pasig,,Moderate,Mild,"(city-level, no barangay)"
fb_827478311000868,Manila,,Moderate,Severe,"(city-level, no barangay)"
fb_829346498020305,Marikina,,Mild,Mild,"(city-level, no barangay)"
fb_830170718894938,Pasig,Malinao,Mild,Mild,Malinao
fb_830820993627216,Marikina,,Severe,Severe,"(city-level, no barangay)"
fb_831849092381483,Manila,,Mild,Mild,"(city-level, no barangay)"
fb_8343914502327734,Marikina,Tumana,Mild,Moderate,Tumana
fb_840293439348369,Manila,,Mild,Mild,"(city-level, no barangay)"
fb_845246268989825,Manila,,Moderate,Moderate,"(city-level, no barangay)"
fb_848749248492837,Manila,,Mild,Mild,"(city-level, no barangay)"
fb_851027568250217,Manila,Sampaloc,Moderate,Severe,Sampaloc
fb_854203734610601,Marikina,,Moderate,Mild,"(city-level, no barangay)"
fb_856671348437915,Manila,,Mild,Mild,"(city-level, no barangay)"
fb_858091950954857,Marikina,Nangka,Moderate,Moderate,Nangka
fb_858094394287946,Marikina,Nangka,Moderate,Moderate,Nangka
fb_858100880953964,Marikina,Nangka,Moderate,Moderate,Nangka
fb_858103650953687,Marikina,Nangka,Moderate,Moderate,Nangka
fb_858106214286764,Marikina,Nangka,Moderate,Moderate,Nangka
fb_858113507619368,Marikina,Nangka,Moderate,Moderate,Nangka
fb_858116754285710,Marikina,Nangka,Moderate,Moderate,Nangka
fb_858125514284834,Marikina,Nangka,Moderate,Moderate,Nangka
fb_858126924284693,Marikina,Nangka,Moderate,Moderate,Nangka
fb_858129387617780,Marikina,Nangka,Moderate,Moderate,Nangka
fb_858140190950033,Marikina,Nangka,Moderate,Moderate,Nangka
fb_858144377616281,Marikina,Nangka,Moderate,Moderate,Nangka
fb_858149604282425,Marikina,Nangka,Moderate,Moderate,Nangka
fb_858599447570774,Marikina,Nangka,Moderate,Moderate,Nangka
fb_858606977570021,Marikina,Nangka,Moderate,Moderate,Nangka
fb_864527859041790,Marikina,,Moderate,Severe,"(city-level, no barangay)"
fb_864986906847437,Pasig,,Moderate,Moderate,"(city-level, no barangay)"
fb_865087660170695,Pasig,,Moderate,Moderate,"(city-level, no barangay)"
fb_865257493487045,Pasig,,Moderate,Moderate,"(city-level, no barangay)"
fb_865259276820200,Pasig,,Moderate,Moderate,"(city-level, no barangay)"
fb_865262603486534,Pasig,,Moderate,Moderate,"(city-level, no barangay)"
fb_865265923486202,Pasig,,Moderate,Moderate,"(city-level, no barangay)"
fb_865272446818883,Pasig,,Moderate,Moderate,"(city-level, no barangay)"
fb_866262466731252,Marikina,,Mild,Mild,"(city-level, no barangay)"
fb_8689950291022353,Marikina,,Moderate,Severe,"(city-level, no barangay)"
fb_871736993655748,Marikina,,Moderate,Severe,"(city-level, no barangay)"
fb_872879924885618,Manila,Quiapo,Mild,Mild,Quiapo
fb_876402345803009,Manila,,Severe,Severe,"(city-level, no barangay)"
fb_882657605206191,Manila,,Mild,Moderate,"(city-level, no barangay)"
fb_882739401864678,Manila,,Severe,Severe,"(city-level, no barangay)"
fb_883203641818254,Manila,,Severe,Severe,"(city-level, no barangay)"
fb_885423623634093,Manila,,Mild,Mild,"(city-level, no barangay)"
fb_887082853438371,Marikina,,Mild,Mild,"(city-level, no barangay)"
fb_887806766722428,Manila,,Mild,Severe,"(city-level, no barangay)"
fb_888240617996287,Manila,,Severe,Severe,"(city-level, no barangay)"
fb_889422026545689,Manila,,Mild,Mild,"(city-level, no barangay)"
fb_892972607418103,Manila,,Moderate,Mild,"(city-level, no barangay)"
fb_893525532820418,Marikina,Concepcion Uno,Mild,Mild,Concepcion Uno
fb_8938193626205971,Manila,,Severe,Moderate,"(city-level, no barangay)"
fb_894706170607664,Marikina,,Moderate,Moderate,"(city-level, no barangay)"
fb_894707077274240,Marikina,,Moderate,Moderate,"(city-level, no barangay)"
fb_896133975890690,Manila,,Mild,Mild,"(city-level, no barangay)"
fb_896958632474891,Marikina,,Mild,Mild,"(city-level, no barangay)"
fb_897681025717751,Manila,Sampaloc,Moderate,Mild,Sampaloc
fb_899902704084794,Marikina,,Moderate,Severe,"(city-level, no barangay)"
fb_902109868600462,Pasig,,Severe,Mild,"(city-level, no barangay)"
fb_904656531699177,Manila,,Severe,Severe,"(city-level, no barangay)"
fb_906308581550528,Manila,,Moderate,Moderate,"(city-level, no barangay)"
fb_909082657925550,Manila,,Mild,Mild,"(city-level, no barangay)"
fb_909109017923972,Manila,,Mild,Mild,"(city-level, no barangay)"
fb_909688134532727,Manila,,Mild,Mild,"(city-level, no barangay)"
fb_910361715819724,Pasig,,Moderate,Mild,"(city-level, no barangay)"
fb_911861728842110,Manila,Santa Mesa,Mild,Mild,Santa Mesa
fb_912805104194567,Marikina,,Severe,Severe,"(city-level, no barangay)"
fb_913426994154514,Manila,,Severe,Severe,"(city-level, no barangay)"
fb_913607850803095,Manila,,Severe,Severe,"(city-level, no barangay)"
fb_913654914131722,Manila,,Moderate,Moderate,"(city-level, no barangay)"
fb_913729014129161,Manila,,Mild,Mild,"(city-level, no barangay)"
fb_916812638332308,Manila,,Mild,Mild,"(city-level, no barangay)"
fb_916849901661915,Manila,Tondo,Mild,Moderate,Tondo
fb_916887294991509,Marikina,Nangka,Moderate,Moderate,Nangka
fb_917298893772566,Manila,,Moderate,Mild,"(city-level, no barangay)"
fb_921991031187957,Pasig,Ugong,Severe,Mild,Ugong
fb_923157023189289,Manila,,Moderate,Mild,"(city-level, no barangay)"
fb_923357959835862,Manila,,Moderate,Severe,"(city-level, no barangay)"
fb_925321576309766,Manila,,Severe,Severe,"(city-level, no barangay)"
fb_925397842968806,Manila,,Severe,Severe,"(city-level, no barangay)"
fb_925511556290768,Manila,,Severe,Severe,"(city-level, no barangay)"
fb_926105892898001,Marikina,,Mild,Mild,"(city-level, no barangay)"
fb_928082662667877,Marikina,,Severe,Moderate,"(city-level, no barangay)"
fb_928797149274802,Pasig,,Severe,Severe,"(city-level, no barangay)"
fb_928876219266895,Manila,,Mild,Mild,"(city-level, no barangay)"
fb_929884579155109,Marikina,,Moderate,Severe,"(city-level, no barangay)"
fb_929964389170093,Manila,,Mild,Mild,"(city-level, no barangay)"
fb_933999528742336,Manila,,Mild,Mild,"(city-level, no barangay)"
fb_940681838073866,Pasig,,Moderate,Mild,"(city-level, no barangay)"
fb_963313891068073,Pasig,Caniogan,Mild,Mild,Caniogan
fb_969236330586429,Marikina,,Mild,Mild,"(city-level, no barangay)"
fb_974222112603202,Manila,Tondo,Mild,Mild,Tondo
fb_976455884490972,Marikina,,Moderate,Moderate,"(city-level, no barangay)"
fb_981406188667251,Marikina,,Moderate,Moderate,"(city-level, no barangay)"
fb_983608473772473,Pasig,Maybunga,Moderate,Moderate,Maybunga
fb_986773281366510,Manila,,Mild,Mild,"(city-level, no barangay)"
fb_986820464695125,Manila,,Mild,Mild,"(city-level, no barangay)"
fb_990221413106508,Marikina,Tanong,Mild,Mild,Tanong
fb_994265211058048,Pasig,,Moderate,Moderate,"(city-level, no barangay)"
fb_995177264335267,Marikina,,Mild,Severe,"(city-level, no barangay)"
fb_995184892240054,Marikina,,Mild,Mild,"(city-level, no barangay)"
fb_997031314036088,Marikina,,Moderate,Severe,"(city-level, no barangay)"
fb_998571708586809,Pasig,,Severe,Severe,"(city-level, no barangay)"
fb_999689570515732,Manila,,Mild,Mild,"(city-level, no barangay)"
tw_1011491188078096384,Manila,,Mild,Mild,"(city-level, no barangay)"
tw_1011510152057352192,Manila,,Mild,Mild,"(city-level, no barangay)"
tw_1011561115090706432,Manila,,Moderate,Mild,"(city-level, no barangay)"
tw_1011564855298383872,Manila,,Moderate,Moderate,"(city-level, no barangay)"
tw_1011587357751926785,Pasig,Pineda,Mild,Mild,Pineda
tw_1011591211688198144,Manila,,Moderate,Moderate,"(city-level, no barangay)"
tw_1011927533166714882,Manila,,Moderate,Mild,"(city-level, no barangay)"
tw_1042761729996840960,Manila,,Mild,Mild,"(city-level, no barangay)"
tw_1044852953100750849,Manila,,Mild,Mild,"(city-level, no barangay)"
tw_1077125476521517056,Manila,,Moderate,Mild,"(city-level, no barangay)"
tw_1079257723219243008,Manila,,Moderate,Moderate,"(city-level, no barangay)"
tw_1079389952050311169,Manila,,Moderate,Mild,"(city-level, no barangay)"
tw_1079396000056242177,Pasig,,Severe,Mild,"(city-level, no barangay)"
tw_1107928900389105665,Marikina,,Moderate,Severe,"(city-level, no barangay)"
tw_1145347764873621504,Manila,,Mild,Mild,"(city-level, no barangay)"
tw_1145427161798418432,Manila,,Mild,Mild,"(city-level, no barangay)"
tw_1145427841686704128,Manila,,Moderate,Mild,"(city-level, no barangay)"
tw_1145456616210198529,Manila,,Mild,Mild,"(city-level, no barangay)"
tw_1145473994826502144,Manila,,Moderate,Moderate,"(city-level, no barangay)"
tw_1145474946627338240,Manila,,Mild,Mild,"(city-level, no barangay)"
tw_1145476025305821184,Manila,,Mild,Mild,"(city-level, no barangay)"
tw_1145484492003368960,Manila,,Moderate,Mild,"(city-level, no barangay)"
tw_1145496556306485248,Manila,,Mild,Mild,"(city-level, no barangay)"
tw_1145498904168808449,Manila,,Mild,Mild,"(city-level, no barangay)"
tw_1145506573957025792,Pasig,,Mild,Mild,"(city-level, no barangay)"
tw_1145509446283489281,Manila,,Mild,Moderate,"(city-level, no barangay)"
tw_1145531633270792192,Manila,,Mild,Mild,"(city-level, no barangay)"
tw_1175052022774525952,Manila,,Mild,Moderate,"(city-level, no barangay)"
tw_1175089437035773953,Manila,,Mild,Severe,"(city-level, no barangay)"
tw_1176478793671704576,Manila,,Severe,Mild,"(city-level, no barangay)"
tw_1176498485593460736,Pasig,,Severe,Moderate,"(city-level, no barangay)"
tw_1176722196716085250,Manila,,Severe,Moderate,"(city-level, no barangay)"
tw_1176746680445620224,Manila,,Moderate,Mild,"(city-level, no barangay)"
tw_1177149572243525634,Marikina,,Severe,Mild,"(city-level, no barangay)"
tw_1177180840809263106,Manila,,Mild,Mild,"(city-level, no barangay)"
tw_1177183794362642433,Manila,,Mild,Mild,"(city-level, no barangay)"
tw_1177196397914779648,Manila,,Severe,Moderate,"(city-level, no barangay)"
tw_1177735415719059456,Marikina,,Severe,Moderate,"(city-level, no barangay)"
tw_118553353641922560,Manila,,Moderate,Moderate,"(city-level, no barangay)"
tw_118599231924740096,Manila,,Moderate,Mild,"(city-level, no barangay)"
tw_118599304070967296,Manila,,Moderate,Mild,"(city-level, no barangay)"
tw_118600367914221568,Manila,,Moderate,Mild,"(city-level, no barangay)"
tw_118607545555369984,Marikina,Tumana,Mild,Moderate,Tumana
tw_118679125081853952,Manila,,Moderate,Mild,"(city-level, no barangay)"
tw_118707043061342208,Manila,,Moderate,Moderate,"(city-level, no barangay)"
tw_118717080567685120,Marikina,,Moderate,Moderate,"(city-level, no barangay)"
tw_118831622169694208,Marikina,,Moderate,Moderate,"(city-level, no barangay)"
tw_118854550244433920,Manila,,Mild,Mild,"(city-level, no barangay)"
tw_118980785897357312,Manila,,Severe,Moderate,"(city-level, no barangay)"
tw_1203571839701700610,Manila,,Moderate,Moderate,"(city-level, no barangay)"
tw_1209829667202453504,Manila,,Mild,Mild,"(city-level, no barangay)"
tw_1209831423231713281,Manila,,Mild,Severe,"(city-level, no barangay)"
tw_1209832448281870336,Manila,,Mild,Severe,"(city-level, no barangay)"
tw_1238063516877123584,Marikina,,Moderate,Severe,"(city-level, no barangay)"
tw_1271735560860610560,Manila,,Mild,Mild,"(city-level, no barangay)"
tw_1275022938278785026,Manila,,Mild,Mild,"(city-level, no barangay)"
tw_1276187268533768192,Manila,,Moderate,Mild,"(city-level, no barangay)"
tw_1308743493142028288,Manila,Sampaloc,Mild,Mild,Sampaloc
tw_1309073530563293190,Manila,,Mild,Mild,"(city-level, no barangay)"
tw_1309647863467536384,Marikina,,Moderate,Moderate,"(city-level, no barangay)"
tw_1309676018056138753,Pasig,Kapasigan,Severe,Severe,Kapasigan
tw_1309748826958258176,Manila,,Severe,Moderate,"(city-level, no barangay)"
tw_1309774216850415617,Marikina,,Severe,Severe,"(city-level, no barangay)"
tw_1309784569114050561,Manila,Ermita,Moderate,Mild,Ermita
tw_1309785883785060353,Marikina,,Severe,Severe,"(city-level, no barangay)"
tw_1309811168471441409,Marikina,,Severe,Severe,"(city-level, no barangay)"
tw_1309837803165855745,Marikina,,Moderate,Moderate,"(city-level, no barangay)"
tw_1310103770185887745,Pasig,,Severe,Moderate,"(city-level, no barangay)"
tw_1310202292495290368,Manila,,Moderate,Moderate,"(city-level, no barangay)"
tw_1310212060848877568,Manila,,Moderate,Severe,"(city-level, no barangay)"
tw_1319984146157096961,Manila,,Severe,Severe,"(city-level, no barangay)"
tw_1322751225285267456,Manila,,Severe,Severe,"(city-level, no barangay)"
tw_1322841098285322240,Manila,,Severe,Severe,"(city-level, no barangay)"
tw_1323149502010675201,Manila,Tondo,Severe,Severe,Tondo
tw_1323174831173632000,Manila,Tondo,Severe,Severe,Tondo
tw_1323189476298928128,Manila,Tondo,Severe,Severe,Tondo
tw_1326423228391288834,Pasig,,Mild,Severe,"(city-level, no barangay)"
tw_1326660781140668416,Pasig,,Mild,Moderate,"(city-level, no barangay)"
tw_1326669409314762752,Marikina,,Mild,Mild,"(city-level, no barangay)"
tw_1326672669949915136,Marikina,,Mild,Severe,"(city-level, no barangay)"
tw_1326674335663157248,Marikina,,Severe,Severe,"(city-level, no barangay)"
tw_1326679707929042944,Marikina,,Mild,Severe,"(city-level, no barangay)"
tw_1326680500610625537,Marikina,,Severe,Severe,"(city-level, no barangay)"
tw_1326685407262597120,Pasig,Santolan,Severe,Severe,Santolan
tw_1326690016693682176,Marikina,Tumana,Severe,Severe,Tumana
tw_1326691326696456192,Marikina,,Severe,Severe,"(city-level, no barangay)"
tw_1326694664615833601,Marikina,,Moderate,Severe,"(city-level, no barangay)"
tw_1326699394792448000,Pasig,,Mild,Moderate,"(city-level, no barangay)"
tw_1326699627177865216,Pasig,,Mild,Moderate,"(city-level, no barangay)"
tw_1326702786541572096,Marikina,,Severe,Severe,"(city-level, no barangay)"
tw_1326711123941363712,Marikina,,Moderate,Severe,"(city-level, no barangay)"
tw_1326713362588184576,Manila,,Mild,Severe,"(city-level, no barangay)"
tw_1326713537654190080,Pasig,,Mild,Severe,"(city-level, no barangay)"
tw_1326715473510105090,Manila,,Moderate,Mild,"(city-level, no barangay)"
tw_1326717858282311683,Marikina,,Severe,Severe,"(city-level, no barangay)"
tw_1326720021649711104,Marikina,Malanday,Severe,Severe,Malanday
tw_1326720895058993158,Marikina,Barangka,Severe,Severe,Barangka
tw_1326725171277824001,Marikina,,Moderate,Severe,"(city-level, no barangay)"
tw_1326728718941745152,Pasig,,Severe,Severe,"(city-level, no barangay)"
tw_1326732727475793920,Manila,,Mild,Mild,"(city-level, no barangay)"
tw_1326733614281715714,Marikina,,Moderate,Severe,"(city-level, no barangay)"
tw_1326735350396411904,Pasig,,Moderate,Severe,"(city-level, no barangay)"
tw_1326736477837950976,Pasig,Santolan,Moderate,Moderate,Santolan
tw_1326736624550510592,Pasig,,Severe,Severe,"(city-level, no barangay)"
tw_1326736789390807041,Pasig,Santolan,Moderate,Moderate,Santolan
tw_1326737752285540352,Marikina,,Severe,Severe,"(city-level, no barangay)"
tw_1326737860821716993,Pasig,,Mild,Moderate,"(city-level, no barangay)"
tw_1326738993136902150,Marikina,,Mild,Severe,"(city-level, no barangay)"
tw_1326739363712045057,Marikina,Santa Elena,Moderate,Severe,Santa Elena
tw_1326740121996025858,Marikina,Concepcion Uno,Severe,Severe,Concepcion Uno
tw_1326742241923137537,Marikina,,Severe,Severe,"(city-level, no barangay)"
tw_1326749486375264261,Marikina,,Mild,Severe,"(city-level, no barangay)"
tw_1326755875546017792,Marikina,,Mild,Severe,"(city-level, no barangay)"
tw_1326760410779840512,Marikina,,Moderate,Severe,"(city-level, no barangay)"
tw_1326760832722743297,Manila,,Mild,Severe,"(city-level, no barangay)"
tw_1326764140002734081,Marikina,,Severe,Mild,"(city-level, no barangay)"
tw_1326764167362187265,Marikina,,Severe,Severe,"(city-level, no barangay)"
tw_1326769762303696903,Marikina,,Mild,Severe,"(city-level, no barangay)"
tw_1326772739277991936,Marikina,,Moderate,Mild,"(city-level, no barangay)"
tw_1326778192129089538,Marikina,,Severe,Severe,"(city-level, no barangay)"
tw_1326780839292792832,Marikina,,Severe,Severe,"(city-level, no barangay)"
tw_1326818519506300930,Pasig,,Severe,Severe,"(city-level, no barangay)"
tw_1326823738193571840,Pasig,,Moderate,Moderate,"(city-level, no barangay)"
tw_1326825082187100161,Marikina,,Severe,Severe,"(city-level, no barangay)"
tw_1326829393323417600,Marikina,,Severe,Severe,"(city-level, no barangay)"
tw_1326830723647631360,Marikina,,Severe,Severe,"(city-level, no barangay)"
tw_1326836847276797953,Marikina,,Severe,Severe,"(city-level, no barangay)"
tw_1326845635040043013,Marikina,,Severe,Severe,"(city-level, no barangay)"
tw_1326865236687638529,Manila,,Moderate,Severe,"(city-level, no barangay)"
tw_1326873602411651072,Pasig,Manggahan,Severe,Severe,Manggahan
tw_1326901476309032961,Marikina,,Severe,Severe,"(city-level, no barangay)"
tw_1326911068380274695,Pasig,,Mild,Mild,"(city-level, no barangay)"
tw_1326911548091142145,Marikina,Malanday,Severe,Severe,Malanday
tw_1326915769817591815,Marikina,,Severe,Severe,"(city-level, no barangay)"
tw_1326927192941604864,Manila,,Mild,Mild,"(city-level, no barangay)"
tw_1326928431662026753,Marikina,,Severe,Severe,"(city-level, no barangay)"
tw_1326955579533881346,Manila,,Mild,Severe,"(city-level, no barangay)"
tw_1326959323432382465,Marikina,,Moderate,Severe,"(city-level, no barangay)"
tw_1326959473936764931,Manila,,Mild,Mild,"(city-level, no barangay)"
tw_1326959540148035587,Manila,,Mild,Mild,"(city-level, no barangay)"
tw_1326960200750936064,Manila,,Moderate,Severe,"(city-level, no barangay)"
tw_1327004870277173248,Pasig,,Mild,Moderate,"(city-level, no barangay)"
tw_1327070571805384706,Marikina,,Severe,Mild,"(city-level, no barangay)"
tw_1327071181950701569,Marikina,,Severe,Severe,"(city-level, no barangay)"
tw_1327085023472668674,Manila,,Severe,Severe,"(city-level, no barangay)"
tw_1327114444762087424,Marikina,Concepcion Uno,Mild,Severe,Concepcion Uno
tw_1327146980884279298,Pasig,,Mild,Moderate,"(city-level, no barangay)"
tw_1327147069082136579,Pasig,,Moderate,Moderate,"(city-level, no barangay)"
tw_1327155698925334528,Marikina,,Mild,Severe,"(city-level, no barangay)"
tw_1327158261028622338,Marikina,,Severe,Severe,"(city-level, no barangay)"
tw_1327162849559531520,Pasig,,Moderate,Moderate,"(city-level, no barangay)"
tw_1327184599965810688,Marikina,,Mild,Severe,"(city-level, no barangay)"
tw_1327228382254223360,Marikina,,Severe,Severe,"(city-level, no barangay)"
tw_1327229793889251333,Marikina,,Severe,Mild,"(city-level, no barangay)"
tw_1327247104457256960,Manila,,Severe,Severe,"(city-level, no barangay)"
tw_1327277991223644160,Manila,,Severe,Severe,"(city-level, no barangay)"
tw_1327303131017879553,Marikina,,Severe,Severe,"(city-level, no barangay)"
tw_1327314032320122881,Marikina,,Moderate,Severe,"(city-level, no barangay)"
tw_1327321375627825152,Marikina,Tumana,Severe,Severe,Tumana
tw_1327423504103452675,Marikina,,Mild,Severe,"(city-level, no barangay)"
tw_1327458851029827585,Marikina,,Severe,Severe,"(city-level, no barangay)"
tw_1327459436059738114,Marikina,,Moderate,Severe,"(city-level, no barangay)"
tw_1327485392447102977,Marikina,,Severe,Severe,"(city-level, no barangay)"
tw_1327490902961442816,Marikina,,Moderate,Severe,"(city-level, no barangay)"
tw_1327506885356896256,Marikina,Malanday,Moderate,Severe,Malanday
tw_1327517975742607360,Marikina,,Severe,Severe,"(city-level, no barangay)"
tw_1327522096210006017,Marikina,,Severe,Severe,"(city-level, no barangay)"
tw_1327522964187668485,Manila,,Severe,Severe,"(city-level, no barangay)"
tw_1327528178118606849,Marikina,,Moderate,Severe,"(city-level, no barangay)"
tw_1327538221576716289,Marikina,,Moderate,Severe,"(city-level, no barangay)"
tw_1327553466747613185,Marikina,,Severe,Severe,"(city-level, no barangay)"
tw_1327686973125890049,Marikina,,Severe,Severe,"(city-level, no barangay)"
tw_1327757395745939456,Marikina,,Severe,Severe,"(city-level, no barangay)"
tw_1340136654300835841,Manila,,Mild,Severe,"(city-level, no barangay)"
tw_1343354047697354753,Marikina,,Moderate,Severe,"(city-level, no barangay)"
tw_1343910005766987776,Manila,,Moderate,Mild,"(city-level, no barangay)"
tw_1364061354529746946,Manila,,Mild,Mild,"(city-level, no barangay)"
tw_1373679574601461762,Manila,,Moderate,Mild,"(city-level, no barangay)"
tw_1402604595759632390,Pasig,,Mild,Moderate,"(city-level, no barangay)"
tw_1402605917049266187,Pasig,,Mild,Moderate,"(city-level, no barangay)"
tw_1402660509426589699,Marikina,,Mild,Moderate,"(city-level, no barangay)"
tw_1402752991883526151,Marikina,,Mild,Moderate,"(city-level, no barangay)"
tw_1408677125477912577,Manila,,Moderate,Moderate,"(city-level, no barangay)"
tw_1418754765937283072,Marikina,,Severe,Severe,"(city-level, no barangay)"
tw_1418800502008164361,Manila,,Mild,Mild,"(city-level, no barangay)"
tw_1418808028711772163,Manila,,Moderate,Severe,"(city-level, no barangay)"
tw_1418813679001382913,Manila,,Mild,Mild,"(city-level, no barangay)"
tw_1418857402498265096,Manila,,Mild,Mild,"(city-level, no barangay)"
tw_1418887444557074434,Manila,,Mild,Mild,"(city-level, no barangay)"
tw_1418889975224049671,Manila,,Mild,Mild,"(city-level, no barangay)"
tw_1418911341591482368,Manila,,Severe,Mild,"(city-level, no barangay)"
tw_1418913135705169928,Manila,,Mild,Severe,"(city-level, no barangay)"
tw_1418918898137767938,Manila,,Mild,Mild,"(city-level, no barangay)"
tw_1418956603978657796,Manila,,Mild,Severe,"(city-level, no barangay)"
tw_1419032408653844482,Manila,,Mild,Mild,"(city-level, no barangay)"
tw_1419049085772906500,Manila,,Mild,Severe,"(city-level, no barangay)"
tw_1419053919632695296,Manila,,Severe,Severe,"(city-level, no barangay)"
tw_1419441201707552772,Manila,,Severe,Severe,"(city-level, no barangay)"
tw_1419538107213357058,Manila,,Mild,Mild,"(city-level, no barangay)"
tw_1419601642262081537,Manila,,Moderate,Severe,"(city-level, no barangay)"
tw_1419916211563937792,Manila,,Severe,Mild,"(city-level, no barangay)"
tw_1435496719798587392,Manila,,Mild,Severe,"(city-level, no barangay)"
tw_1435498439853359105,Manila,,Mild,Mild,"(city-level, no barangay)"
tw_1439726404443066370,Manila,,Moderate,Mild,"(city-level, no barangay)"
tw_1441775286211670028,Manila,,Moderate,Mild,"(city-level, no barangay)"
tw_1447609193070940162,Manila,,Severe,Severe,"(city-level, no barangay)"
tw_1447802293034700803,Manila,,Severe,Severe,"(city-level, no barangay)"
tw_1448913171079593984,Pasig,Santolan,Mild,Mild,Santolan
tw_1465583219760189449,Manila,,Moderate,Mild,"(city-level, no barangay)"
tw_1465839058614382593,Manila,,Moderate,Mild,"(city-level, no barangay)"
tw_1472981462228303873,Manila,,Mild,Mild,"(city-level, no barangay)"
tw_1502595925549916161,Manila,,Moderate,Mild,"(city-level, no barangay)"
tw_1502599691414151170,Manila,,Moderate,Mild,"(city-level, no barangay)"
tw_1502600524373245952,Manila,,Mild,Mild,"(city-level, no barangay)"
tw_1502606474777817097,Manila,Ermita,Mild,Mild,Ermita
tw_1502623416007888898,Manila,,Mild,Mild,"(city-level, no barangay)"
tw_1537668253660901376,Manila,Tondo,Moderate,Moderate,Tondo
tw_1538579344163221504,Manila,,Moderate,Mild,"(city-level, no barangay)"
tw_1573925189590843392,Manila,,Mild,Mild,"(city-level, no barangay)"
tw_1574217586887122944,Manila,,Mild,Severe,"(city-level, no barangay)"
tw_1574338326290911233,Marikina,Malanday,Moderate,Severe,Malanday
tw_1574374553572163584,Manila,,Moderate,Moderate,"(city-level, no barangay)"
tw_1574374576615989251,Marikina,Malanday,Severe,Severe,Malanday
tw_1574523115647795201,Marikina,,Moderate,Mild,"(city-level, no barangay)"
tw_1574603958391574528,Marikina,,Moderate,Severe,"(city-level, no barangay)"
tw_1574622066195603456,Marikina,Nangka,Moderate,Severe,Nangka
tw_1574716753569255424,Manila,,Moderate,Mild,"(city-level, no barangay)"
tw_1586267798162280450,Manila,,Severe,Severe,"(city-level, no barangay)"
tw_1586272557962911744,Manila,,Severe,Severe,"(city-level, no barangay)"
tw_1586294736523907073,Manila,,Mild,Mild,"(city-level, no barangay)"
tw_1586295299483443201,Manila,,Mild,Mild,"(city-level, no barangay)"
tw_1586309368177430533,Manila,,Mild,Severe,"(city-level, no barangay)"
tw_1586319458817097729,Manila,,Mild,Mild,"(city-level, no barangay)"
tw_1586322913107398656,Manila,,Mild,Mild,"(city-level, no barangay)"
tw_1586543331282423809,Manila,,Mild,Moderate,"(city-level, no barangay)"
tw_1586561306777178114,Manila,,Severe,Severe,"(city-level, no barangay)"
tw_1586561693882015744,Manila,,Severe,Severe,"(city-level, no barangay)"
tw_1587348370561314816,Pasig,,Severe,Severe,"(city-level, no barangay)"
tw_1641339622843383808,Marikina,Tumana,Moderate,Mild,Tumana
tw_1670748522633924608,Manila,,Mild,Mild,"(city-level, no barangay)"
tw_1670771611199479811,Manila,,Mild,Mild,"(city-level, no barangay)"
tw_1670916060558790656,Manila,Quiapo,Severe,Mild,Quiapo
tw_1671834656130613248,Manila,,Moderate,Moderate,"(city-level, no barangay)"
tw_1672190950498619394,Manila,,Moderate,Mild,"(city-level, no barangay)"
tw_1672190964855902213,Manila,,Mild,Mild,"(city-level, no barangay)"
tw_1684380991765479424,Manila,,Mild,Mild,"(city-level, no barangay)"
tw_1685156105171922945,Marikina,,Mild,Moderate,"(city-level, no barangay)"
tw_1685172761055174656,Marikina,,Mild,Mild,"(city-level, no barangay)"
tw_1685511885918244864,Marikina,Nangka,Severe,Severe,Nangka
tw_1685513987302256640,Marikina,Nangka,Severe,Severe,Nangka
tw_1685609244530536450,Manila,,Moderate,Severe,"(city-level, no barangay)"
tw_1685788856359276544,Pasig,,Mild,Moderate,"(city-level, no barangay)"
tw_1707322961118785976,Manila,,Moderate,Mild,"(city-level, no barangay)"
tw_1707324920492130768,Manila,,Mild,Mild,"(city-level, no barangay)"
tw_1707325542767415700,Manila,,Mild,Mild,"(city-level, no barangay)"
tw_1707327251409408009,Manila,,Moderate,Mild,"(city-level, no barangay)"
tw_1707328521377616271,Manila,,Mild,Mild,"(city-level, no barangay)"
tw_1707328590529114357,Manila,,Mild,Moderate,"(city-level, no barangay)"
tw_1707337058732364248,Manila,,Moderate,Mild,"(city-level, no barangay)"
tw_1707363068215169348,Manila,,Mild,Mild,"(city-level, no barangay)"
tw_1707364406139699246,Manila,,Moderate,Mild,"(city-level, no barangay)"
tw_1707415895742480799,Manila,,Moderate,Moderate,"(city-level, no barangay)"
tw_1707425299762434368,Manila,,Moderate,Moderate,"(city-level, no barangay)"
tw_1815618507008307215,Manila,,Mild,Mild,"(city-level, no barangay)"
tw_1815619860014997743,Manila,,Mild,Mild,"(city-level, no barangay)"
tw_1815622544390865366,Marikina,,Severe,Severe,"(city-level, no barangay)"
tw_1815629105926459744,Manila,,Mild,Mild,"(city-level, no barangay)"
tw_1815650428698366053,Manila,,Mild,Mild,"(city-level, no barangay)"
tw_1815658951704485978,Manila,,Mild,Mild,"(city-level, no barangay)"
tw_1815664534545486248,Manila,,Mild,Mild,"(city-level, no barangay)"
tw_1815669025164460200,Manila,,Mild,Severe,"(city-level, no barangay)"
tw_1815710264727421430,Manila,,Mild,Mild,"(city-level, no barangay)"
tw_1815872808704172251,Manila,,Mild,Mild,"(city-level, no barangay)"
tw_1815879200118862223,Manila,,Mild,Mild,"(city-level, no barangay)"
tw_1815881790336426394,Manila,,Mild,Mild,"(city-level, no barangay)"
tw_1815882441258852756,Manila,,Mild,Moderate,"(city-level, no barangay)"
tw_1815885597694910854,Manila,,Moderate,Mild,"(city-level, no barangay)"
tw_1815892427565326634,Manila,,Moderate,Moderate,"(city-level, no barangay)"
tw_1815895097181090288,Pasig,Bambang,Mild,Mild,Bambang
tw_1815901010403197124,Manila,,Mild,Mild,"(city-level, no barangay)"
tw_1815911906638717380,Manila,Sampaloc,Mild,Mild,Sampaloc
tw_1815914813077500000,Manila,,Mild,Severe,"(city-level, no barangay)"
tw_1815920604010479753,Manila,,Moderate,Severe,"(city-level, no barangay)"
tw_1815931137837174997,Manila,Sampaloc,Mild,Severe,Sampaloc
tw_1815950660921352383,Manila,,Mild,Mild,"(city-level, no barangay)"
tw_1815953113964228665,Manila,,Moderate,Mild,"(city-level, no barangay)"
tw_1815956253564121203,Marikina,,Severe,Severe,"(city-level, no barangay)"
tw_1815958604681236736,Manila,,Mild,Severe,"(city-level, no barangay)"
tw_1815963531269005585,Marikina,,Severe,Severe,"(city-level, no barangay)"
tw_1815967305203093506,Manila,Sampaloc,Mild,Mild,Sampaloc
tw_1815970420291690785,Manila,,Mild,Mild,"(city-level, no barangay)"
tw_1815975383575191616,Manila,,Severe,Severe,"(city-level, no barangay)"
tw_1815975423580463489,Manila,,Mild,Severe,"(city-level, no barangay)"
tw_1815984442273587502,Manila,,Mild,Mild,"(city-level, no barangay)"
tw_1815986334043103535,Manila,,Severe,Severe,"(city-level, no barangay)"
tw_1815986531158614326,Manila,,Severe,Mild,"(city-level, no barangay)"
tw_1815986738357231897,Manila,,Moderate,Mild,"(city-level, no barangay)"
tw_1815987350448791560,Manila,,Severe,Severe,"(city-level, no barangay)"
tw_1815990370721051044,Manila,,Severe,Severe,"(city-level, no barangay)"
tw_1815995470390649009,Marikina,,Severe,Severe,"(city-level, no barangay)"
tw_1816000008862281979,Manila,,Mild,Mild,"(city-level, no barangay)"
tw_1816003538906161426,Marikina,,Severe,Severe,"(city-level, no barangay)"
tw_1816005997649092969,Marikina,,Mild,Severe,"(city-level, no barangay)"
tw_1816006303992479748,Manila,,Severe,Severe,"(city-level, no barangay)"
tw_1816013386972553304,Pasig,,Moderate,Mild,"(city-level, no barangay)"
tw_1816021310570406362,Marikina,,Severe,Severe,"(city-level, no barangay)"
tw_1816024767885107494,Manila,,Mild,Severe,"(city-level, no barangay)"
tw_1816024922667508058,Manila,,Mild,Mild,"(city-level, no barangay)"
tw_1816025600114790792,Manila,,Mild,Mild,"(city-level, no barangay)"
tw_1816035639059767363,Manila,,Moderate,Severe,"(city-level, no barangay)"
tw_1816040478627738018,Manila,,Mild,Mild,"(city-level, no barangay)"
tw_1816042094957584871,Manila,,Moderate,Moderate,"(city-level, no barangay)"
tw_1816049258547798200,Marikina,,Moderate,Moderate,"(city-level, no barangay)"
tw_1816050057759568304,Manila,Tondo,Mild,Mild,Tondo
tw_1816050135023198248,Manila,Tondo,Mild,Mild,Tondo
tw_1816052648904438256,Manila,,Moderate,Severe,"(city-level, no barangay)"
tw_1816061196547809494,Manila,,Mild,Mild,"(city-level, no barangay)"
tw_1816066013219405956,Pasig,,Severe,Severe,"(city-level, no barangay)"
tw_1816066117120712792,Pasig,,Severe,Severe,"(city-level, no barangay)"
tw_1816068504921256300,Manila,,Mild,Mild,"(city-level, no barangay)"
tw_1816072731424895304,Manila,,Mild,Mild,"(city-level, no barangay)"
tw_1816077358899888384,Manila,,Mild,Mild,"(city-level, no barangay)"
tw_1816095719369146833,Marikina,,Mild,Severe,"(city-level, no barangay)"
tw_1816119763422306320,Manila,Quiapo,Mild,Mild,Quiapo
tw_1816133782182977667,Manila,,Severe,Severe,"(city-level, no barangay)"
tw_1816197769864044710,Pasig,,Mild,Mild,"(city-level, no barangay)"
tw_1816221257546834271,Manila,,Mild,Mild,"(city-level, no barangay)"
tw_1816262965043339643,Manila,,Severe,Mild,"(city-level, no barangay)"
tw_1816288014513103123,Marikina,,Mild,Mild,"(city-level, no barangay)"
tw_1816304789900386547,Manila,,Moderate,Severe,"(city-level, no barangay)"
tw_1816315686450504049,Manila,,Severe,Severe,"(city-level, no barangay)"
tw_1816322485618631132,Manila,Tondo,Mild,Mild,Tondo
tw_1816330234830151855,Manila,,Severe,Severe,"(city-level, no barangay)"
tw_1816330299749683622,Manila,,Severe,Severe,"(city-level, no barangay)"
tw_1816373807596396629,Marikina,,Severe,Severe,"(city-level, no barangay)"
tw_1816380737509330945,Marikina,Malanday,Severe,Severe,Malanday
tw_1816443282039198071,Manila,,Mild,Mild,"(city-level, no barangay)"
tw_1816473561575334174,Marikina,Malanday,Severe,Severe,Malanday
tw_1816524987593031846,Manila,,Mild,Mild,"(city-level, no barangay)"
tw_1816634218543480959,Manila,,Severe,Severe,"(city-level, no barangay)"
tw_1816666694099829180,Marikina,Industrial Valley,Mild,Mild,Industrial Valley
tw_1816667879913455953,Marikina,Malanday,Severe,Severe,Malanday
tw_1816708609126072473,Manila,,Severe,Severe,"(city-level, no barangay)"
tw_1817360573530816696,Manila,,Severe,Mild,"(city-level, no barangay)"
tw_1817501821721804979,Pasig,,Severe,Severe,"(city-level, no barangay)"
tw_1817532565953434104,Manila,,Mild,Mild,"(city-level, no barangay)"
tw_1830396205781954779,Manila,,Mild,Mild,"(city-level, no barangay)"
tw_1830398604147822681,Manila,,Moderate,Severe,"(city-level, no barangay)"
tw_1830401036827365426,Manila,,Moderate,Moderate,"(city-level, no barangay)"
tw_1830402202286129288,Manila,,Mild,Mild,"(city-level, no barangay)"
tw_1830412527513309615,Marikina,,Mild,Moderate,"(city-level, no barangay)"
tw_1830412771567284651,Manila,,Mild,Mild,"(city-level, no barangay)"
tw_1830416994144801227,Manila,,Mild,Mild,"(city-level, no barangay)"
tw_1830419573088412092,Manila,,Mild,Mild,"(city-level, no barangay)"
tw_1830422731076059495,Manila,,Moderate,Severe,"(city-level, no barangay)"
tw_1830428385945776199,Manila,,Mild,Mild,"(city-level, no barangay)"
tw_1830428877254205806,Manila,,Moderate,Mild,"(city-level, no barangay)"
tw_1830432756192686321,Manila,,Moderate,Severe,"(city-level, no barangay)"
tw_1830439504584544432,Manila,,Mild,Mild,"(city-level, no barangay)"
tw_1830440523540144611,Manila,,Mild,Mild,"(city-level, no barangay)"
tw_1830442126460776769,Manila,,Moderate,Severe,"(city-level, no barangay)"
tw_1830443226693767302,Manila,,Moderate,Severe,"(city-level, no barangay)"
tw_1830444321264553985,Manila,,Moderate,Severe,"(city-level, no barangay)"
tw_1830453093063921944,Manila,,Moderate,Moderate,"(city-level, no barangay)"
tw_1830455314879263085,Manila,,Mild,Mild,"(city-level, no barangay)"
tw_1830455318826061880,Manila,,Mild,Mild,"(city-level, no barangay)"
tw_1830455322558751015,Manila,,Mild,Mild,"(city-level, no barangay)"
tw_1830463597090390275,Marikina,,Severe,Severe,"(city-level, no barangay)"
tw_1830478376496492549,Manila,Ermita,Mild,Mild,Ermita
tw_1830478986276925901,Marikina,,Mild,Moderate,"(city-level, no barangay)"
tw_1830482821187772909,Marikina,,Severe,Severe,"(city-level, no barangay)"
tw_1830486817298366568,Manila,,Moderate,Severe,"(city-level, no barangay)"
tw_1830487852742029580,Manila,,Moderate,Severe,"(city-level, no barangay)"
tw_1830490858967212400,Manila,,Mild,Mild,"(city-level, no barangay)"
tw_1830490928076771447,Manila,,Mild,Mild,"(city-level, no barangay)"
tw_1830492993725624699,Manila,,Moderate,Severe,"(city-level, no barangay)"
tw_1830494226452549752,Manila,,Mild,Mild,"(city-level, no barangay)"
tw_1830498037145424040,Pasig,,Moderate,Severe,"(city-level, no barangay)"
tw_1830498092053094464,Manila,,Moderate,Mild,"(city-level, no barangay)"
tw_1830673788939444666,Manila,,Mild,Mild,"(city-level, no barangay)"
tw_1831568158219772252,Manila,,Mild,Moderate,"(city-level, no barangay)"
tw_1848952882961514636,Marikina,,Mild,Moderate,"(city-level, no barangay)"
tw_1849223351031759286,Manila,,Mild,Moderate,"(city-level, no barangay)"
tw_1849290368157909252,Manila,,Moderate,Severe,"(city-level, no barangay)"
tw_1849304942932357257,Manila,,Mild,Severe,"(city-level, no barangay)"
tw_1849453391464038446,Manila,Ermita,Mild,Mild,Ermita
tw_1849485825698095497,Manila,,Mild,Mild,"(city-level, no barangay)"
tw_1849627406300225587,Pasig,,Mild,Severe,"(city-level, no barangay)"
tw_1849706752721199155,Manila,,Severe,Severe,"(city-level, no barangay)"
tw_1850804876701471076,Manila,,Moderate,Mild,"(city-level, no barangay)"
tw_1850854072980525398,Manila,,Severe,Severe,"(city-level, no barangay)"
tw_1857591013155680416,Manila,,Severe,Moderate,"(city-level, no barangay)"
tw_1857741918983082400,Manila,,Severe,Severe,"(city-level, no barangay)"
tw_1857750183934832820,Manila,,Severe,Severe,"(city-level, no barangay)"
tw_1857753984561459355,Manila,,Severe,Severe,"(city-level, no barangay)"
tw_1902026363563037083,Manila,,Moderate,Mild,"(city-level, no barangay)"
tw_1902692350507290964,Manila,,Mild,Mild,"(city-level, no barangay)"
tw_1905596515516866973,Manila,,Mild,Moderate,"(city-level, no barangay)"
tw_1937037841508569249,Manila,,Moderate,Mild,"(city-level, no barangay)"
tw_1937081504640770511,Pasig,,Mild,Moderate,"(city-level, no barangay)"
tw_1937306318039318584,Manila,,Mild,Mild,"(city-level, no barangay)"
tw_1939309827119047163,Manila,,Moderate,Mild,"(city-level, no barangay)"
tw_1946371430712819864,Manila,,Mild,Mild,"(city-level, no barangay)"
tw_1946375682285830485,Manila,,Mild,Mild,"(city-level, no barangay)"
tw_1946416784439198127,Manila,,Mild,Mild,"(city-level, no barangay)"
tw_1946468800875938207,Manila,,Mild,Severe,"(city-level, no barangay)"
tw_1946499657020121143,Manila,,Mild,Mild,"(city-level, no barangay)"
tw_1946501139765010805,Manila,,Mild,Mild,"(city-level, no barangay)"
tw_1946586810257453255,Manila,,Mild,Mild,"(city-level, no barangay)"
tw_1947128364952949168,Manila,,Mild,Mild,"(city-level, no barangay)"
tw_1947130385156145269,Manila,,Mild,Mild,"(city-level, no barangay)"
tw_1947132988854304921,Manila,,Mild,Mild,"(city-level, no barangay)"
tw_1947138269625688218,Manila,,Mild,Mild,"(city-level, no barangay)"
tw_1947140889123377452,Manila,,Mild,Mild,"(city-level, no barangay)"
tw_1947142103899001302,Manila,,Mild,Mild,"(city-level, no barangay)"
tw_1947148849082208544,Manila,,Mild,Mild,"(city-level, no barangay)"
tw_1947158611400298834,Manila,,Mild,Mild,"(city-level, no barangay)"
tw_1947158884013277238,Manila,,Mild,Mild,"(city-level, no barangay)"
tw_1947159061482606882,Manila,,Mild,Mild,"(city-level, no barangay)"
tw_1947159166176706816,Manila,,Mild,Mild,"(city-level, no barangay)"
tw_1947168698764280065,Manila,,Mild,Mild,"(city-level, no barangay)"
tw_1947178436826722528,Manila,,Mild,Mild,"(city-level, no barangay)"
tw_1947193365562331289,Manila,,Mild,Mild,"(city-level, no barangay)"
tw_1947204773364769129,Manila,,Mild,Severe,"(city-level, no barangay)"
tw_1947236671491305774,Manila,,Mild,Mild,"(city-level, no barangay)"
tw_1947244146135318958,Manila,Ermita,Mild,Mild,Ermita
tw_1947278737726201891,Manila,,Moderate,Moderate,"(city-level, no barangay)"
tw_1947299580493894142,Pasig,San Jose,Severe,Severe,San Jose
tw_1947310404108984472,Marikina,,Mild,Severe,"(city-level, no barangay)"
tw_1947419568949039177,Manila,,Severe,Severe,"(city-level, no barangay)"
tw_1947442065136357548,Manila,,Mild,Mild,"(city-level, no barangay)"
tw_1947460515619606787,Pasig,,Mild,Mild,"(city-level, no barangay)"
tw_1947461879993106796,Manila,,Mild,Mild,"(city-level, no barangay)"
tw_1947473487440056565,Manila,,Mild,Mild,"(city-level, no barangay)"
tw_1947474769705914794,Marikina,,Mild,Severe,"(city-level, no barangay)"
tw_1947475585824969081,Manila,,Mild,Mild,"(city-level, no barangay)"
tw_1947484919317598526,Manila,,Moderate,Mild,"(city-level, no barangay)"
tw_1947489926272237674,Manila,,Moderate,Moderate,"(city-level, no barangay)"
tw_1947491889902719342,Marikina,Concepcion Uno,Mild,Mild,Concepcion Uno
tw_1947500042111295659,Manila,,Mild,Mild,"(city-level, no barangay)"
tw_1947500434832429061,Manila,,Mild,Mild,"(city-level, no barangay)"
tw_1947502658740453429,Manila,,Mild,Mild,"(city-level, no barangay)"
tw_1947529883518656949,Manila,,Moderate,Severe,"(city-level, no barangay)"
tw_1947534841135960457,Manila,Intramuros,Mild,Mild,Intramuros
tw_1947557170557718558,Marikina,,Mild,Severe,"(city-level, no barangay)"
tw_1947563262268346826,Manila,,Mild,Mild,"(city-level, no barangay)"
tw_1947567582124573159,Manila,,Moderate,Severe,"(city-level, no barangay)"
tw_1947591087989920250,Manila,,Mild,Mild,"(city-level, no barangay)"
tw_1947616870409875627,Marikina,Malanday,Mild,Mild,Malanday
tw_1947621068035834073,Manila,,Mild,Severe,"(city-level, no barangay)"
tw_1947621405643968634,Manila,,Moderate,Severe,"(city-level, no barangay)"
tw_1947626428494958899,Manila,,Severe,Severe,"(city-level, no barangay)"
tw_1947628939234709672,Manila,,Moderate,Mild,"(city-level, no barangay)"
tw_1947641407315034238,Marikina,,Mild,Severe,"(city-level, no barangay)"
tw_1947642793419280575,Manila,,Mild,Mild,"(city-level, no barangay)"
tw_1947666740214722716,Manila,,Moderate,Mild,"(city-level, no barangay)"
tw_1947686307813331383,Marikina,,Mild,Mild,"(city-level, no barangay)"
tw_1947781774421201187,Manila,Intramuros,Mild,Mild,Intramuros
tw_1947787961439080545,Manila,Intramuros,Mild,Mild,Intramuros
tw_1947800180050563206,Manila,Intramuros,Mild,Mild,Intramuros
tw_1947851240328860083,Manila,,Mild,Mild,"(city-level, no barangay)"
tw_1947857728342528352,Manila,,Mild,Mild,"(city-level, no barangay)"
tw_1947859409637675519,Manila,,Mild,Mild,"(city-level, no barangay)"
tw_1947861895979131238,Manila,,Moderate,Severe,"(city-level, no barangay)"
tw_1947888936258572571,Manila,,Mild,Mild,"(city-level, no barangay)"
tw_1947890378935509405,Manila,,Mild,Mild,"(city-level, no barangay)"
tw_1947952326523908258,Manila,,Severe,Mild,"(city-level, no barangay)"
tw_1948033147570131355,Manila,,Moderate,Mild,"(city-level, no barangay)"
tw_1948196623512989716,Manila,,Moderate,Severe,"(city-level, no barangay)"
tw_1948204813948268786,Marikina,,Mild,Severe,"(city-level, no barangay)"
tw_1948235442639503556,Marikina,,Mild,Mild,"(city-level, no barangay)"
tw_1948266421755969856,Manila,,Mild,Mild,"(city-level, no barangay)"
tw_1948276973697937708,Marikina,,Mild,Mild,"(city-level, no barangay)"
tw_1948299816036950468,Manila,,Mild,Mild,"(city-level, no barangay)"
tw_1948299823418884382,Manila,,Mild,Mild,"(city-level, no barangay)"
tw_1948310941315039536,Marikina,,Mild,Mild,"(city-level, no barangay)"
tw_1948371682038858000,Manila,,Mild,Mild,"(city-level, no barangay)"
tw_1948372596246110502,Manila,,Mild,Mild,"(city-level, no barangay)"
tw_1948584897817477203,Manila,,Severe,Severe,"(city-level, no barangay)"
tw_1948616352270586292,Manila,,Severe,Severe,"(city-level, no barangay)"
tw_1948678222557970928,Manila,,Moderate,Mild,"(city-level, no barangay)"
tw_1948684723284328773,Manila,,Mild,Mild,"(city-level, no barangay)"
tw_1948696050937503831,Manila,,Mild,Severe,"(city-level, no barangay)"
tw_1948752601014534166,Manila,,Mild,Severe,"(city-level, no barangay)"
tw_1961638004822307165,Marikina,,Severe,Severe,"(city-level, no barangay)"
tw_1961711101911203970,Marikina,,Mild,Severe,"(city-level, no barangay)"
tw_1961713640392040734,Marikina,,Mild,Severe,"(city-level, no barangay)"
tw_1961727402444521659,Manila,,Mild,Moderate,"(city-level, no barangay)"
tw_1961738484043178383,Manila,,Mild,Mild,"(city-level, no barangay)"
tw_1961741112491889016,Manila,,Moderate,Moderate,"(city-level, no barangay)"
tw_1961742840008221075,Manila,,Mild,Mild,"(city-level, no barangay)"
tw_1961773626358665489,Manila,,Mild,Mild,"(city-level, no barangay)"
tw_1961775984870564230,Manila,,Mild,Mild,"(city-level, no barangay)"
tw_1961783908045054314,Manila,,Severe,Mild,"(city-level, no barangay)"
tw_1961798433720647818,Manila,,Mild,Mild,"(city-level, no barangay)"
tw_1961819713941688373,Manila,,Severe,Severe,"(city-level, no barangay)"
tw_1961821042823053377,Manila,,Mild,Mild,"(city-level, no barangay)"
tw_1962001217007010144,Manila,,Mild,Mild,"(city-level, no barangay)"
tw_1962028972184940723,Manila,,Mild,Mild,"(city-level, no barangay)"
tw_1962828691081396668,Manila,,Moderate,Mild,"(city-level, no barangay)"
tw_2094621310907506874,Marikina,Tumana,Severe,Mild,Tumana
tw_2094629840226050187,Manila,Tondo,Moderate,Moderate,Tondo
tw_2094632317302300771,Manila,Tondo,Moderate,Moderate,Tondo
tw_2094645156238770303,Manila,,Mild,Mild,"(city-level, no barangay)"
tw_2094660269595303972,Manila,,Moderate,Mild,"(city-level, no barangay)"
tw_2094681125830656497,Manila,,Moderate,Severe,"(city-level, no barangay)"
tw_2094688571915674049,Manila,,Moderate,Mild,"(city-level, no barangay)"
tw_2094692019247382810,Manila,,Moderate,Mild,"(city-level, no barangay)"
tw_212931519872905216,Manila,,Mild,Mild,"(city-level, no barangay)"
tw_214481746438270976,Manila,,Mild,Mild,"(city-level, no barangay)"
tw_214534859568320513,Manila,,Moderate,Mild,"(city-level, no barangay)"
tw_214667635772768256,Manila,,Moderate,Mild,"(city-level, no barangay)"
tw_217570245924233216,Manila,,Moderate,Moderate,"(city-level, no barangay)"
tw_247719142705213440,Manila,,Moderate,Moderate,"(city-level, no barangay)"
tw_247966359865143296,Pasig,Manggahan,Mild,Moderate,Manggahan
tw_255257822995050496,Manila,,Moderate,Mild,"(city-level, no barangay)"
tw_261384172654968832,Manila,,Mild,Mild,"(city-level, no barangay)"
tw_261607171454803969,Pasig,Pinagbuhatan,Mild,Mild,Pinagbuhatan
tw_304702851614138368,Manila,,Mild,Mild,"(city-level, no barangay)"
tw_304780922107076609,Pasig,Ugong,Mild,Mild,Ugong
tw_304794170512523265,Manila,,Moderate,Mild,"(city-level, no barangay)"
tw_304815632736727040,Manila,,Mild,Mild,"(city-level, no barangay)"
tw_312118488414179328,Manila,,Moderate,Mild,"(city-level, no barangay)"
tw_315004184049090560,Manila,,Mild,Mild,"(city-level, no barangay)"
tw_318224912923897856,Manila,,Mild,Mild,"(city-level, no barangay)"
tw_350026567163969538,Manila,,Moderate,Mild,"(city-level, no barangay)"
tw_350972907733778432,Manila,,Mild,Mild,"(city-level, no barangay)"
tw_350973618693484545,Manila,,Mild,Mild,"(city-level, no barangay)"
tw_351111501161041920,Manila,,Mild,Mild,"(city-level, no barangay)"
tw_351127145155788800,Marikina,,Mild,Mild,"(city-level, no barangay)"
tw_351147626944659456,Manila,,Mild,Mild,"(city-level, no barangay)"
tw_351163468851847168,Manila,,Mild,Mild,"(city-level, no barangay)"
tw_382144159835906050,Manila,,Moderate,Mild,"(city-level, no barangay)"
tw_382156867340079104,Manila,,Moderate,Mild,"(city-level, no barangay)"
tw_382182199971176449,Manila,,Mild,Mild,"(city-level, no barangay)"
tw_382322410222911488,Manila,,Moderate,Mild,"(city-level, no barangay)"
tw_384797674358054912,Manila,,Mild,Mild,"(city-level, no barangay)"
tw_398822485262491649,Manila,,Mild,Mild,"(city-level, no barangay)"
tw_4389257361,Manila,,Moderate,Mild,"(city-level, no barangay)"
tw_4391160142,Manila,,Severe,Severe,"(city-level, no barangay)"
tw_4391416594,Manila,,Severe,Severe,"(city-level, no barangay)"
tw_4393747416,Manila,,Severe,Severe,"(city-level, no barangay)"
tw_4394123855,Manila,,Severe,Severe,"(city-level, no barangay)"
tw_4399942397,Manila,,Severe,Severe,"(city-level, no barangay)"
tw_4406381935,Manila,,Severe,Severe,"(city-level, no barangay)"
tw_4435434056,Manila,,Severe,Mild,"(city-level, no barangay)"
tw_4441679766,Manila,,Severe,Severe,"(city-level, no barangay)"
tw_4464554293,Pasig,Maybunga,Moderate,Severe,Maybunga
tw_4469597513,Manila,,Severe,Severe,"(city-level, no barangay)"
tw_44752958788866048,Manila,,Mild,Mild,"(city-level, no barangay)"
tw_4479908458,Manila,,Severe,Severe,"(city-level, no barangay)"
tw_4493870853,Manila,,Moderate,Severe,"(city-level, no barangay)"
tw_4495883656,Pasig,,Severe,Severe,"(city-level, no barangay)"
tw_4496834734,Manila,,Severe,Severe,"(city-level, no barangay)"
tw_4496956466,Manila,,Severe,Severe,"(city-level, no barangay)"
tw_4497114727,Manila,,Severe,Severe,"(city-level, no barangay)"
tw_4500602153,Manila,,Severe,Severe,"(city-level, no barangay)"
tw_4501269093,Manila,,Severe,Severe,"(city-level, no barangay)"
tw_4504612477,Manila,,Moderate,Severe,"(city-level, no barangay)"
tw_4517157052,Manila,,Severe,Severe,"(city-level, no barangay)"
tw_4938389491,Manila,,Severe,Severe,"(city-level, no barangay)"
tw_503930585501282306,Manila,,Severe,Mild,"(city-level, no barangay)"
tw_503989785568870400,Manila,,Moderate,Moderate,"(city-level, no barangay)"
tw_503995523766841344,Manila,,Moderate,Moderate,"(city-level, no barangay)"
tw_504009790297604096,Manila,,Mild,Mild,"(city-level, no barangay)"
tw_504014711264788480,Manila,,Mild,Mild,"(city-level, no barangay)"
tw_504017298839982080,Manila,,Moderate,Mild,"(city-level, no barangay)"
tw_504026983827640320,Manila,,Mild,Mild,"(city-level, no barangay)"
tw_504027129953017856,Manila,,Mild,Mild,"(city-level, no barangay)"
tw_504031934704414720,Manila,,Mild,Mild,"(city-level, no barangay)"
tw_504032357104369664,Manila,,Mild,Mild,"(city-level, no barangay)"
tw_504033621796061184,Manila,,Mild,Mild,"(city-level, no barangay)"
tw_504034143961751552,Manila,,Mild,Mild,"(city-level, no barangay)"
tw_504034439803195393,Manila,,Mild,Moderate,"(city-level, no barangay)"
tw_504039117517119488,Manila,,Moderate,Mild,"(city-level, no barangay)"
tw_504040372352192512,Manila,,Mild,Mild,"(city-level, no barangay)"
tw_504045110237995008,Manila,,Mild,Mild,"(city-level, no barangay)"
tw_504063039092436992,Manila,Intramuros,Mild,Mild,Intramuros
tw_504182165274247168,Manila,,Moderate,Moderate,"(city-level, no barangay)"
tw_504195015078596608,Manila,,Mild,Mild,"(city-level, no barangay)"
tw_504205961544736769,Manila,,Mild,Mild,"(city-level, no barangay)"
tw_504238310047219712,Manila,,Mild,Mild,"(city-level, no barangay)"
tw_504238610321666048,Manila,,Mild,Mild,"(city-level, no barangay)"
tw_504255677989421056,Manila,,Moderate,Moderate,"(city-level, no barangay)"
tw_504258326364831745,Manila,,Moderate,Mild,"(city-level, no barangay)"
tw_504283616134717442,Manila,,Moderate,Moderate,"(city-level, no barangay)"
tw_504847554282921985,Manila,,Mild,Mild,"(city-level, no barangay)"
tw_506001710808956928,Marikina,,Moderate,Severe,"(city-level, no barangay)"
tw_566973284172849152,Marikina,,Mild,Mild,"(city-level, no barangay)"
tw_613073036196085762,Manila,,Moderate,Moderate,"(city-level, no barangay)"
tw_613161856375504896,Manila,,Mild,Mild,"(city-level, no barangay)"
tw_613193256130621440,Manila,,Mild,Mild,"(city-level, no barangay)"
tw_614205929727246339,Manila,,Moderate,Mild,"(city-level, no barangay)"
tw_645562005592518656,Manila,,Mild,Mild,"(city-level, no barangay)"
tw_645581309209767936,Manila,,Mild,Mild,"(city-level, no barangay)"
tw_646736246505611266,Manila,Ermita,Mild,Mild,Ermita
tw_677474098390306817,Manila,,Mild,Mild,"(city-level, no barangay)"
tw_678085561140174848,Manila,,Moderate,Mild,"(city-level, no barangay)"
tw_678090862560043009,Manila,,Mild,Moderate,"(city-level, no barangay)"
tw_678174049579569152,Manila,,Moderate,Moderate,"(city-level, no barangay)"
tw_678195568397656065,Manila,,Mild,Mild,"(city-level, no barangay)"
tw_679271985088565248,Marikina,,Severe,Severe,"(city-level, no barangay)"
tw_681511068103921664,Manila,,Moderate,Mild,"(city-level, no barangay)"
tw_681525134428106752,Manila,,Moderate,Mild,"(city-level, no barangay)"
tw_701367418916982784,Manila,Sampaloc,Mild,Mild,Sampaloc
tw_705405357380599808,Pasig,,Moderate,Mild,"(city-level, no barangay)"
tw_706106152820408320,Pasig,,Mild,Moderate,"(city-level, no barangay)"
tw_743657154901487618,Manila,,Mild,Mild,"(city-level, no barangay)"
tw_743658408994177024,Manila,,Mild,Mild,"(city-level, no barangay)"
tw_745848225135992832,Manila,,Mild,Mild,"(city-level, no barangay)"
tw_746935274958168064,Manila,,Moderate,Mild,"(city-level, no barangay)"
tw_746950949483257856,Manila,,Mild,Mild,"(city-level, no barangay)"
tw_746961202870353920,Manila,,Mild,Moderate,"(city-level, no barangay)"
tw_747101149690396672,Manila,,Mild,Mild,"(city-level, no barangay)"
tw_780910342469582848,Manila,,Mild,Mild,"(city-level, no barangay)"
tw_780910372781821952,Manila,,Mild,Mild,"(city-level, no barangay)"
tw_780912062318809089,Manila,,Moderate,Mild,"(city-level, no barangay)"
tw_780924875145785344,Manila,,Mild,Mild,"(city-level, no barangay)"
tw_781152394461667328,Manila,,Moderate,Moderate,"(city-level, no barangay)"
tw_781251876935249920,Manila,,Mild,Mild,"(city-level, no barangay)"
tw_781261525071695872,Manila,,Mild,Mild,"(city-level, no barangay)"
tw_781267679634071552,Manila,,Mild,Mild,"(city-level, no barangay)"
tw_781271197895884800,Manila,,Mild,Mild,"(city-level, no barangay)"
tw_781280100906102784,Manila,,Severe,Moderate,"(city-level, no barangay)"
tw_781281575124111360,Manila,,Mild,Mild,"(city-level, no barangay)"
tw_781285589903630336,Pasig,Pinagbuhatan,Mild,Mild,Pinagbuhatan
tw_781290477886726144,Manila,,Mild,Mild,"(city-level, no barangay)"
tw_781398418430230528,Pasig,,Mild,Moderate,"(city-level, no barangay)"
tw_781401392527343616,Pasig,,Mild,Moderate,"(city-level, no barangay)"
tw_808636991914971136,Manila,,Mild,Mild,"(city-level, no barangay)"
tw_813234047325343744,Marikina,,Mild,Severe,"(city-level, no barangay)"
tw_835860241422168065,Marikina,,Mild,Mild,"(city-level, no barangay)"
tw_84524117096792064,Marikina,Nangka,Severe,Severe,Nangka
tw_845490845948116992,Manila,,Mild,Mild,"(city-level, no barangay)"
tw_84580465121562624,Marikina,,Moderate,Mild,"(city-level, no barangay)"
tw_84608600345034753,Marikina,,Moderate,Moderate,"(city-level, no barangay)"
tw_84673573649784832,Marikina,,Moderate,Moderate,"(city-level, no barangay)"
tw_84838299453243392,Marikina,,Severe,Severe,"(city-level, no barangay)"
tw_879576734839881729,Manila,,Mild,Mild,"(city-level, no barangay)"
tw_879581713030029312,Manila,,Mild,Mild,"(city-level, no barangay)"
tw_879585515355254784,Manila,Ermita,Mild,Mild,Ermita
tw_879585804468670464,Manila,Ermita,Mild,Mild,Ermita
tw_879594785580892160,Manila,,Mild,Mild,"(city-level, no barangay)"
tw_879598836024586241,Manila,,Mild,Mild,"(city-level, no barangay)"
tw_879599929542320128,Manila,,Moderate,Mild,"(city-level, no barangay)"
tw_879917278351044608,Manila,,Mild,Mild,"(city-level, no barangay)"
tw_879961373949665280,Manila,,Mild,Mild,"(city-level, no barangay)"
tw_879995387758518272,Manila,,Moderate,Mild,"(city-level, no barangay)"
tw_880330980908650497,Manila,,Moderate,Mild,"(city-level, no barangay)"
tw_880727885895610370,Manila,,Mild,Mild,"(city-level, no barangay)"
tw_880728560608186368,Manila,,Mild,Mild,"(city-level, no barangay)"
tw_941963539442319360,Marikina,,Severe,Severe,"(city-level, no barangay)"
tw_973033170172964864,Manila,,Mild,Mild,"(city-level, no barangay)"
tw_976145345854914560,Manila,,Mild,Mild,"(city-level, no barangay)"
