"attachments/0/accessibilityCaption","attachments/0/id","attachments/0/type","attachments/0/url","attachments/1/accessibilityCaption","attachments/1/id","attachments/1/type","attachments/1/url","attachments/2/accessibilityCaption","attachments/2/id","attachments/2/type","attachments/2/url","attachments/3/accessibilityCaption","attachments/3/id","attachments/3/type","attachments/3/url","attachments/4/accessibilityCaption","attachments/4/id","attachments/4/type","attachments/4/url","author/id","author/name","author/profilePicture","author/profileUrl","commentsCount","postId","postText","reactions/anger","reactions/haha","reactions/like","reactions/love","reactions/sorry","reactions/wow","reactionsCount","sharesCount","timestamp","url"
"No photo description available.","357714377984809","photo","https://www.facebook.com/photo.php?fbid=357714377984809&set=a.145458094872269&type=3","No photo description available.","357714384651475","photo","https://www.facebook.com/photo.php?fbid=357714384651475&set=a.145458094872269&type=3",,,,,,,,,,,,,"100082242366762","UC Media","https://scontent-iad6-1.xx.fbcdn.net/v/t39.30808-1/616848779_886317424119662_3261743613472761333_n.jpg?stp=cp0_dst-jpg_tt6&cstp=mx1600x1600&ctp=s40x40&_nc_cat=106&ccb=1-7&_nc_sid=2d3e12&_nc_ohc=qCFQ57I2_YEQ7kNvwFF1p4q&_nc_oc=AdrkxcYeZOxuQZv5FGdhtfquGegBmlCRAmNPGXuZEmNiiz7vD4FYMVYIRNGkPtp29-Q&_nc_zt=24&_nc_ht=scontent-iad6-1.xx&_nc_gid=N1sUWmIVKZKSrSrs9iG0Bg&_nc_ss=7c2a8&oh=00_AQBJwIBG2t39IYfRa5V_-qPisLQOI9YPw60fiGgwjQw_ew&oe=6A5FF314","https://www.facebook.com/UCMediaPH","15","357715001318080","In Photos: Nagdulot ng hanggang tuhod na baha sa harapan ng University of Makati ang malakas na ulan hatid ni Bagyong #MaringPH

(Photo courtesy by R. Orantia)
#UCMedia",,"5","150",,"27","23","205","80","1505209334000","https://www.facebook.com/UCMediaPH/posts/pfbid02SyUvFms5eKGxvZ5TEUzL9ZA4yg2s2MmAjZmYujdD8FfxpNrX16yg1rYkLazsLsnGl"
"No photo description available.","1130037530462803","photo","https://www.facebook.com/photo/?fbid=1130037530462803&set=a.226495585504251",,,,,,,,,,,,,,,,,"100044314335438","Anna Cay","https://scontent-iad3-2.xx.fbcdn.net/v/t39.30808-1/440338214_1013268686826933_5064719238668995548_n.jpg?stp=cp0_dst-jpg_tt6&cstp=mx960x960&ctp=s40x40&_nc_cat=111&ccb=1-7&_nc_sid=2d3e12&_nc_ohc=zeIlYJ_77QEQ7kNvwF8ZImZ&_nc_oc=Adp-oUMFsIrHGQmzRLv5s1aextteeOchuW9p9nO6LflaJG9TVNhTYpUTJzDwURMGn54&_nc_zt=24&_nc_ht=scontent-iad3-2.xx&_nc_gid=N1sUWmIVKZKSrSrs9iG0Bg&_nc_ss=7c2a8&oh=00_AQD5hJZNb96UO_rzi8YKO4ezTWiR0tCiEtUmx7oDQABD-w&oe=6A5FEB9A","https://www.facebook.com/annacay22","365","1130038030462753","Find a guy who will suong the baha for you just so you can make it to Eat Bulaga 😂 Late na pero mas naawa ako kay Geloy. Hanggang baywang ang baha sa village nila. 😭

PS Oo nakuha pang mag Instagram Live ni mokong.  ( first live daw nya)",,"834","3099","1686","7","40","5666","236","1505178562000","https://www.facebook.com/annacay22/posts/pfbid0R3KmareheB5vYNYHoSGtUzff6iz12JsLeoygqpWoeqYpAdkyFXCuwtM6zAkySqQZl"
,,,,,,,,,,,,,,,,,,,,"100051498355535","Love2bike","https://scontent-iad3-2.xx.fbcdn.net/v/t39.30808-1/305465567_570821881311085_6731259432472875573_n.jpg?stp=cp0_dst-jpg_tt6&cstp=mx1417x1417&ctp=s40x40&_nc_cat=105&ccb=1-7&_nc_sid=2d3e12&_nc_ohc=WvuFnesKcAAQ7kNvwEbpYZv&_nc_oc=Adop6VA7YVovrydd1bE_XU7ZmGSUyeAWmS3wEbuTIigp838QVs3DBSpXZTyvjk0s6Cc&_nc_zt=24&_nc_ht=scontent-iad3-2.xx&_nc_gid=N1sUWmIVKZKSrSrs9iG0Bg&_nc_ss=7c2a8&oh=00_AQD9GPZTUKCSeqHo6dmnwggr-sIAVp7GK3Jnbeyu_cqFFQ&oe=6A600CAE","https://www.facebook.com/Love2bike.network","9","1445362008881199","Sakto para sa baha ... 😎",,,"74","1",,"10","85","1","1505215810000","https://www.facebook.com/MmBikeshop88/posts/pfbid0xLccZbrYzye4vFfGpEEShKACKqeCCAEL19DxoSZRGnJ64dn8T1k6ubyjGamGvWiBl"
"No photo description available.","480075469040507","photo","https://www.facebook.com/photo.php?fbid=480075469040507&set=a.252642895117100&type=3","No photo description available.","480075519040502","photo","https://www.facebook.com/photo.php?fbid=480075519040502&set=a.252642895117100&type=3",,,,,,,,,,,,,"100011141735518","Rej Danga Maglente","https://scontent-iad3-1.xx.fbcdn.net/v/t39.30808-1/576943576_2535346033513430_1629490555203535312_n.jpg?stp=cp0_dst-jpg_tt6&cstp=mx750x750&ctp=s40x40&_nc_cat=110&ccb=1-7&_nc_sid=1d2534&_nc_ohc=pI93WpTchKcQ7kNvwH7sWWg&_nc_oc=Adqa8z_qAZNFVgjkAShxQnoRLAXo8lgDYKFSMx0MErTIjM2cxa0XdydJaboXVEzExaI&_nc_zt=24&_nc_ht=scontent-iad3-1.xx&_nc_gid=N1sUWmIVKZKSrSrs9iG0Bg&_nc_ss=7c2a8&oh=00_AQAnfr9oaF0ez6IDjNBu9I2AbeezO1G218r3yYyo7Fj-6Q&oe=6A600738","https://www.facebook.com/mialtimaserena","9","480075565707164","Better late than never ☺☺ baha po kasi sa labas 😂😂😂 muntik na po ako anurin 👼👼 sornaman boss gigilmoko ah 👊👊😂😂
#growinghearts #mialtimaserena",,,"53","4",,,"57","0","1505209194000","https://www.facebook.com/mialtimaserena/posts/pfbid0278JG7TCjhjG5KQ9WhvQXjentoY6ThmYqudNpomTjXrF3ECvvjyJQNu9FLaXJkRbNl"
"No photo description available.","856974897816951","photo","https://www.facebook.com/photo.php?fbid=856974897816951&set=a.271614264963624&type=3","No photo description available.","856974947816946","photo","https://www.facebook.com/photo.php?fbid=856974947816946&set=a.271614264963624&type=3","No photo description available.","856974991150275","photo","https://www.facebook.com/photo.php?fbid=856974991150275&set=a.271614264963624&type=3",,,,,,,,,"100063451585053","Pia Velasco","https://scontent-iad3-2.xx.fbcdn.net/v/t39.30808-1/243016030_271614314963619_4018581487694668651_n.jpg?stp=c0.0.378.378a_cp0_dst-jpg_tt6&cstp=mx378x378&ctp=s40x40&_nc_cat=111&ccb=1-7&_nc_sid=2d3e12&_nc_ohc=Bx-seMl9aKwQ7kNvwEy6g76&_nc_oc=AdqLxtXY9BJ4q5agHx5JakfRlHi4KeN30pR4KIpOHxP-bagOTX8r18HL5LM_vFXx2qw&_nc_zt=24&_nc_ht=scontent-iad3-2.xx&_nc_gid=N1sUWmIVKZKSrSrs9iG0Bg&_nc_ss=7c2a8&oh=00_AQB33Cv8Me2FGFVjiZiLr2D27IVq1lYmXACJ7woyyfLuCg&oe=6A601942","https://www.facebook.com/sofiaschuckvelasco","23","856975004483607","Iwasan ang Ortigas ave ext. DON MARIANO Tapat ng STI. malalim ang baha. hinde makakaraan ang mga maliliit n sasakyan",,,"170",,"20",,"190","189","1505174579000","https://www.facebook.com/sofiaschuckvelasco/posts/pfbid033aDZrZUkbcFnLkdhLo6g91DAtwCJtjD9hA5peFNc6geHZDUBFx15tWd3a9pnNPb4l"
"No photo description available.","1489907537769214","photo","https://www.facebook.com/photo/?fbid=1489907537769214&set=a.578857227702874",,,,,,,,,,,,,,,,,"100067358067150","OPM Memes","https://scontent-iad6-1.xx.fbcdn.net/v/t39.30808-1/476485096_936824428572817_3564712185323487688_n.jpg?stp=cp0_dst-jpg_tt6&cstp=mx2048x2048&ctp=s40x40&_nc_cat=109&ccb=1-7&_nc_sid=2d3e12&_nc_ohc=F6B1EcEsugMQ7kNvwGKMNJ9&_nc_oc=AdqEAEI2e3aT92-cwgCmfNh2D5V51weN3qeXS-zxjXamuA2w_xzGDmxzoLE3pkN4OrU&_nc_zt=24&_nc_ht=scontent-iad6-1.xx&_nc_gid=oDtEa1dLG3yP4nF4lj1FuA&_nc_ss=7c2a8&oh=00_AQC2tYFazzVDauN7yO1lrRGadNC8q67MjGQQBD1Kz8G-Xw&oe=6A600423","https://www.facebook.com/OPMmemesPH","22","1489907561102545","Yung baha lampas hita. Yung inet abot singet. E ikaw..Hanggang Tingin na lang. Sadnu?",,"326","707","8","57","3","1101","124","1505224733000","https://www.facebook.com/OPMmemesPH/posts/pfbid02nfVWF58McDR3L6VfZcVchm2C8pAHH3F9ngtk2YM3q64qjt1CodxkkNWfL6q6YF3cl"
"No photo description available.","872800329539158","photo","https://www.facebook.com/photo.php?fbid=872800329539158&set=a.107433026075896&type=3","No photo description available.","872800352872489","photo","https://www.facebook.com/photo.php?fbid=872800352872489&set=a.107433026075896&type=3","No photo description available.","872800372872487","photo","https://www.facebook.com/photo.php?fbid=872800372872487&set=a.107433026075896&type=3","No photo description available.","872800386205819","photo","https://www.facebook.com/photo.php?fbid=872800386205819&set=a.107433026075896&type=3","No photo description available.","872800419539149","photo","https://www.facebook.com/photo.php?fbid=872800419539149&set=a.107433026075896&type=3","100004275971670","Sting Aquino","https://scontent-iad6-1.xx.fbcdn.net/v/t1.6435-1/38248793_1084017545084101_7367637008941842432_n.jpg?stp=cp0_dst-jpg_tt6&cstp=mx539x539&ctp=s40x40&_nc_cat=100&ccb=1-7&_nc_sid=e99d92&_nc_ohc=C3C4hHkDMXsQ7kNvwG8xehE&_nc_oc=Adp_aAMCeAA6v2l9XQ-lk1tqzpVQLrc69vTmAAsyboqrhW-5m_FI9yVxqG0tvXsIB40&_nc_zt=24&_nc_ht=scontent-iad6-1.xx&_nc_gid=oDtEa1dLG3yP4nF4lj1FuA&_nc_ss=7c2a8&oh=00_AQAFpupf8M_8REKyUHH1AnRovsFlBH7OeF_XTOv52gl8gA&oe=6A8188B4","https://www.facebook.com/stingfetz","11","872800502872474","grabe na baha to sa cainta..",,,"51",,"4",,"55","0","1505198711000","https://www.facebook.com/stingfetz/posts/pfbid02oAejTBeBUx3ReFgxyx7X75CT4eNqsKk8XdQQf3NataVhS2F6h9WRimbKKEKSZvfbl"
"No photo description available.","856977727816668","photo","https://www.facebook.com/photo.php?fbid=856977727816668&set=a.271614264963624&type=3","No photo description available.","856977757816665","photo","https://www.facebook.com/photo.php?fbid=856977757816665&set=a.271614264963624&type=3",,,,,,,,,,,,,"100063451585053","Pia Velasco","https://scontent-iad3-2.xx.fbcdn.net/v/t39.30808-1/243016030_271614314963619_4018581487694668651_n.jpg?stp=c0.0.378.378a_cp0_dst-jpg_tt6&cstp=mx378x378&ctp=s40x40&_nc_cat=111&ccb=1-7&_nc_sid=2d3e12&_nc_ohc=Bx-seMl9aKwQ7kNvwEy6g76&_nc_oc=AdqLxtXY9BJ4q5agHx5JakfRlHi4KeN30pR4KIpOHxP-bagOTX8r18HL5LM_vFXx2qw&_nc_zt=24&_nc_ht=scontent-iad3-2.xx&_nc_gid=oDtEa1dLG3yP4nF4lj1FuA&_nc_ss=7c2a8&oh=00_AQBQ6eFrxLLUMHuyV68TRHJblCKc9drHcXBfwHuw2TnPIA&oe=6A601942","https://www.facebook.com/sofiaschuckvelasco","3","856977774483330","Baha Update. Karangalan Gate 1 & 2 Brgy San Isidro.",,,"53",,"4",,"57","18","1505175272000","https://www.facebook.com/sofiaschuckvelasco/posts/pfbid02cpDNnv7HJdsL2zfbNF6w6cWao5puLVmDEbGWsvQqcxiBV84mFwswx622GFEqnpegl"
"No photo description available.","1568313963207045","photo","https://www.facebook.com/photo/?fbid=1568313963207045&set=gm.942589509215366",,,,,,,,,,,,,,,,,"100000853701362","Vince Solomon","https://scontent-iad3-2.xx.fbcdn.net/v/t39.30808-1/607440853_25800254182919685_4392948257036346245_n.jpg?stp=cp0_dst-jpg_tt6&cstp=mx1080x1080&ctp=s24x24&_nc_cat=105&ccb=1-7&_nc_sid=e99d92&_nc_ohc=qQDMUMlIsMIQ7kNvwGrTPxi&_nc_oc=Ado6T8cw1CnIoahu4sPWKmnZD-AJVr9t7vriXfBHZkcbOyVGMRDrj9HxBKAXGs7hKJo&_nc_zt=24&_nc_ht=scontent-iad3-2.xx&_nc_gid=oDtEa1dLG3yP4nF4lj1FuA&_nc_ss=7c2a8&oh=00_AQDvT_jSeCQZKPxLZ9EcG4dlbaVLBhwtJ7bdkyJHM1Pjuw&oe=6A5FECF5","https://www.facebook.com/beans.solomon.baoit","0","942589509215366","Tumataas na ang baha so dapat ready din sila 😊 ctto",,"32","64","6",,"1","103","2","1505206839000","https://www.facebook.com/groups/752416584899327/permalink/942589509215366/"
"No photo description available.","1718154184881607","photo","https://www.facebook.com/photo.php?fbid=1718154184881607&set=gm.2228065313886330&type=3","No photo description available.","1718154251548267","photo","https://www.facebook.com/photo.php?fbid=1718154251548267&set=gm.2228065313886330&type=3",,,,,,,,,,,,,"100000611251604","Mak de Silva","https://scontent-iad3-2.xx.fbcdn.net/v/t39.30808-1/732986483_28003264369277230_6198289915119370661_n.jpg?stp=cp0_dst-jpg_tt6&cstp=mx2048x2048&ctp=s24x24&_nc_cat=111&ccb=1-7&_nc_sid=1d2534&_nc_ohc=uj7S9MUoJOoQ7kNvwFdFejD&_nc_oc=AdoMOz6ql15RHpeuC_lQ7OZVfIAJb5CP0CC3qLjTqoQawxXkodBYwnOziQYw5B05E6g&_nc_zt=24&_nc_ht=scontent-iad3-2.xx&_nc_gid=oDtEa1dLG3yP4nF4lj1FuA&_nc_ss=7c2a8&oh=00_AQCiIpcOvBoxP-LWGb6ke-vjeYPaYEE1JmD-y8HlH0viLw&oe=6A60030D","https://www.facebook.com/mak.desilva","8","2228065313886330","Special thanks kay manong na nag guide samin sa karuhatan valenzuela. Sobrang baha lagpas ng paso de blas kaya sinamahan nya kami sa alternate route para makadaan kami di ko kasi alam daan papuntang marulas..kada traffic nghintay pa din imbis na makasingit na sila. Hehe. Salute sa mga kagulong natin!👍",,,"299","3",,"1","303","2","1505217902000","https://www.facebook.com/groups/mcrightsorg/permalink/2228065313886330/"
"No photo description available.","1625070577538055","photo","https://www.facebook.com/photo.php?fbid=1625070577538055&set=gm.942558605885123&type=3","No photo description available.","1625070607538052","photo","https://www.facebook.com/photo.php?fbid=1625070607538052&set=gm.942558605885123&type=3","No photo description available.","1625070634204716","photo","https://www.facebook.com/photo.php?fbid=1625070634204716&set=gm.942558605885123&type=3",,,,,,,,,"100001053840946","Fhe Bonaobra","https://scontent-iad3-1.xx.fbcdn.net/v/t39.30808-1/431972916_7579908788720841_8162893456508509831_n.jpg?stp=cp0_dst-jpg_tt6&cstp=mx720x726&ctp=s24x24&_nc_cat=101&ccb=1-7&_nc_sid=1d2534&_nc_ohc=C9iOVs8YisoQ7kNvwH4kPlS&_nc_oc=Adovi8alOPjALWsbHPIdBzIslT9iIEsWO8EVbMg4VK8v7VX8EpG-fbw659HEA_WF8so&_nc_zt=24&_nc_ht=scontent-iad3-1.xx&_nc_gid=oDtEa1dLG3yP4nF4lj1FuA&_nc_ss=7c2a8&oh=00_AQAUus8Biias7qYwsfQHEryupqrTVXW1N8kuz-ThZo5QpA&oe=6A5FEBA6","https://www.facebook.com/fhe.bonaobra","3","942558605885123","Sana tumigil n ang ulan ...keep safe everyone! Taas na po ng baha ...

#simplereminderfromchico",,,"48","5","7","1","61","0","1505204556000","https://www.facebook.com/groups/752416584899327/permalink/942558605885123/"
"No photo description available.","1008723449267593","photo","https://www.facebook.com/photo.php?fbid=1008723449267593&set=a.570734741761677&type=3","No photo description available.","1008723459267592","photo","https://www.facebook.com/photo.php?fbid=1008723459267592&set=a.570734741761677&type=3","No photo description available.","1008723469267591","photo","https://www.facebook.com/photo.php?fbid=1008723469267591&set=a.570734741761677&type=3","No photo description available.","1008723535934251","photo","https://www.facebook.com/photo.php?fbid=1008723535934251&set=a.570734741761677&type=3","No photo description available.","1008723512600920","photo","https://www.facebook.com/photo.php?fbid=1008723512600920&set=a.570734741761677&type=3","100064754674769","Astig Machismis","https://scontent-iad6-1.xx.fbcdn.net/v/t39.30808-1/327200636_1256704984910163_5219693441624005724_n.jpg?stp=cp0_dst-jpg_tt6&cstp=mx180x180&ctp=s40x40&_nc_cat=100&ccb=1-7&_nc_sid=2d3e12&_nc_ohc=1T9WsVjZlzMQ7kNvwG8c0vM&_nc_oc=AdofCBqnWXinCm83_VxvSu390-2MQFhno7duM5wotCH_zeDycAlDJwA759ZJUkctApQ&_nc_zt=24&_nc_ht=scontent-iad6-1.xx&_nc_gid=VMk9eZ2HsaewERiIO7AU3g&_nc_ss=7c2a8&oh=00_AQB_beOI26qTcHB7GGtWzS9Zbtxsf_nzwpxQUyRwfrb8nw&oe=6A5FEDD9","https://www.facebook.com/AstigMachismis","2","1008724182600853","#BahaPH #Baha #Memes for all seasons",,"7","8",,,,"15","36","1505178206000","https://www.facebook.com/AstigMachismis/posts/pfbid02rrNjbof8JLysb7vd44AjfKtMw8McCW8XKa6i5FzaEpaF1yg6S4QaDjBW4phgEqVAl"
"No photo description available.","856979601149814","photo","https://www.facebook.com/photo/?fbid=856979601149814&set=a.271614264963624",,,,,,,,,,,,,,,,,"100063451585053","Pia Velasco","https://scontent-iad3-2.xx.fbcdn.net/v/t39.30808-1/243016030_271614314963619_4018581487694668651_n.jpg?stp=c0.0.378.378a_cp0_dst-jpg_tt6&cstp=mx378x378&ctp=s40x40&_nc_cat=111&ccb=1-7&_nc_sid=2d3e12&_nc_ohc=Bx-seMl9aKwQ7kNvwEy6g76&_nc_oc=AdqLxtXY9BJ4q5agHx5JakfRlHi4KeN30pR4KIpOHxP-bagOTX8r18HL5LM_vFXx2qw&_nc_zt=24&_nc_ht=scontent-iad3-2.xx&_nc_gid=VMk9eZ2HsaewERiIO7AU3g&_nc_ss=7c2a8&oh=00_AQB1OkHg_99bma2fNC46Jw15LPvioKPoOQmD7W9mDi1EFQ&oe=6A601942","https://www.facebook.com/sofiaschuckvelasco","6","856979621149812","Baha Update. Kasibulan Subd. Gate Entrance knee deep some part of subd waist deep.",,,"37",,"7",,"44","21","1505175578000","https://www.facebook.com/sofiaschuckvelasco/posts/pfbid0cBQpFqfPshy1m3783D6w7DCMdbGKUt3Jp7JSsQ1HcDBrQBAnDY1XdWcDx3K23vBal"
"No photo description available.","1797954777177069","photo","https://www.facebook.com/photo.php?fbid=1797954777177069&set=a.524862029445037&type=3","No photo description available.","1797954787177068","photo","https://www.facebook.com/photo.php?fbid=1797954787177068&set=a.524862029445037&type=3","No photo description available.","1797954807177066","photo","https://www.facebook.com/photo.php?fbid=1797954807177066&set=a.524862029445037&type=3","No photo description available.","1797954827177064","photo","https://www.facebook.com/photo.php?fbid=1797954827177064&set=a.524862029445037&type=3","No photo description available.","1797954853843728","photo","https://www.facebook.com/photo.php?fbid=1797954853843728&set=a.524862029445037&type=3","100057637322562","Sgt.Ink Tattoo","https://scontent-iad3-1.xx.fbcdn.net/v/t39.30808-1/302481067_524862049445035_7276324530825453588_n.jpg?stp=cp0_dst-jpg_tt6&cstp=mx791x790&ctp=s40x40&_nc_cat=110&ccb=1-7&_nc_sid=2d3e12&_nc_ohc=fdn7B22gwx4Q7kNvwEGCtr0&_nc_oc=Adox7JhoqcTtx7LTAeF2ppNvDYYhARI12tcV8lJ7elO0Y3Dx8Bq1MzYcnap7os5SO5U&_nc_zt=24&_nc_ht=scontent-iad3-1.xx&_nc_gid=VMk9eZ2HsaewERiIO7AU3g&_nc_ss=7c2a8&oh=00_AQA0W6q9Nhl1nQXvyT1SHdkknp_Wh_Ze18EcOoh9TFiZqw&oe=6A6001A3","https://www.facebook.com/Sgt.InkShop","2","1797955247177022","good morning mga dre!!! sana ayos tayong lahat! humupa na ang baha! Resume tayo sa tatuan. lets go!!! Godbless us all! Check niyo to! 
👇👇👇💣🔥

➖➖➖➖➖➖➖➖➖➖➖➖➖➖➖➖➖

My birthmonth for you all!!! 🔥🔥🔥
500 Pesos on all minimal design/size tattoo. Applies to Black and Gray tattoo only.

Here's how to avail.

1. Like and Share our page. (especially this post)
2. Message us your preferred design.
3. If approved, bring a printed copy of your design before going to the shop.

*Extra charge will apply if you want it colored.

Find us on Waze: Puregold Tipas
instagram: instagram.com/sgt.ink2017

Promo runs from Sept. 1 to 30 only!
Book your schedule now!
Refer niyo kami ha? 😀😀😀

#WorthThePain

below are some samples para magka idea ka. Credits to google. ☺",,,"8","1",,,"9","4","1505253080000","https://www.facebook.com/Sgt.InkShop/posts/pfbid0oN7t7gngPb1Zvhj6puDN6an9zi23fS5n3dKesCaTR6u5eERsBNxLmGn4ihmue946l"
"No photo description available.","856980371149737","photo","https://www.facebook.com/photo/?fbid=856980371149737&set=a.271614264963624",,,,,,,,,,,,,,,,,"100063451585053","Pia Velasco","https://scontent-iad3-2.xx.fbcdn.net/v/t39.30808-1/243016030_271614314963619_4018581487694668651_n.jpg?stp=c0.0.378.378a_cp0_dst-jpg_tt6&cstp=mx378x378&ctp=s40x40&_nc_cat=111&ccb=1-7&_nc_sid=2d3e12&_nc_ohc=Bx-seMl9aKwQ7kNvwEy6g76&_nc_oc=AdqLxtXY9BJ4q5agHx5JakfRlHi4KeN30pR4KIpOHxP-bagOTX8r18HL5LM_vFXx2qw&_nc_zt=24&_nc_ht=scontent-iad3-2.xx&_nc_gid=VMk9eZ2HsaewERiIO7AU3g&_nc_ss=7c2a8&oh=00_AQB1OkHg_99bma2fNC46Jw15LPvioKPoOQmD7W9mDi1EFQ&oe=6A601942","https://www.facebook.com/sofiaschuckvelasco","2","856980414483066","Baha Update: Village East Subd. Gate entrance knee deep and in main road waist deep in some part of subd.",,,"38",,"9",,"47","30","1505175761000","https://www.facebook.com/sofiaschuckvelasco/posts/pfbid0DspNwEpwLVbCG7QnjeArxSMir41TRj7ZN4VD4GPmDJpQbjhWA8GMz7qdYU3vv87yl"
"No photo description available.","1125261024242487","photo","https://www.facebook.com/photo/?fbid=1125261024242487&set=a.456660273140228",,,,,,,,,,,,,,,,,"100063887770527","Online Shop","https://scontent-iad3-2.xx.fbcdn.net/v/t39.30808-1/656151433_1407385804734332_7490245126536617946_n.jpg?stp=c5.0.459.459a_cp0_dst-jpg_tt6&cstp=mx459x459&ctp=s40x40&_nc_cat=111&ccb=1-7&_nc_sid=2d3e12&_nc_ohc=b_pERW1GOF8Q7kNvwERbUqx&_nc_oc=AdrOJishArEDWp1uW1WOpoiXJgarUjHrgu3z62QI5yPn53iXWZqBbpRxnl6_m966lnE&_nc_zt=24&_nc_ht=scontent-iad3-2.xx&_nc_gid=VMk9eZ2HsaewERiIO7AU3g&_nc_ss=7c2a8&oh=00_AQANGtdGAQp2ufvH7uqjA2ongE_G9JZJWNp-OKYt1VDflg&oe=6A6001B0","https://www.facebook.com/marklomerio.motogears","3","1125261044242485","Nakupo.. BAHA na dito saamin. Ridesafe mga paps",,"6","5",,"1",,"12","1","1505180278000","https://www.facebook.com/marklomerio.motogears/posts/pfbid026e84nQ7z2LKNS6boRbekixMcc2rQrL5HfyMwW2Qsu4qJ4MGbDFrABQjMR57cfcwsl"
"No photo description available.","856981264482981","photo","https://www.facebook.com/photo/?fbid=856981264482981&set=a.271614264963624",,,,,,,,,,,,,,,,,"100063451585053","Pia Velasco","https://scontent-iad3-2.xx.fbcdn.net/v/t39.30808-1/243016030_271614314963619_4018581487694668651_n.jpg?stp=c0.0.378.378a_cp0_dst-jpg_tt6&cstp=mx378x378&ctp=s40x40&_nc_cat=111&ccb=1-7&_nc_sid=2d3e12&_nc_ohc=Bx-seMl9aKwQ7kNvwEy6g76&_nc_oc=AdqLxtXY9BJ4q5agHx5JakfRlHi4KeN30pR4KIpOHxP-bagOTX8r18HL5LM_vFXx2qw&_nc_zt=24&_nc_ht=scontent-iad3-2.xx&_nc_gid=VMk9eZ2HsaewERiIO7AU3g&_nc_ss=7c2a8&oh=00_AQB1OkHg_99bma2fNC46Jw15LPvioKPoOQmD7W9mDi1EFQ&oe=6A601942","https://www.facebook.com/sofiaschuckvelasco","1","856981284482979","Baha Update: Country Homes & Cypres Subd.  Gate entrance.",,,"29",,"4","2","35","11","1505175943000","https://www.facebook.com/sofiaschuckvelasco/posts/pfbid0PhnVnxniVwaAxaoqghbLLjkZNNHKRmwor1hiFa9owJjJrF6qUcKY3X5xwf9t5J7al"
"No photo description available.","856978131149961","photo","https://www.facebook.com/photo/?fbid=856978131149961&set=a.271614264963624",,,,,,,,,,,,,,,,,"100063451585053","Pia Velasco","https://scontent-iad3-2.xx.fbcdn.net/v/t39.30808-1/243016030_271614314963619_4018581487694668651_n.jpg?stp=c0.0.378.378a_cp0_dst-jpg_tt6&cstp=mx378x378&ctp=s40x40&_nc_cat=111&ccb=1-7&_nc_sid=2d3e12&_nc_ohc=Bx-seMl9aKwQ7kNvwEy6g76&_nc_oc=AdqLxtXY9BJ4q5agHx5JakfRlHi4KeN30pR4KIpOHxP-bagOTX8r18HL5LM_vFXx2qw&_nc_zt=24&_nc_ht=scontent-iad3-2.xx&_nc_gid=MQ72i982hHnlxFc9pTbuZg&_nc_ss=7c2a8&oh=00_AQCATHBIJKJ5bEeHcKJTOzkZEojbE1Y-CFGKx82jIQw6Qg&oe=6A601942","https://www.facebook.com/sofiaschuckvelasco","1","856978157816625","Baha Update: Vista Verde Executive Subd. Entrance.",,,"21",,"4",,"25","3","1505175373000","https://www.facebook.com/sofiaschuckvelasco/posts/pfbid02Fgf8xaUR9FDogikXKWwGd9SJHYK9uqUEb394rEWmtNYbYV8udWV1wmCWGYMiP5TAl"
"No photo description available.","170457943513083","photo","https://www.facebook.com/photo/?fbid=170457943513083&set=a.497870405677691",,,,,,,,,,,,,,,,,"100063642084161","Sleepspace - Female Bedspace/Condoshare in Ortigas","https://scontent-iad3-1.xx.fbcdn.net/v/t39.30808-1/513249307_1271186071679450_5489439668561048726_n.jpg?stp=c11.0.980.980a_cp0_dst-jpg_tt6&cstp=mx980x980&ctp=s40x40&_nc_cat=101&ccb=1-7&_nc_sid=2d3e12&_nc_ohc=FCycfsQe5twQ7kNvwGz-zZn&_nc_oc=AdpzwST57L66Z3fZQmaJy1dBabDL55_E7Oc-qbLUURFZY8h5ZPCd3h7HkuuhbH1Ye5U&_nc_zt=24&_nc_ht=scontent-iad3-1.xx&_nc_gid=MQ72i982hHnlxFc9pTbuZg&_nc_ss=7c2a8&oh=00_AQACLN2bGKhPP_qQG-wpb9RxY07rCOEG1nrQtPEtv6emWQ&oe=6A5FEC44","https://www.facebook.com/sleepspaceortigas","2","170457960179748","Isa ka ba sa nahirapang umuwi o pumasok kahapon? Lumusong ka din ba sa baha? O di ka nakapasok?
Kung sa ortigas ka lang naman nagtatrabaho dito ka na magrent! Lalakarin mo lang ang opisina mo! Kapitbahay mo pa ang Robinson's Galleria pati Podium, St Francis at Megamall!",,,,,,,"0","0","1505264728000","https://www.facebook.com/sleepspaceortigas/posts/pfbid036ytUAdBvnXssNoEaBP7RLf6W2PjvYKCSGFi1ohJ1zFGnASVCvDVjDoRkkLKFh8FNl"
"No photo description available.","1523702774353718","photo","https://www.facebook.com/photo/?fbid=1523702774353718&set=a.472509028242301",,,,,,,,,,,,,,,,,"100064496238353","Don Mariano Subdivision","https://scontent-iad6-1.xx.fbcdn.net/v/t39.30808-1/309195839_472509041575633_3999237582063826214_n.jpg?stp=cp0_dst-jpg_tt6&cstp=mx1200x1200&ctp=s40x40&_nc_cat=106&ccb=1-7&_nc_sid=2d3e12&_nc_ohc=_LIpI-EdT0QQ7kNvwF2GD7z&_nc_oc=Ado7Q4BZUUqbgcBCUvMLSUzDhmTXV_hcf5T0pm7CAb5PJxMAjupKLp3kMTjK5CSqHds&_nc_zt=24&_nc_ht=scontent-iad6-1.xx&_nc_gid=MQ72i982hHnlxFc9pTbuZg&_nc_ss=7c2a8&oh=00_AQC9bEyiJ1e9jiTNPSBjJME665aTdVxlV8Vt4fUy7AF8pA&oe=6A5FF117","https://www.facebook.com/donmarianosubd","0","1523710541019608","ito po ang gumuhong riprap na naging dahilan ng matinding baha nung Lunes. Nakipagugnayan na po kami sa tanggapan ni Mayor Nieto at sa DPWH para magawa ito sa lalong madaling panahon. Let's hope and pray that our request will be granted ASAP before another downpour of heavy rain comes.",,"1","8",,"1",,"10","0","1505314582000","https://www.facebook.com/donmarianosubd/posts/pfbid02C8aXc9HhJjNrtwyRVeoCVsp57LtZW6nhg9Cg8p8evayScTcoeAJgmbBHPPGxpGc3l"
"No photo description available.","526193221053914","photo","https://www.facebook.com/photo/?fbid=526193221053914&set=a.403894655191983",,,,,,,,,,,,,,,,,"100067143548085","Bong Espino Motorcyle Shop And Accesories","https://scontent-iad3-2.xx.fbcdn.net/v/t39.30808-1/302156040_403894675191981_8637375258047671364_n.jpg?stp=cp0_dst-jpg_tt6&cstp=mx2041x2048&ctp=s40x40&_nc_cat=111&ccb=1-7&_nc_sid=2d3e12&_nc_ohc=r3KW35SNxIsQ7kNvwFo0kad&_nc_oc=AdqMmSy_8b-SWEijAVv9Fv8BpoGTTy2pIalRLsJAXTItKJqgP-PkvrLx53Phb2J-0ug&_nc_zt=24&_nc_ht=scontent-iad3-2.xx&_nc_gid=MQ72i982hHnlxFc9pTbuZg&_nc_ss=7c2a8&oh=00_AQBGsx55hA3qHIjUXCruTWLNNzz_8SESyG9v0fdeL6LSIQ&oe=6A5FEACB","https://www.facebook.com/profile.php?id=100067143548085","0","526193231053913","Ingat sa ulan at baha mga bes.. kung walang importanteng lakad stay at home nalang... keep safe...",,,"3",,,"1","4","0","1505179955000","https://www.facebook.com/permalink.php?story_fbid=pfbid02M75G44MZv5cR6n2gmf8g57j4WjYgRaRJQ5jTQ7SpZ8AzuWfFv6MUNPU41SY1tAwRl&id=100067143548085"
"No photo description available.","1321693527956681","photo","https://www.facebook.com/photo.php?fbid=1321693527956681&set=a.598816990244342&type=3","No photo description available.","1321694944623206","photo","https://www.facebook.com/photo.php?fbid=1321694944623206&set=a.598816990244342&type=3",,,,,,,,,,,,,"100003481386149","Rugiebee Tatad","https://scontent-iad3-1.xx.fbcdn.net/v/t39.30808-1/714244847_26661864430179575_6704458501466140050_n.jpg?stp=c8.0.780.780a_cp0_dst-jpg_tt6&cstp=mx780x780&ctp=s40x40&_nc_cat=104&ccb=1-7&_nc_sid=1d2534&_nc_ohc=rfY1p5x82ZYQ7kNvwFU95UO&_nc_oc=AdrccIlnhZA4-AgshhD_ISperN3nQsFP6XsGN8cpr-UC_haMRcg5JCpg-UbkYE73Mew&_nc_zt=24&_nc_ht=scontent-iad3-1.xx&_nc_gid=MQ72i982hHnlxFc9pTbuZg&_nc_ss=7c2a8&oh=00_AQAu4zZqvrXHza19AUpY_1j8u5Hkv8KMaPkhSFtVEzsxLA&oe=6A60104B","https://www.facebook.com/rugiebee","4","1321694987956535","BAHA",,,"26",,"5","1","32","0","1505208711000","https://www.facebook.com/rugiebee/posts/pfbid02mDcsgf8YTUopKQKcz5zd7Cpj2ddPoUBYaDwmrGT7i4u4jku6aosBbqWa8JzFKpD2l"
"No photo description available.","124911591495607","photo","https://www.facebook.com/photo/?fbid=124911591495607&set=a.117172275602872",,,,,,,,,,,,,,,,,"100019303000665","Evangeline Asiado Ariola","https://scontent-iad3-1.xx.fbcdn.net/v/t1.6435-1/100584428_572909156695846_193820745808216064_n.jpg?stp=cp0_dst-jpg_tt6&cstp=mx612x612&ctp=s40x40&_nc_cat=108&ccb=1-7&_nc_sid=e99d92&_nc_ohc=ySMjOdLJgxQQ7kNvwHzCCYj&_nc_oc=AdqI_wEzMctTwKmMWJAS0xQFjwAbaTNhUSyhxPUZ601DCSaFgms0JuiVQiKrFdWHQnI&_nc_zt=24&_nc_ht=scontent-iad3-1.xx&_nc_gid=MQ72i982hHnlxFc9pTbuZg&_nc_ss=7c2a8&oh=00_AQAdbvu5Mipp5vB6wNKSTteXX4qaylkJvwsYzGKC1sdnqQ&oe=6A8189FA","https://www.facebook.com/evangeline.asiadoariola.376","3","124911604828939","Happy birthday shan..di makapunta baha sa labas mahirap bumyahe..pa LBC ko na lang cake mo ha ha ha!joke",,,"18","2",,,"20","0","1505188005000","https://www.facebook.com/evangeline.asiadoariola.376/posts/pfbid0ecBc8K9zPL86ofaGC6BhzhvPDKzh6rESNpJr8pE3ypv6zHuqtbYsa6SgWHicEoYxl"
"No photo description available.","856979221149852","photo","https://www.facebook.com/photo/?fbid=856979221149852&set=a.271614264963624",,,,,,,,,,,,,,,,,"100063451585053","Pia Velasco","https://scontent-iad3-2.xx.fbcdn.net/v/t39.30808-1/243016030_271614314963619_4018581487694668651_n.jpg?stp=c0.0.378.378a_cp0_dst-jpg_tt6&cstp=mx378x378&ctp=s40x40&_nc_cat=111&ccb=1-7&_nc_sid=2d3e12&_nc_ohc=Bx-seMl9aKwQ7kNvwEy6g76&_nc_oc=AdqLxtXY9BJ4q5agHx5JakfRlHi4KeN30pR4KIpOHxP-bagOTX8r18HL5LM_vFXx2qw&_nc_zt=24&_nc_ht=scontent-iad3-2.xx&_nc_gid=L5iXMg8mOBZTou-RjNYYEg&_nc_ss=7c2a8&oh=00_AQAg9sl4Ftk_mMXzuR_7i9V6tivAQ21O13LrI6MYJwoiag&oe=6A601942","https://www.facebook.com/sofiaschuckvelasco","0","856979231149851","Baha Update: CVS Subd. Gate Entrance Knee Deep.",,,"10",,"2",,"12","1","1505175479000","https://www.facebook.com/sofiaschuckvelasco/posts/pfbid0wvb6M1p8ky7t6AzbivXX5jtZMGdHM12Hk5sVd3jKEfL3g87bVAQ8nyadeqJ6brU2l"
,,,,,,,,,,,,,,,,,,,,"1017681613","Amy Babaev","https://scontent-iad3-2.xx.fbcdn.net/v/t39.30808-1/603821598_10235982128266367_2170060806690226746_n.jpg?stp=cp0_dst-jpg_tt6&cstp=mx960x960&ctp=s40x40&_nc_cat=105&ccb=1-7&_nc_sid=1d2534&_nc_ohc=6CslygWCsIkQ7kNvwEVWpm9&_nc_oc=Adou7fo85cSLbGS1gqW3uLyySBJG81zjKgUPLOwxjIOUcEDk-EpREWllB75sInwAXlc&_nc_zt=24&_nc_ht=scontent-iad3-2.xx&_nc_gid=L5iXMg8mOBZTou-RjNYYEg&_nc_ss=7c2a8&oh=00_AQD4rM2T2Jzms9TzqyuYwNKTDB1MZenB_mNwJnb7u7I5cA&oe=6A600323","https://www.facebook.com/amy.santosbabaev","0","2390796071146352","Kung ganito ang baha sa inyo, sarap sigurong mag-swimming. :-)",,,"5",,,,"5","0","1505212905000","https://www.facebook.com/jlofied/posts/pfbid0285ELEACGqAU3TtxDKywoacm2DUpcog77r5JpLiugtZB8dknp85Agki9UFc5xwnCzl"
"No photo description available.","1722303488074077","photo","https://www.facebook.com/photo/?fbid=1722303488074077&set=a.450302703777016",,,,,,,,,,,,,,,,,"100063918695888","Hotguy Burgers - Vista Verde Cainta","https://scontent-iad3-2.xx.fbcdn.net/v/t39.30808-1/733993040_1497248865749056_4093873792910612270_n.jpg?stp=cp0_dst-jpg_tt6&cstp=mx1254x1254&ctp=s40x40&_nc_cat=105&ccb=1-7&_nc_sid=2d3e12&_nc_ohc=YCcJiPPJzaAQ7kNvwFUwK0E&_nc_oc=AdowIXYZoNk1ll-80jiQKK9mpim0MeoIUq3rF7OnXV36k6W5IJ1nyqR91olQpM6WZ4c&_nc_zt=24&_nc_ht=scontent-iad3-2.xx&_nc_gid=L5iXMg8mOBZTou-RjNYYEg&_nc_ss=7c2a8&oh=00_AQDtsGhRZVFL0M6tLGs_HyLBpjaDmsQOT6xpBV0765bjuA&oe=6A5FF92F","https://www.facebook.com/hotguyburgers","1","1722303501407409","Wala ng Baha, Wala din Pasok kaya Order na! 
#walangpasok #baha #hotguyburgers #deliver",,,"1",,,,"1","8","1505272555000","https://www.facebook.com/hotguyburgers/posts/pfbid0xBSYQaTV1xWEX38wvNBY3U9FjVC5x6NW43hpDUxHahywcN5sQTgcXfr2f6ZGCcEal"
"No photo description available.","1925867734353527","photo","https://www.facebook.com/photo/?fbid=1925867734353527&set=a.464802322328544",,,,,,,,,,,,,,,,,"100063963396760","Manna Prints PH","https://scontent-iad3-1.xx.fbcdn.net/v/t39.30808-1/434161359_842446971230742_2382492729652435349_n.jpg?stp=c310.310.1428.1428a_cp0_dst-jpg_tt6&cstp=mx1428x1428&ctp=s40x40&_nc_cat=110&ccb=1-7&_nc_sid=2d3e12&_nc_ohc=BtPeQdP5fB4Q7kNvwEBIv5c&_nc_oc=AdoqC3CF7sTJDQXOe1mRSjyWFvpsO0ZFJ8ICAq56wF2L5XcSsb6_qS4Tac58HaqKhvY&_nc_zt=24&_nc_ht=scontent-iad3-1.xx&_nc_gid=L5iXMg8mOBZTou-RjNYYEg&_nc_ss=7c2a8&oh=00_AQAHGERvPTUId9B1o1bDPOdjYUA9C9KmwkebO10JDCBWhw&oe=6A600C19","https://www.facebook.com/MannaPrintsPH","0","1925867751020192","Baha lang yan, Pinoy tayo! Stay safe 😉",,,"2",,,,"2","0","1505182396000","https://www.facebook.com/MannaPrintsPH/posts/pfbid024nSXuLK6oxf5gxEhRfS2mQAo1WGbydRvELvezyHFKvKywWcpzafKGqesXCcG53xUl"
"No photo description available.","1773173666043259","photo","https://www.facebook.com/photo.php?fbid=1773173666043259&set=a.456640739809782&type=3","No photo description available.","1773173712709921","photo","https://www.facebook.com/photo.php?fbid=1773173712709921&set=a.456640739809782&type=3","No photo description available.","1773173756043250","photo","https://www.facebook.com/photo.php?fbid=1773173756043250&set=a.456640739809782&type=3","No photo description available.","1773173792709913","photo","https://www.facebook.com/photo.php?fbid=1773173792709913&set=a.456640739809782&type=3","No photo description available.","1773173836043242","photo","https://www.facebook.com/photo.php?fbid=1773173836043242&set=a.456640739809782&type=3","100063915797784","JF-JR Japan Surplus Bike","https://scontent-iad3-2.xx.fbcdn.net/v/t39.30808-1/300514406_456640773143112_3885094940337384915_n.jpg?stp=cp0_dst-jpg_tt6&cstp=mx582x589&ctp=p40x40&_nc_cat=105&ccb=1-7&_nc_sid=2d3e12&_nc_ohc=LgBbpB6iBPQQ7kNvwEAcLVk&_nc_oc=AdpEo7O0dejnDej0BlLpw7_1vwu0lYTDzA5Rbn0056yFoc-YGC-81oXBoBnEVTn2Q6M&_nc_zt=24&_nc_ht=scontent-iad3-2.xx&_nc_gid=L5iXMg8mOBZTou-RjNYYEg&_nc_ss=7c2a8&oh=00_AQDYpau5sa8OKKbhL7BHVbwU0X3i23UNnjeY5zRSL-pfmA&oe=6A5FF048","https://www.facebook.com/profile.php?id=100063915797784","1","1773175262709766","Japan bike   surplus
Wala pong baha dito pasyal po kayo
09284662227",,,"4",,,,"4","0","1505184732000","https://www.facebook.com/permalink.php?story_fbid=pfbid02XaifyhhbNBHyoGibqfhTBTuumPrFfCmy7b2gJVPgMXX8ACn6bJTAcJ138dCr4Rbvl&id=100063915797784"
"No photo description available.","1899835340033329","photo","https://www.facebook.com/photo/?fbid=1899835340033329&set=a.450601887091693",,,,,,,,,,,,,,,,,"100064256551876","NIAS News","https://scontent-iad6-1.xx.fbcdn.net/v/t39.30808-1/444152820_840613411423870_2227677054895348915_n.jpg?stp=cp0_dst-jpg_tt6&cstp=mx954x960&ctp=s40x40&_nc_cat=100&ccb=1-7&_nc_sid=2d3e12&_nc_ohc=FddyXKxGAxgQ7kNvwH-jcy_&_nc_oc=AdqhhkVBDMaRf_5qtUHjUjJq4bJQnCJ4BrwA3W_2xDMNg62ukAwLxE6cFUHhmdE1Uv4&_nc_zt=24&_nc_ht=scontent-iad6-1.xx&_nc_gid=mc-eska2mE8o6N6-QWiXcA&_nc_ss=7c2a8&oh=00_AQAAaGiqB5Iu8dUPJZQcNty8S4uu8rMMjn0uL7gvGoBEnw&oe=6A600806","https://www.facebook.com/NIASNews","0","1899838256699704","FLOOD WATCH: UPDATE: I Mataas din ang baha sa Rizal Avenue sa Caloocan City, facebook post ni Mayor Oscar Malapitan makikita ang 2 pampasaherong bus na nagpumilit lumusonh sa baha, pinaalahanan niya rin ang mga motorista na huwag nang tangkain na dumaan sa lugar tanging mga ""submarine buses"" lang daw ang nakadaraan sa R. Papa. RVG, NIAS News #FloodPH #MaringPH",,,"4",,"2",,"6","2","1505200515000","https://www.facebook.com/NIASNews/posts/pfbid0BaMyiLuF2hBrUvi1eTE8BHpLFqVb8aoaTFXJeHiXqqFq2usbVn2ZfyXDjXUSDJTHl"
"No photo description available.","1899778746705655","photo","https://www.facebook.com/photo.php?fbid=1899778746705655&set=a.450601887091693&type=3","No photo description available.","1899778760038987","photo","https://www.facebook.com/photo.php?fbid=1899778760038987&set=a.450601887091693&type=3","No photo description available.","1899778756705654","photo","https://www.facebook.com/photo.php?fbid=1899778756705654&set=a.450601887091693&type=3",,,,,,,,,"100064256551876","NIAS News","https://scontent-iad6-1.xx.fbcdn.net/v/t39.30808-1/444152820_840613411423870_2227677054895348915_n.jpg?stp=cp0_dst-jpg_tt6&cstp=mx954x960&ctp=s40x40&_nc_cat=100&ccb=1-7&_nc_sid=2d3e12&_nc_ohc=FddyXKxGAxgQ7kNvwH-jcy_&_nc_oc=AdqhhkVBDMaRf_5qtUHjUjJq4bJQnCJ4BrwA3W_2xDMNg62ukAwLxE6cFUHhmdE1Uv4&_nc_zt=24&_nc_ht=scontent-iad6-1.xx&_nc_gid=mc-eska2mE8o6N6-QWiXcA&_nc_ss=7c2a8&oh=00_AQAAaGiqB5Iu8dUPJZQcNty8S4uu8rMMjn0uL7gvGoBEnw&oe=6A600806","https://www.facebook.com/NIASNews","2","1899778790038984","FLOOD WATCH: UPDATE: I Abot baywang na rin ang baha sa Cainta Rizal at patuloy pang tumataas dahil sa malakas na buhos ng ulan, ang ilang mga residente humihingi na ng tulong upang masagip mula sa kanilang mga bahay na pinasok ng baha [Photo via Jocelyn Berin] #MaringPH #NewsALERT #FloodPH",,,"17",,"6",,"23","6","1505194640000","https://www.facebook.com/NIASNews/posts/pfbid0xWmibgghBRuFXxndMTQXKsSzatHBT2xtLyDfKkGN497yNuV49CAMtykjJE1mLYUZl"
"No photo description available.","1899579516725578","photo","https://www.facebook.com/photo.php?fbid=1899579516725578&set=a.450601887091693&type=3","No photo description available.","1899579506725579","photo","https://www.facebook.com/photo.php?fbid=1899579506725579&set=a.450601887091693&type=3","No photo description available.","1899579520058911","photo","https://www.facebook.com/photo.php?fbid=1899579520058911&set=a.450601887091693&type=3",,,,,,,,,"100064256551876","NIAS News","https://scontent-iad6-1.xx.fbcdn.net/v/t39.30808-1/444152820_840613411423870_2227677054895348915_n.jpg?stp=cp0_dst-jpg_tt6&cstp=mx954x960&ctp=s40x40&_nc_cat=100&ccb=1-7&_nc_sid=2d3e12&_nc_ohc=FddyXKxGAxgQ7kNvwH-jcy_&_nc_oc=AdqhhkVBDMaRf_5qtUHjUjJq4bJQnCJ4BrwA3W_2xDMNg62ukAwLxE6cFUHhmdE1Uv4&_nc_zt=24&_nc_ht=scontent-iad6-1.xx&_nc_gid=mc-eska2mE8o6N6-QWiXcA&_nc_ss=7c2a8&oh=00_AQAAaGiqB5Iu8dUPJZQcNty8S4uu8rMMjn0uL7gvGoBEnw&oe=6A600806","https://www.facebook.com/NIASNews","1","1899579550058908","Metro: UPDATE: I Abot hanggang bintin na rin ang baha sa ilang lugar sa Espana sa Manila dahil sa walang patid na buhos ng ulan dulot ng Tropical Depression #MaringPH, sa mga kuhang ito ng isang commuter mula sa bus kitang kita na pati na rin ang loob ng University of Santo Tomas (UST) ay hindi nakaligtas sa mataas na baha kaninang alas 8 ng umaga. RVG, NIAS News [Photos via Franz Zotomayor]",,,"5",,,,"5","1","1505178883000","https://www.facebook.com/NIASNews/posts/pfbid02vNAKuyzadr3aUwUE84jwAPZPhsPa7LYs6mefNcG5hWY25sLepjqX9NLPGaVzKa8Kl"
"No photo description available.","682026765324905","photo","https://www.facebook.com/photo.php?fbid=682026765324905&set=a.104561503071437&type=3","No photo description available.","682026761991572","photo","https://www.facebook.com/photo.php?fbid=682026761991572&set=a.104561503071437&type=3","No photo description available.","682026751991573","photo","https://www.facebook.com/photo.php?fbid=682026751991573&set=a.104561503071437&type=3",,,,,,,,,"100005527626614","Ronald Macalla-osurman","https://scontent-iad6-1.xx.fbcdn.net/v/t39.30808-1/705400090_2956003844593841_8933007959316890525_n.jpg?stp=cp0_dst-jpg_tt6&cstp=mx712x715&ctp=s40x40&_nc_cat=109&ccb=1-7&_nc_sid=1d2534&_nc_ohc=VctKoRaxs8wQ7kNvwHfTplE&_nc_oc=AdronjDLNbU9JnDzqireIAWMZ9evRYV59MVH5uk2dJ15u97JWqdhYnHWbQhUCnolGLM&_nc_zt=24&_nc_ht=scontent-iad6-1.xx&_nc_gid=mc-eska2mE8o6N6-QWiXcA&_nc_ss=7c2a8&oh=00_AQBKMQbSxjWwIMYGsqxEvDNe-_hTHGtMOlMarQodBgECHA&oe=6A6019EE","https://www.facebook.com/ronald.macallaosurman","9","682026795324902","Baha in karangalan?",,"1","30",,,,"31","0","1505193143000","https://www.facebook.com/ronald.macallaosurman/posts/pfbid02pVryfEbjzr7Z5ivzoRSk2MjJkX5Lhf7Ktfmh34e9HULvhabLXSSH2sce8yX9wtMDl"
"No photo description available.","10213952347032021","photo","https://www.facebook.com/photo/?fbid=10213952347032021&set=gm.942449735896010",,,,,,,,,,,,,,,,,"1510175640","Caldejon Ienam","https://scontent-iad3-1.xx.fbcdn.net/v/t39.30808-1/598562171_10239751938205676_1942433694732281685_n.jpg?stp=cp0_dst-jpg_tt6&cstp=mx2033x2048&ctp=s24x24&_nc_cat=110&ccb=1-7&_nc_sid=1d2534&_nc_ohc=GyhQzMXCo1YQ7kNvwGdVaod&_nc_oc=AdqNs0YmHPemSEQogL6k11_M3gqpfFBJgQXSfCI3MyQEG3lIVX_psAspwRj_o0it46k&_nc_zt=24&_nc_ht=scontent-iad3-1.xx&_nc_gid=mc-eska2mE8o6N6-QWiXcA&_nc_ss=7c2a8&oh=00_AQB9uCaL3EiN7UkRCh5H1aUfgHqMcdkrS-l-al8tbL_O1g&oe=6A600140","https://www.facebook.com/manei.caldejon","3","942449735896010","Keep safe and dry po everyone. Tuwang tuwa po kami kanina. Hanggang bewang po ni mommy ang tubig sa bahay namin. Sabi ni wowa, pag hanggang tenga na un ni mommy, lunod na ang daddy ko. (Di po kasi sya natalon pag bagong taon) Pers taym! Nakapagswimming po kami sa baha. Ang saya saya. Ang ending po... nabartolina kami at maliligo daw po kami ng malamig.",,"11","25","1",,,"37","0","1505181963000","https://www.facebook.com/groups/752416584899327/permalink/942449735896010/"
,,,,,,,,,,,,,,,,,,,,"100064257656782","Cainta At Iba pa","https://scontent-iad6-1.xx.fbcdn.net/v/t39.30808-1/327191006_848088966491014_5115369693480035372_n.jpg?stp=cp0_dst-jpg_tt6&cstp=mx667x667&ctp=s40x40&_nc_cat=100&ccb=1-7&_nc_sid=2d3e12&_nc_ohc=NimDjOQkTXgQ7kNvwFKkFRu&_nc_oc=AdqfQFQjujyyWg6M3X0iDM5r3R5sgEvAjnkYhQuZfQGj5AEA1QqtLdFlw7m_nkYbihg&_nc_zt=24&_nc_ht=scontent-iad6-1.xx&_nc_gid=BtxLgeixu0mqGDLm094_6w&_nc_ss=7c2a8&oh=00_AQBXZFaZ9QnvYZWEgxChd8vHFAaV6AuHXhz8xTzgW4uAMA&oe=6A5FEF24","https://www.facebook.com/TagaCaintaAko","0","1388118447976061","Wow ganito pala yung baha kanina sa Ortigas Ave. Extension!! 😂😂",,"19","21",,,"1","41","0","1505225736000","https://www.facebook.com/tarasaeast/posts/pfbid02BAZ6EB7K41hzCCDR9hZ4Z9zWkeAjTXy446VVLziDLtLdGqKUdnETW4J2gRjMSHykl"
,,,,,,,,,,,,,,,,,,,,"100064455291399","Taga EAST Ka Ba?","https://scontent-iad3-1.xx.fbcdn.net/v/t39.30808-1/309207639_460638012761371_6940981572601408150_n.jpg?stp=cp0_dst-jpg_tt6&cstp=mx1080x1080&ctp=s40x40&_nc_cat=108&ccb=1-7&_nc_sid=2d3e12&_nc_ohc=v6dYrv1txLUQ7kNvwGhYL4O&_nc_oc=Adq_XiM8HfegMqOeVyHIOBqd8B9ML5aDPnKoMIiKf_qhn5e46QnJSHgQYl6fyKHb6Kg&_nc_zt=24&_nc_ht=scontent-iad3-1.xx&_nc_gid=BtxLgeixu0mqGDLm094_6w&_nc_ss=7c2a8&oh=00_AQA-TpPvyJZHgurWeMwmzJ0GIs4U-gKVOug3R_yQoiecbg&oe=6A600A63","https://www.facebook.com/tarasaeast","2","1387810344673538","Pasig baha rin.",,,"14",,,,"14","0","1505189204000","https://www.facebook.com/tarasaeast/posts/pfbid02BtAPeA2Lvb7v85Jo3pNLXTLVUpWfcSF2CiVNMwV8BLd2jjgkdNnkvATP3wkFA6bsl"
"No photo description available.","1792330704128183","photo","https://www.facebook.com/photo/?fbid=1792330704128183&set=a.552402393578344",,,,,,,,,,,,,,,,,"100064257656782","Cainta At Iba pa","https://scontent-iad6-1.xx.fbcdn.net/v/t39.30808-1/327191006_848088966491014_5115369693480035372_n.jpg?stp=cp0_dst-jpg_tt6&cstp=mx667x667&ctp=s40x40&_nc_cat=100&ccb=1-7&_nc_sid=2d3e12&_nc_ohc=NimDjOQkTXgQ7kNvwFKkFRu&_nc_oc=AdqfQFQjujyyWg6M3X0iDM5r3R5sgEvAjnkYhQuZfQGj5AEA1QqtLdFlw7m_nkYbihg&_nc_zt=24&_nc_ht=scontent-iad6-1.xx&_nc_gid=BtxLgeixu0mqGDLm094_6w&_nc_ss=7c2a8&oh=00_AQBXZFaZ9QnvYZWEgxChd8vHFAaV6AuHXhz8xTzgW4uAMA&oe=6A5FEF24","https://www.facebook.com/TagaCaintaAko","0","1792330724128181","Baha ba?? No problem! Tara swim tayo! 😂😂😂",,"3","6",,,"1","10","9","1505225586000","https://www.facebook.com/TagaCaintaAko/posts/pfbid08Z5dkJC4qVRmpjJu1gQdF4a9BH26i1WbzLs1qrDLzy4jQ6kegBH4Fnmz4ofqBVTSl"
"No photo description available.","1899827023367494","photo","https://www.facebook.com/photo.php?fbid=1899827023367494&set=a.450601887091693&type=3","No photo description available.","1899827026700827","photo","https://www.facebook.com/photo.php?fbid=1899827026700827&set=a.450601887091693&type=3",,,,,,,,,,,,,"100064256551876","NIAS News","https://scontent-iad6-1.xx.fbcdn.net/v/t39.30808-1/444152820_840613411423870_2227677054895348915_n.jpg?stp=cp0_dst-jpg_tt6&cstp=mx954x960&ctp=s40x40&_nc_cat=100&ccb=1-7&_nc_sid=2d3e12&_nc_ohc=FddyXKxGAxgQ7kNvwH-jcy_&_nc_oc=AdqhhkVBDMaRf_5qtUHjUjJq4bJQnCJ4BrwA3W_2xDMNg62ukAwLxE6cFUHhmdE1Uv4&_nc_zt=24&_nc_ht=scontent-iad6-1.xx&_nc_gid=BtxLgeixu0mqGDLm094_6w&_nc_ss=7c2a8&oh=00_AQD_hg5pCKB12Pv2M0FA8xOQ8zSqTUQ97E9z0otEBvyk7w&oe=6A600806","https://www.facebook.com/NIASNews","1","1899827066700823","FLOOD WATCH: UPDATE: TIGNAN I Nanatiling baha sa malaking bahagi ng Maysilo Cirlce sa Mandaluyong City dahil sa malakas na buhos ng ulan dulot ng Tropical Depression #MaringPH, ayon sa mga residente na madaling tumaas ang baha sa lugar kahit kaunti lamang ang ulan [Photo via Kriek Dalugdug] #FloodPH #NewsALERT",,,"2",,,,"2","6","1505199357000","https://www.facebook.com/NIASNews/posts/pfbid02d1gVRRzid6y3Fm7BwA5Qnm8vz8EJhFNrk2PZS4dpso8YZxCXnE2CcArgqqKk4UVLl"
"No photo description available.","1546617985360693","photo","https://www.facebook.com/photo/?fbid=1546617985360693&set=a.495123866112538",,,,,,,,,,,,,,,,,"100068447877099","Lamiran Outdoor Sandals and Apparel","https://scontent-iad3-1.xx.fbcdn.net/v/t39.30808-1/332292074_925744745274564_2759860312932971602_n.jpg?stp=cp0_dst-jpg_tt6&cstp=mx939x948&ctp=s40x40&_nc_cat=110&ccb=1-7&_nc_sid=2d3e12&_nc_ohc=o0T1n8-pwc8Q7kNvwHmkOgK&_nc_oc=Adqep0Aj1fYv0IZLYbBEgl6NOzOReEOgMivGYm1LjVW2Nmit8nTIz4FqJkrAITKiOM4&_nc_zt=24&_nc_ht=scontent-iad3-1.xx&_nc_gid=BtxLgeixu0mqGDLm094_6w&_nc_ss=7c2a8&oh=00_AQDNbqo2X1muzJU_QTaP-geRGLIWla2v94ilpbqaJJRjVA&oe=6A5FFF2C","https://www.facebook.com/lamiranoutdoorsandalsofficial","1","1546618022027356","Magandang hapon, re sked n lng po muna ang mga meet up today, baha n po sa mga kalsada pra n din po sa ating kaligtasan, maraming salamat po s pang unawa, ingat po tayong lahat",,,"31","1",,,"32","0","1505200595000","https://www.facebook.com/lamiranoutdoorsandalsofficial/posts/pfbid0kQmZvwFPcoVn8fhGCR7WnuFsKcBi5JetHFskM7sHbH5BdpLyXjS88FumFtejw5aKl"
"No photo description available.","1936302530023782","photo","https://www.facebook.com/photo/?fbid=1936302530023782&set=a.454759210028397",,,,,,,,,,,,,,,,,"100064829645792","LoadXtreme Prepaid e-Loading Business","https://scontent-iad3-2.xx.fbcdn.net/v/t39.30808-1/304968619_454759226695062_2291371032116440014_n.jpg?stp=cp0_dst-jpg_tt6&cstp=mx1306x1306&ctp=s40x40&_nc_cat=103&ccb=1-7&_nc_sid=2d3e12&_nc_ohc=oaAyDvYkJXUQ7kNvwG8D35c&_nc_oc=AdpFUJcqENyEQ5ZGJABA01tGcUgq8MPfM9lH1lQyPxySCmwNavfdw7vk2g495jZ_rJc&_nc_zt=24&_nc_ht=scontent-iad3-2.xx&_nc_gid=b3ptdikjZdZNFzZv72k58w&_nc_ss=7c2a8&oh=00_AQBxff6NfRbK9tL9SxL3Ak8BtxfrXagWytv3jGm5ETbx0w&oe=6A600AA1","https://www.facebook.com/Cellphoneloadnegosyo","0","1936302553357113","BAHA dito, BAHA doon!

Hirap lumusong sa baha pra magload, mkatext at mkamusta ang mahal sa buhay!

Grabe HASSLE!!!

buti nlang #LoadXtreme member ako, I can load myself anytime at anywhere!

Be one of us!
m.me/Cellphoneloadnegosyo
0927 924 1041
0998 228 5088

❎NO to Hassle ✅YES to Convenience

#LoadXtreme",,,"1",,,,"1","0","1505204605000","https://www.facebook.com/Cellphoneloadnegosyo/posts/pfbid02fS8EGpwnfkX7MbYJuaMmWWtgftn7tD2NigzdJWCK1ihLB5L1iPNx9cDVG4AhHxETl"
,,,,,,,,,,,,,,,,,,,,"100064455291399","Taga EAST Ka Ba?","https://scontent-iad3-1.xx.fbcdn.net/v/t39.30808-1/309207639_460638012761371_6940981572601408150_n.jpg?stp=cp0_dst-jpg_tt6&cstp=mx1080x1080&ctp=s40x40&_nc_cat=108&ccb=1-7&_nc_sid=2d3e12&_nc_ohc=v6dYrv1txLUQ7kNvwGhYL4O&_nc_oc=Adq_XiM8HfegMqOeVyHIOBqd8B9ML5aDPnKoMIiKf_qhn5e46QnJSHgQYl6fyKHb6Kg&_nc_zt=24&_nc_ht=scontent-iad3-1.xx&_nc_gid=b3ptdikjZdZNFzZv72k58w&_nc_ss=7c2a8&oh=00_AQAb3QMUQEHHiVasFQ-gZ0Qey9RnM9ylvUInaEp75jNHYQ&oe=6A600A63","https://www.facebook.com/tarasaeast","2","1387786638009242","Baha na ba sa inyo ka-East??",,,"9",,"2",,"11","0","1505186176000","https://www.facebook.com/tarasaeast/posts/pfbid0SLF2BtQ6W6BxqGS996HhwpSr47ppipuvrVTEg3VSKm2hegYZdrftCmgMbMVYCHAcl"
"No photo description available.","10207554270854031","photo","https://www.facebook.com/photo/?fbid=10207554270854031&set=gm.942534719220845",,,,,,,,,,,,,,,,,"1807667506","Medz Laude Solicito-Lucero","https://scontent-iad3-2.xx.fbcdn.net/v/t39.30808-1/658949876_10225729070892673_8251103214661734232_n.jpg?stp=cp0_dst-jpg_tt6&cstp=mx806x806&ctp=s24x24&_nc_cat=111&ccb=1-7&_nc_sid=1d2534&_nc_ohc=thofRG2Yy3MQ7kNvwFWWNmy&_nc_oc=AdoJWRmz_UrCP6YVNoL0HYxdn-oiSSZLF4dR9pQjDiwBrfidtS0XXwHtSuT8Dpmv5Z8&_nc_zt=24&_nc_ht=scontent-iad3-2.xx&_nc_gid=b3ptdikjZdZNFzZv72k58w&_nc_ss=7c2a8&oh=00_AQBaebRkXCnJsPg8CZVldtnKjpeO94yLNBBiuWfl4ESmbg&oe=6A5FF013","https://www.facebook.com/medingph","4","942534719220845","Cotton: Naku nay baha na! Paano na kami wiwiwi at pupupu nyan?!",,"9","25","1","1",,"36","0","1505199156000","https://www.facebook.com/groups/752416584899327/permalink/942534719220845/"
"No photo description available.","1285322764922996","photo","https://www.facebook.com/photo/?fbid=1285322764922996&set=a.457914996352080",,,,,,,,,,,,,,,,,"100064007494775","BIPI Insurance Agency, Inc.","https://scontent-iad6-1.xx.fbcdn.net/v/t39.30808-1/305923776_457915009685412_4507406590102967320_n.png?stp=cp0_dst-png&cstp=mx350x350&ctp=s40x40&_nc_cat=102&ccb=1-7&_nc_sid=2d3e12&_nc_ohc=tyXx-yUUtPMQ7kNvwGiA9NQ&_nc_oc=AdrNAOKxQr2xMjzjuukulSgf4mnLDxxx8paBOOySotxIwqKVAlzPyS432aFDYVzGDL0&_nc_zt=24&_nc_ht=scontent-iad6-1.xx&_nc_gid=b3ptdikjZdZNFzZv72k58w&_nc_ss=7c2a8&oh=00_AQBtOOroZGJaevqHIDosUEOfRRJnft5RFe95f9m1uA_QNw&oe=6A5FF33E","https://www.facebook.com/bipiinsuranceagency","0","1285322854922987","May bagyo at baha??? Sagot ka namin!
BE INSURED!
Pm us for a free quotation.",,,"11","1",,,"12","21","1505229371000","https://www.facebook.com/bipiinsuranceagency/posts/pfbid02GbjZ15GtKyW5dNiKwoE7oQzVBtV7EpmqcQgU39icyFRMSNLtFW7qyd7Tt3UnfXJ5l"
,,,,,,,,,,,,,,,,,,,,"100064007494775","BIPI Insurance Agency, Inc.","https://scontent-iad6-1.xx.fbcdn.net/v/t39.30808-1/305923776_457915009685412_4507406590102967320_n.png?stp=cp0_dst-png&cstp=mx350x350&ctp=s40x40&_nc_cat=102&ccb=1-7&_nc_sid=2d3e12&_nc_ohc=tyXx-yUUtPMQ7kNvwGiA9NQ&_nc_oc=AdrNAOKxQr2xMjzjuukulSgf4mnLDxxx8paBOOySotxIwqKVAlzPyS432aFDYVzGDL0&_nc_zt=24&_nc_ht=scontent-iad6-1.xx&_nc_gid=b3ptdikjZdZNFzZv72k58w&_nc_ss=7c2a8&oh=00_AQBtOOroZGJaevqHIDosUEOfRRJnft5RFe95f9m1uA_QNw&oe=6A5FF33E","https://www.facebook.com/bipiinsuranceagency","0","514302115588716","May bagyo at baha? Sagot ka namin!

BE INSURED! PM Arjay Constante, Annabelle Bautista or BIPI Insurance Agency, Inc. . for a free quotation.

Special COMPREHENSIVE INSURANCE PACKAGE for FESP Members!
#FESPofficialpartner
#FESPofficialsponsor",,,"4",,,,"4","1","1505273318000","https://www.facebook.com/groups/unofficial.ford.ecosport.philippines/permalink/514302115588716/"
"No photo description available.","10203761541997157","photo","https://www.facebook.com/photo.php?fbid=10203761541997157&set=gm.1675885695795059&type=3","No photo description available.","10203761542237163","photo","https://www.facebook.com/photo.php?fbid=10203761542237163&set=gm.1675885695795059&type=3","No photo description available.","10203761542557171","photo","https://www.facebook.com/photo.php?fbid=10203761542557171&set=gm.1675885695795059&type=3","No photo description available.","10203761545357241","photo","https://www.facebook.com/photo.php?fbid=10203761545357241&set=gm.1675885695795059&type=3",,,,,"1776985459","Jayson Pimentel","https://scontent-iad3-1.xx.fbcdn.net/v/t39.30808-1/483703113_10212944616008268_5379492260694855634_n.jpg?stp=cp0_dst-jpg_tt6&cstp=mx1000x991&ctp=s24x24&_nc_cat=101&ccb=1-7&_nc_sid=1d2534&_nc_ohc=RUe2BeXm3ScQ7kNvwGreS75&_nc_oc=AdoxsO_Ob-ifhRCa9OT4yLdtb5paQyDvaZHNPkOXcy1JDcENJueIbNxc-LqZ9HRf-AY&_nc_zt=24&_nc_ht=scontent-iad3-1.xx&_nc_gid=meH47SxJf2gybHKbpMERZQ&_nc_ss=7c2a8&oh=00_AQA31Zam_6ytKxfmcdooviS10b4Adno4fcrvoBtn2AFSZA&oe=6A5FFFCD","https://www.facebook.com/sonsilog","0","1675885695795059","At dahil baha na sa metro inaanyayahan ko po kayong lahat na magtanim ng puno sa Mt. Balagbag at Mt. Maranat. Yes, imbes na baha icoconvert ng mga punong yan as malinis na tubig na pwede inumin ang ulan. Budget ba? Kumuha lang sa penro ng permit kami halos 250pesos lang nagastos namin sa Mt. Maranat sa Balagbag naman kung kasama fees eh wala pang 350 pesos. Seedlings ba? Just contact sir Balong Dela Cruz and Fredd Ochavo para sa lahat ng kailangang itanim susuplayan nila kayo ng libreng seedlings di mo na kailangang gumastos. 

Tandaan lang Tree Planting is 
10% planting 90% nurturing. Wag kalimutang balikan ang mga itinanim, tangalan ng damo, diligan at lagyan ng cardboard mulch.

Nakapamundok ka na nakatulong ka pa.

P.S masarap maligo sa Maranat falls after tree planting.

#reforesttheroad #atat",,,"2",,,,"2","0","1505264430000","https://www.facebook.com/groups/754296094620695/permalink/1675885695795059/"
,"1857669934258132","video","https://www.facebook.com/Arvinjoseph29/videos/1857669934258132/?idorvanity=1495859490705751",,,,,,,,,,,,,,,,,"100000454290765","Analyn Lagundino","https://scontent-iad3-2.xx.fbcdn.net/v/t39.30808-1/677596324_27417931277808078_3071889324368643231_n.jpg?stp=cp0_dst-jpg_tt6&cstp=mx1891x1884&ctp=s40x40&_nc_cat=103&ccb=1-7&_nc_sid=e99d92&_nc_ohc=xbG6y47fEx0Q7kNvwE6fY2n&_nc_oc=Ado602t3Kt_b00EMn7wLSFq8YIYY-Q_ay-jf6RuX8ps1y2SvqPKhHXN4_g1f0IDf8dY&_nc_zt=24&_nc_ht=scontent-iad3-2.xx&_nc_gid=meH47SxJf2gybHKbpMERZQ&_nc_ss=7c2a8&oh=00_AQBjK04uZ7RBvaYwxFP4E_yazXHSH2jiaiGIyJuOXvc5Yg&oe=6A5FEBD3","https://www.facebook.com/nhylana.lagundino","5","1791670420860849","Hanggang ngayon b ganito pa din sa may alaska????",,,"11",,"1","1","13","0","1505186406000","https://www.facebook.com/nhylana.lagundino/posts/pfbid0qm2y3Up1Gy8aq2CRmANwxRSmcAifk78j74nBgqiJG4uRGEBNjgJXMQNKue2qmVybl"
"No photo description available.","2024303794466747","photo","https://www.facebook.com/photo.php?fbid=2024303794466747&set=a.616418220603216&type=3","No photo description available.","2024303824466744","photo","https://www.facebook.com/photo.php?fbid=2024303824466744&set=a.616418220603216&type=3","No photo description available.","2024303847800075","photo","https://www.facebook.com/photo.php?fbid=2024303847800075&set=a.616418220603216&type=3",,,,,,,,,"100067051315291","Etch MyPlate","https://scontent-iad6-1.xx.fbcdn.net/v/t39.30808-1/359805806_616418253936546_1347034864846455054_n.jpg?stp=cp0_dst-jpg_tt6&cstp=mx180x180&ctp=s40x40&_nc_cat=102&ccb=1-7&_nc_sid=2d3e12&_nc_ohc=e5lGQMjmPygQ7kNvwF1L7Ru&_nc_oc=AdpkRE0uJOkJyW0cv0e8LPBVTmQ485t0-PQ8GzXFtixZZHmc6X_S8b0ZnsywtyEs8_M&_nc_zt=24&_nc_ht=scontent-iad6-1.xx&_nc_gid=meH47SxJf2gybHKbpMERZQ&_nc_ss=7c2a8&oh=00_AQA_6jDtu5dJ_e_-H2xzFUW0JSeknaG4ERPCrqZl9Kz4tQ&oe=6A5FF2CE","https://www.facebook.com/EtchMyPlate","113","2024303877800072","#Alphard #Alflood #JuskolordThreeMillion 

Dudong alam kaya ni Ser at Mam na ginawanag mong Super Ferry si Alphard.   Kahit may kaya si Boss hindi siguro matutuwa yan at mag aamoy palengke yan pag naiwan ang tubig baha dyan na hindi nashampoo.  In fairness parang Dyesebel si Alphard pag ahon sa baha hehehe.","2","196","194","3","8","34","437","73","1505202250000","https://www.facebook.com/EtchMyPlate/posts/pfbid02xqE8piLSe8xC7qiXmqaTm7ZVnqssGWoCYE5MvFKS5NUbQiw5JUFmhNf9EKxp8CPYl"
"No photo description available.","1921412284785781","photo","https://www.facebook.com/photo.php?fbid=1921412284785781&set=a.473183491506861&type=3","No photo description available.","1921411528119190","photo","https://www.facebook.com/photo.php?fbid=1921411528119190&set=a.473183491506861&type=3","No photo description available.","1921411554785854","photo","https://www.facebook.com/photo.php?fbid=1921411554785854&set=a.473183491506861&type=3","No photo description available.","1921411568119186","photo","https://www.facebook.com/photo.php?fbid=1921411568119186&set=a.473183491506861&type=3","No photo description available.","1921411588119184","photo","https://www.facebook.com/photo.php?fbid=1921411588119184&set=a.473183491506861&type=3","100064456431072","Pamahalaang Barangay Sta. Ana, Taytay, Rizal","https://scontent-iad6-1.xx.fbcdn.net/v/t39.30808-1/615559204_1315787573913111_6709049940981676637_n.jpg?stp=c211.211.578.578a_cp0_dst-jpg_tt6&cstp=mx578x578&ctp=s40x40&_nc_cat=100&ccb=1-7&_nc_sid=2d3e12&_nc_ohc=5BpX25xZouQQ7kNvwFcM68V&_nc_oc=AdobewUsz56IsCfn2XvXF8YEZamB_rNJamEJJIEAlWBI633H6BCxVHVnqlnQWFiJSv8&_nc_zt=24&_nc_ht=scontent-iad6-1.xx&_nc_gid=meH47SxJf2gybHKbpMERZQ&_nc_ss=7c2a8&oh=00_AQCM5Wge3ZrQd8ViWi8i4_tgAU74ub8RTELkIKrRBNLdSw&oe=6A5FFBDE","https://www.facebook.com/BarangayStaAnaTR","8","1921412494785760","Sitwasyon ng mga kalye sa Sta Ana Poblacion ngayong hapon. Nakapag initial warning na po tayo sa ating mga flood-risk areas at nakahanda nang mag force evacuation oras na bumuhos pa ang malakas na ulan. Nakahanda na po ang ating evacuation site sa Sta. Ana Elementary School, at naka stand by din po ang ating mga chairman sa Ilang-Ilang at Dupax na handang tumanggap ng mga evacuees. 

Pinapayuhan ang lahat na manatili sa kanilang mga bahay at iwasang mag lusong sa baha. Kung nakapag lusong, siguraduhing maghugas ng maigi at gumamit ng sabon. 

Sa mga pinapalikas, sumunod po tayo sa ating mga awtoridad para po sa ating kaligtasan. 

Para po sa ano mang emergency, tumawag lang sa ating rescue team sa numerong 658-3967.  

(Mga larawan mula kay Kagawad Tobit Cruz)",,,"82","1","13","1","97","60","1505206965000","https://www.facebook.com/BarangayStaAnaTR/posts/pfbid0hBakNKzaZD2WnTrg3XXBauEB43fP1PZish2qE2phQVkXxb8YtCrmKqtBqF62yBEkl"
"No photo description available.","1373002829414953","photo","https://www.facebook.com/photo.php?fbid=1373002829414953&set=a.495507210497857&type=3","No photo description available.","1373002942748275","photo","https://www.facebook.com/photo.php?fbid=1373002942748275&set=a.495507210497857&type=3","No photo description available.","1373003082748261","photo","https://www.facebook.com/photo.php?fbid=1373003082748261&set=a.495507210497857&type=3",,,,,,,,,"100001157486494","John Erik Verias","https://scontent-iad3-2.xx.fbcdn.net/v/t39.30808-1/596420485_25081803271441576_7158497059087863168_n.jpg?stp=cp6_dst-jpg_tt6&cstp=mx2048x2048&ctp=s40x40&_nc_cat=111&ccb=1-7&_nc_sid=e99d92&_nc_ohc=3qQy_8ezHLsQ7kNvwG0nS1g&_nc_oc=Adqf5E_sXWnAM9cq4U3SiwuX1Xo1NsjDfVApqilTnlVlet3znsHZYFb7xVqqTwWAMLs&_nc_zt=24&_nc_ht=scontent-iad3-2.xx&_nc_gid=meH47SxJf2gybHKbpMERZQ&_nc_ss=7c2a8&oh=00_AQDIEsVdYELorQDK0X0bucattWWJyNZec9z88WaGB0UJMQ&oe=6A5FFF3C","https://www.facebook.com/john.erikverias.9","12","1373003099414926","Keep Safe Guys. 😇☝
Lord Tigil na po sa Ulan, Tumataas nanaman si Baha 😀",,,"47",,"6","3","56","0","1505198553000","https://www.facebook.com/john.erikverias.9/posts/pfbid0kMvrYRz9eDphmg6Rf55Jrgsewec8DJALG8ss6WzeYsWxiznxpXnyANPSLnycYXxal"
"No photo description available.","281414005677799","photo","https://www.facebook.com/photo.php?fbid=281414005677799&set=a.101836106968924&type=3","No photo description available.","281414029011130","photo","https://www.facebook.com/photo.php?fbid=281414029011130&set=a.101836106968924&type=3","No photo description available.","281414065677793","photo","https://www.facebook.com/photo.php?fbid=281414065677793&set=a.101836106968924&type=3","No photo description available.","281414085677791","photo","https://www.facebook.com/photo.php?fbid=281414085677791&set=a.101836106968924&type=3","No photo description available.","281414119011121","photo","https://www.facebook.com/photo.php?fbid=281414119011121&set=a.101836106968924&type=3","100014276041839","Luneta Lens II","https://scontent-iad3-1.xx.fbcdn.net/v/t39.30808-1/457525409_1878848479267669_8705281855989251750_n.jpg?stp=cp0_dst-jpg_tt6&cstp=mx1440x1440&ctp=s40x40&_nc_cat=104&ccb=1-7&_nc_sid=e99d92&_nc_ohc=EWnS9_8nx7EQ7kNvwHkjMQ0&_nc_oc=AdqryBl3n78BVhdbByEuP2Il6cXFUriF7oAMbowJhGdluM-Ym_Oe-ma_nK2gObWMvpg&_nc_zt=24&_nc_ht=scontent-iad3-1.xx&_nc_gid=iZyMnUq-qWu23v_TzTFx9w&_nc_ss=7c2a8&oh=00_AQCnaDME5gYAP_aa_8hUv18mHq-62UXeValOJ7uCpRITZg&oe=6A5FE2AE","https://www.facebook.com/mabuhay.npdc","12","281399975679202","Temporary Shelter para sa mga inabot ng bagyo at baha sa daan.. Huli cam ng Luneta lens ang   Executive Director ng NPDC Penelope Belmonte .. Rain or Shine andito  24/7
Salamat PDP laban Manila",,,"67","11",,,"78","3","1505225579000","https://www.facebook.com/mabuhay.npdc/posts/pfbid0j9pJnKSqdUPMBtZd5Dx8ekWFnXnXVoS3MC7EjHf4q8bFrsvPJD29mwkDinorQaewl"
"No photo description available.","10208409675633133","photo","https://www.facebook.com/photo.php?fbid=10208409675633133&set=gm.1039024906200729&type=3","No photo description available.","10208409677593182","photo","https://www.facebook.com/photo.php?fbid=10208409677593182&set=gm.1039024906200729&type=3","No photo description available.","10208409676113145","photo","https://www.facebook.com/photo.php?fbid=10208409676113145&set=gm.1039024906200729&type=3","No photo description available.","10208409676313150","photo","https://www.facebook.com/photo.php?fbid=10208409676313150&set=gm.1039024906200729&type=3",,,,,"1643163971","Michael John Daclison Arago","https://scontent-iad3-1.xx.fbcdn.net/v/t39.30808-1/505266438_10224136063703006_6700696239613371001_n.jpg?stp=c152.0.1518.1518a_cp0_dst-jpg_tt6&cstp=mx1518x1518&ctp=s24x24&_nc_cat=104&ccb=1-7&_nc_sid=1d2534&_nc_ohc=4HpVW-P6NA0Q7kNvwHxrZI8&_nc_oc=AdrsaUHNzG8iBOj8vTV-CQPoMZz6_Nn2j9_w4m7ArqXaU8cKWgs_gQAfGkufaBuX22c&_nc_zt=24&_nc_ht=scontent-iad3-1.xx&_nc_gid=iZyMnUq-qWu23v_TzTFx9w&_nc_ss=7c2a8&oh=00_AQBaztvWJz5g-vVAh_kNPUkex24OjJmQ6mDE0BEtAaNtWQ&oe=6A5FE7F7","https://www.facebook.com/mj.arago","79","1039024906200729","grabe naman ang serbisyo ng LBC. umulan bumagyo dinala nya talaga to sakin kahit sobrang baha na sa dinaanan nya :'(

saludo ako kay kuya O:)

keep safe mga kaGF!

#Power",,"1","182","24",,"25","232","1","1505197363000","https://www.facebook.com/groups/GeForceCommunityPH/permalink/1039024906200729/"
"No photo description available.","1067009520103133","photo","https://www.facebook.com/photo/?fbid=1067009520103133&set=gm.943000872507563",,,,,,,,,,,,,,,,,"100003822859245","Evy Queddeng Apellido","https://scontent-iad6-1.xx.fbcdn.net/v/t39.30808-1/503211942_3422842084519853_4575358482764667977_n.jpg?stp=cp0_dst-jpg_tt6&cstp=mx960x958&ctp=s24x24&_nc_cat=100&ccb=1-7&_nc_sid=1d2534&_nc_ohc=34guweWJm-oQ7kNvwHCB2gC&_nc_oc=AdopYd2qogd7wQaVyS1wSLlbhqH7ndcG1pqtEz_Eo7pUQTF-bjnu3OnOLf8nn8AkxD0&_nc_zt=24&_nc_ht=scontent-iad6-1.xx&_nc_gid=iZyMnUq-qWu23v_TzTFx9w&_nc_ss=7c2a8&oh=00_AQBjCmtnj3fqSANX6aWomXS7UvkLV28vBCBf4lHHOK8nxA&oe=6A5FF8EF","https://www.facebook.com/evy.apellido","14","943000872507563",".. Dear Papa God,

 Salamat po sa bagong umaga sana po  ligtas ang aking Mga kauri Sa Baha.. Naway ilayo nyo po sila sa ano mang panganib.. sana din po ay makUha kona sa pagpapa cute si mOmmy Para ilabas nya na ako maraming maraming salamat po..

 LOLOVEYOU ALL PO 

GODBLESS

 -CHuchay",,,"51","11",,,"62","0","1505267548000","https://www.facebook.com/groups/752416584899327/permalink/943000872507563/"
"No photo description available.","539471623060866","photo","https://www.facebook.com/photo/?fbid=539471623060866&set=a.403097448647044",,,,,,,,,,,,,,,,,"100068403769574","Whenz Boar Garage","https://scontent-iad3-2.xx.fbcdn.net/v/t39.30808-1/308094708_403097491980373_8174768585794909358_n.jpg?stp=cp0_dst-jpg_tt6&cstp=mx951x951&ctp=s40x40&_nc_cat=111&ccb=1-7&_nc_sid=2d3e12&_nc_ohc=NUFCtKrJtrgQ7kNvwHXHKaD&_nc_oc=AdpJQ1yA_hcgLrzbj7eespxRYjWgnytRuBOa9tdBxwx9TiZIGADK3dB9zkXX3BKV79k&_nc_zt=24&_nc_ht=scontent-iad3-2.xx&_nc_gid=iZyMnUq-qWu23v_TzTFx9w&_nc_ss=7c2a8&oh=00_AQCtUFEaaFqi-0J_FeW-l-FzQhvkuAR7v5j0BXxJq37z-g&oe=6A5FE9BB","https://www.facebook.com/whenzmarquez","0","539471646394197","maulang umaga mga boss. sa mga may trasaction po pra sa mit up at shipping pasensya na po ndi ako mkaka lbas dhil sa baha,gustuhin ko man kumita pro mas mhal ang pyesa pag nabaha. sa mga ppnta dto wag mna kyo tumuloy dhil baha po ang dadaanan nyo papinta dto. ingat po tyong lhat. slamat po mga amo..",,,"9",,,"2","11","0","1505184140000","https://www.facebook.com/whenzmarquez/posts/pfbid02e4cwbHVrpAPtwJEWSDn1VZMcXo2999V3urwTfxSe9cHwVnx6HEykFuKxQryWVsPBl"
"No photo description available.","1476623015752796","photo","https://www.facebook.com/photo.php?fbid=1476623015752796&set=a.327919733956469&type=3","No photo description available.","1476623662419398","photo","https://www.facebook.com/photo.php?fbid=1476623662419398&set=a.327919733956469&type=3","No photo description available.","1476624502419314","photo","https://www.facebook.com/photo.php?fbid=1476624502419314&set=a.327919733956469&type=3","No photo description available.","1476628642418900","photo","https://www.facebook.com/photo.php?fbid=1476628642418900&set=a.327919733956469&type=3",,,,,"100002153363023","MilRa RaoPa","https://scontent-iad3-1.xx.fbcdn.net/v/t39.30808-1/474463616_9104968979584790_3665064886619306585_n.jpg?stp=cp0_dst-jpg_tt6&cstp=mx720x733&ctp=p40x40&_nc_cat=108&ccb=1-7&_nc_sid=e99d92&_nc_ohc=npMgeVTikf4Q7kNvwEB8Y-z&_nc_oc=Adq89FfdRpv9HE70QqC0lewQ4iNSqe87RSzmPG_WzBhm4P_HjC4AOwmJQGrBqRwn4fc&_nc_zt=24&_nc_ht=scontent-iad3-1.xx&_nc_gid=iZyMnUq-qWu23v_TzTFx9w&_nc_ss=7c2a8&oh=00_AQCPaQOFuLwNJr1zpSXzo88ciayrhy-NimEcb9Cr0jEgjw&oe=6A6019D8","https://www.facebook.com/ramil.parao","7","1476629722418792","Baha is real",,"1","39",,"3","1","44","3","1505191739000","https://www.facebook.com/ramil.parao/posts/pfbid02Q4KGHqnBbpC8nVwYWeJG6M4oiUzXq3GLhRSDMcerjM3Zb5r6qhVq2rnY5v8CEkrAl"
