"attachments/0/accessibilityCaption","attachments/0/id","attachments/0/type","attachments/0/url","attachments/1/accessibilityCaption","attachments/1/id","attachments/1/type","attachments/1/url","attachments/2/accessibilityCaption","attachments/2/id","attachments/2/type","attachments/2/url","attachments/3/accessibilityCaption","attachments/3/id","attachments/3/type","attachments/3/url","attachments/4/accessibilityCaption","attachments/4/id","attachments/4/type","attachments/4/url","author/id","author/name","author/profilePicture","author/profileUrl","commentsCount","postId","postText","reactions/haha","reactions/like","reactions/love","reactions/sorry","reactions/support","reactions/wow","reactionsCount","sharesCount","timestamp","url"
"No photo description available.","624271086057046","photo","https://www.facebook.com/photo.php?fbid=624271086057046&set=a.544845570982063&type=3","No photo description available.","624271759390312","photo","https://www.facebook.com/photo.php?fbid=624271759390312&set=a.544845570982063&type=3","No photo description available.","624271836056971","photo","https://www.facebook.com/photo.php?fbid=624271836056971&set=a.544845570982063&type=3","No photo description available.","624271879390300","photo","https://www.facebook.com/photo.php?fbid=624271879390300&set=a.544845570982063&type=3","No photo description available.","624271909390297","photo","https://www.facebook.com/photo.php?fbid=624271909390297&set=a.544845570982063&type=3","100063698747985","Shelter's Garden","https://scontent-iad3-1.xx.fbcdn.net/v/t39.30808-1/728213233_1636841448449131_2833467829463186204_n.jpg?stp=cp0_dst-jpg_tt6&cstp=mx1773x1773&ctp=s40x40&_nc_cat=101&ccb=1-7&_nc_sid=2d3e12&_nc_ohc=xymiMMNIzTIQ7kNvwEPrZa_&_nc_oc=AdodihmSyOtKYHaf6Xfizo-QUIyIHUK0WMz_NHhPfp-b6tZRS5PFEWmjqrZCRtnKSf0&_nc_zt=24&_nc_ht=scontent-iad3-1.xx&_nc_gid=x5X8W4yuVyHhorv-37vxPw&_nc_ss=7e2a8&oh=00_AQCzp_JHpRKQOQwmAdjrrRriJIm5j-A0fqhnZFodTwbINw&oe=6A5E8E0A","https://www.facebook.com/Halaman25","57","624272146056940","Nakakapanlumo ang sitwasyon bumaba pa yan sa lagay na yan...salamat po ama hindi lahat nalubog sa baha...",,"61","4","285","112","2","464","1","1664150271000","https://www.facebook.com/Halaman25/posts/pfbid02gkTmz2E3vCJJgoEkL5j7MwezoLoQhAjDEHvtnwagEYnSJVsXQqW8LtnMskHoPB9Ml"
"No photo description available.","1129626361003745","photo","https://www.facebook.com/photo/?fbid=1129626361003745&set=a.659621992861002",,,,,,,,,,,,,,,,,"100064396225442","Kagawad Marlou Parro","https://scontent-iad6-1.xx.fbcdn.net/v/t39.30808-1/661323543_1356168383206356_7508916730248132311_n.jpg?stp=cp6_dst-jpg_tt6&cstp=mx2048x2048&ctp=s40x40&_nc_cat=106&ccb=1-7&_nc_sid=2d3e12&_nc_ohc=Sw8DOhjp070Q7kNvwGd5Pja&_nc_oc=AdpG-1AWOySJ12t7oNzG6P2PUYQwVOjzdigxcnjUi0HJX1oEM3luIEVcYjkjqfHKcw4&_nc_zt=24&_nc_ht=scontent-iad6-1.xx&_nc_gid=x5X8W4yuVyHhorv-37vxPw&_nc_ss=7e2a8&oh=00_AQCiWRchkCXo0CUBXkovSRWZjVugmLRIT9RnCV-XGzU-Zg&oe=6A5E8B9D","https://www.facebook.com/KABATAANGTUMANA","25","1129626847670363","hindi alintana ang tubig baha, makapag update lang.","1","136","175","8","41",,"361","9","1664120202000","https://www.facebook.com/KABATAANGTUMANA/posts/pfbid0tNwmevNJxdYCXaruo1wUEdWuWfuVs9ToGUtkuqw4WpFwzvRjj6pSvjWzASqJtKABl"
,,,,,,,,,,,,,,,,,,,,"100057935115279","Location: Marikina","https://scontent-iad6-1.xx.fbcdn.net/v/t39.30808-1/306082235_489948139613019_5250457360377828529_n.jpg?stp=cp0_dst-jpg_tt6&cstp=mx591x591&ctp=s40x40&_nc_cat=107&ccb=1-7&_nc_sid=2d3e12&_nc_ohc=HIOSQHCNA4UQ7kNvwGWt05T&_nc_oc=AdrqwvTEyKMSIk6WBt_jw85bUjuMHTVGtT2viFoNbiL-m5C4MZ5vbmCzzeBkSEvVius&_nc_zt=24&_nc_ht=scontent-iad6-1.xx&_nc_gid=x5X8W4yuVyHhorv-37vxPw&_nc_ss=7e2a8&oh=00_AQB5Xwnh4d4jDRNLOvBt9FoCc8jOFD-ti9ABRn1BAHAQZw&oe=6A5EA8A3","https://www.facebook.com/locationmarikina","3","502421555032344","Ala-sais (6am) ng umaga, nasa Dona Petra , Barangay Tumana na Mayor Marcy Teodoro upang kamustahin ang mga residente at gayundin ay tignan ang pagpapatuloy ng clearing operation bunsod ng mga apektado ng bagyong #KardingPh.

Sinisiguro ng Ama ng Lungsod na maayos na nagagawa ang lahat upang tuloy tuloy na makabalik sa normal na pamumuhay ang mga residente.

Apektado man ng dumaang bagyo, positibo pa rin ang reaksyon ng mga taga-Tumana dahil lubos na mababaw daw ang tubig sa kanila kahit na 18.4M ang lebel ng Marikina River (3rd Alarm). 

Dati rati daw ay lubog na ang kanilang kabahayan sa basta’t umabot sa ganung alarma ang ilog.

Regular na drainage declogging umano at dredging ang naging malaking tulong kaya hindi tumaas ng husto ang baha sa kanilang lugar.",,"101","37",,"1",,"139","20","1664231840000","https://www.facebook.com/locationmarikina/posts/pfbid02T9RJeyuUHZMxKMAXfE2jc1gX9aj9AFrRigGy15Pb8y32Zcrf1o318JDBmqnxjKb1l"
"No photo description available.","179855387883105","photo","https://www.facebook.com/photo.php?fbid=179855387883105&set=a.161088056426505&type=3","No photo description available.","179855424549768","photo","https://www.facebook.com/photo.php?fbid=179855424549768&set=a.161088056426505&type=3","No photo description available.","179855464549764","photo","https://www.facebook.com/photo.php?fbid=179855464549764&set=a.161088056426505&type=3","No photo description available.","179855487883095","photo","https://www.facebook.com/photo.php?fbid=179855487883095&set=a.161088056426505&type=3","No photo description available.","179855514549759","photo","https://www.facebook.com/photo.php?fbid=179855514549759&set=a.161088056426505&type=3","100075759352022","Councilor Carl Africa","https://scontent-iad3-1.xx.fbcdn.net/v/t39.30808-1/495577588_692169716651667_653147460879386594_n.jpg?stp=cp0_dst-jpg_tt6&cstp=mx960x960&ctp=s40x40&_nc_cat=110&ccb=1-7&_nc_sid=2d3e12&_nc_ohc=Hfv8sAarVhAQ7kNvwG21z55&_nc_oc=Ado9EjMQEwbm2awB5W2fYQ6-9C0p9M1qtximgKTNC6nsrZclxqIn04mQtOxGu5lSUNw&_nc_zt=24&_nc_ht=scontent-iad3-1.xx&_nc_gid=x5X8W4yuVyHhorv-37vxPw&_nc_ss=7e2a8&oh=00_AQBlpY8DC7EOdsc-wRSQmk-lA7juZ1F8_JCm_lpwr0meNQ&oe=6A5EB4EE","https://www.facebook.com/KonsiCarlAfrica","4","179856227883021","Personal na bumisita si Konsehal Carl Africa sa iba't ibang barangay sa ating Lungsod na siyang sinalanta ng Bagyong Karding.

Sinigurado ni Konsehal Carl Africa na walang nasaktan o napahamak na pamilya dulot ng mabilis na pataas ng tubig baha sa mga mababang lugar sa ating Lungsod.

Base sa mga report, ang lahat ng mga evacuees ay ligtas ng nakauwi sa kani-kanilang mga bahay.

Ingat po tayong lahat, Marikina! 

#KardingPH #ConsistentInAction #CouncilorCarlAfrica #SerbisyongAfrica #AlagangAfrica",,"84","45","1","16",,"146","14","1664188874000","https://www.facebook.com/KonsiCarlAfrica/posts/pfbid02MobCCn5kfMnj5J22FqZiuivmrMoSBSLSkdqAeHiy7pH7MLvsbxG6mXs3oPnwKUQFl"
"No photo description available.","483967260409519","photo","https://www.facebook.com/photo.php?fbid=483967260409519&set=a.469245498548362&type=3","No photo description available.","483967297076182","photo","https://www.facebook.com/photo.php?fbid=483967297076182&set=a.469245498548362&type=3","No photo description available.","483967320409513","photo","https://www.facebook.com/photo.php?fbid=483967320409513&set=a.469245498548362&type=3",,,,,,,,,"100063887472685","Kuya Jo Store","https://scontent-iad3-1.xx.fbcdn.net/v/t39.30808-1/302052370_469245525215026_1601320177542051333_n.jpg?stp=cp0_dst-jpg_tt6&cstp=mx960x960&ctp=s40x40&_nc_cat=104&ccb=1-7&_nc_sid=2d3e12&_nc_ohc=VmqXskJDLLsQ7kNvwGLi0le&_nc_oc=AdoUmodJscUvuurJ_CZ_yO_JRvYCdvPdin_B-Jf9fc34bKZR8EV-E4gN2h7C-sY0mIQ&_nc_zt=24&_nc_ht=scontent-iad3-1.xx&_nc_gid=x5X8W4yuVyHhorv-37vxPw&_nc_ss=7e2a8&oh=00_AQDzhlwqlsbC3ZbfMuezkmyS0lPg8Zw1kwhz3L6uSPjTVg&oe=6A5E9FA7","https://www.facebook.com/profile.php?id=100063887472685","35","483967337076178","Happy Birthday Kuya Jo Store! 6 years old na po ako. At anim na taon na narin nakikipag buno kapag may baha at bagyo. 🤣😍

Pero andito pa rin kami.  Lalong lumalakas at tumitibay sa pagsubok ng buhay. 🙏🙏🙏

Salamat sa mga suki, parokyanos, kaibigan at kapit-bahay na patuloy pa rin kaming tinatangkilik. ❤❤❤.",,"26","45",,,"1","72","1","1664167233000","https://www.facebook.com/permalink.php?story_fbid=pfbid02nsitFJNuuPPFWpZx7NxZdLkNmNP7fEzDg8fFkaPuuKf1MvNZg7yBDeVThBZq5ET9l&id=100063887472685"
,,,,,,,,,,,,,,,,,,,,"100055533397121","Ferdinand Bong Deyto Laureta","https://scontent-iad6-1.xx.fbcdn.net/v/t39.30808-1/734705971_1523562499504849_8025891182486940535_n.jpg?stp=cp0_dst-jpg_tt6&cstp=mx960x960&ctp=s40x40&_nc_cat=100&ccb=1-7&_nc_sid=1d2534&_nc_ohc=568I5xXzrpEQ7kNvwFdTxVG&_nc_oc=AdojDu4hvVI8GKE84TViDkjp2MFOHlL90VECdDQeKiYNYsg-KMar2sY0FkDJgq2qyiw&_nc_zt=24&_nc_ht=scontent-iad6-1.xx&_nc_gid=x5X8W4yuVyHhorv-37vxPw&_nc_ss=7e2a8&oh=00_AQAQxCMJBjsen-dsbjtRDoWNP8TqzMYdkmY1XH59bBcIEg&oe=6A5E84B3","https://www.facebook.com/bong.laureta.566","13","575113864349722","Sa mga inabot na ng baha , pwede pa po kayong mag park sa gilid ng bahay ko basta wag lang pong harangan ang driveway. Ingat Po kayo.",,"68","29",,"14",,"111","0","1664121671000","https://www.facebook.com/bong.laureta.566/posts/pfbid02JZkRDRaVhxeRgCXard7B5RM22R3duqskDYHZNR3SDESYhshV8UtHJxabxjtkRevLl"
"No photo description available.","130251823097229","photo","https://www.facebook.com/photo/?fbid=130251823097229&set=a.124211143701297",,,,,,,,,,,,,,,,,"100083372347516","EZQ Preloved and Brandnew Kids Clothing","https://scontent-iad3-1.xx.fbcdn.net/v/t39.30808-1/289338818_104456928980065_7618389872299974805_n.jpg?stp=cp0_dst-jpg_tt6&cstp=mx960x960&ctp=s40x40&_nc_cat=108&ccb=1-7&_nc_sid=2d3e12&_nc_ohc=Gp0_GA2ym5QQ7kNvwH_2gWF&_nc_oc=AdoxAsAVbyJpRreaM_AEOYdbovnfwD5-PuTcZubsShh5tYyaVL480gq4rHc7BCS222g&_nc_zt=24&_nc_ht=scontent-iad3-1.xx&_nc_gid=aq-wN1BfyPcH2las7HHsjw&_nc_ss=7e2a8&oh=00_AQAChFYOSQbCPfqk5O1NWP-_WPbItr0kcDlEpZy2sf4btA&oe=6A5E8399","https://www.facebook.com/profile.php?id=100083372347516","2","130251839763894","Ganyan un baha kagabi😔",,,,"7",,,"7","0","1664175678000","https://www.facebook.com/permalink.php?story_fbid=pfbid0YvNKBnaR2hH8dsJpsi9LEGw4GDNHPy5eXprB889thTJW5xjn5B2JX5GdDqjmVro3l&id=100083372347516"
"No photo description available.","202538722198906","photo","https://www.facebook.com/photo/?fbid=202538722198906&set=a.106177768501669",,,,,,,,,,,,,,,,,"100073283379341","Jadder Perol","https://scontent-iad6-1.xx.fbcdn.net/v/t39.30808-1/554988371_829614916157947_6686294882566344015_n.jpg?stp=cp0_dst-jpg_tt6&cstp=mx960x958&ctp=s40x40&_nc_cat=106&ccb=1-7&_nc_sid=e99d92&_nc_ohc=36F0Z308cw4Q7kNvwGhO6NX&_nc_oc=Ado3Ra6LnA9MipgL18gOly4ZokTg9xxnXcifWTx8hN16ZzSNXI4cJjqv3q2WPP2ng9I&_nc_zt=24&_nc_ht=scontent-iad6-1.xx&_nc_gid=aq-wN1BfyPcH2las7HHsjw&_nc_ss=7e2a8&oh=00_AQAzivVz8stYbywD5g7LF67nSwWZUiPHR2wMN8sPLf_WBg&oe=6A5EAF3A","https://www.facebook.com/jadder.perol.2025","9","202538748865570","evacuate na 
 baha na",,"9",,"8","2",,"19","0","1664123236000","https://www.facebook.com/jadder.perol.2025/posts/pfbid0hQuUCant8xXKWvDaRZQyETw3RPVTHsthyphAQ5RzsefhZcYuLTtui6Qbq5mvR4XMl"
"No photo description available.","5928672773862866","photo","https://www.facebook.com/photo.php?fbid=5928672773862866&set=a.558373840892813&type=3","No photo description available.","5928672850529525","photo","https://www.facebook.com/photo.php?fbid=5928672850529525&set=a.558373840892813&type=3","No photo description available.","5928672973862846","photo","https://www.facebook.com/photo.php?fbid=5928672973862846&set=a.558373840892813&type=3","No photo description available.","5928673087196168","photo","https://www.facebook.com/photo.php?fbid=5928673087196168&set=a.558373840892813&type=3","No photo description available.","5928673173862826","photo","https://www.facebook.com/photo.php?fbid=5928673173862826&set=a.558373840892813&type=3","100001606064872","Joselyn Atienza Paulino","https://scontent-iad3-1.xx.fbcdn.net/v/t39.30808-1/706946312_27484400137863485_6041577893525227596_n.jpg?stp=cp0_dst-jpg_tt6&cstp=mx1536x1546&ctp=s40x40&_nc_cat=108&ccb=1-7&_nc_sid=1d2534&_nc_ohc=WrP_H5ABTxcQ7kNvwGwooWo&_nc_oc=Ado8XGozrIaKkyFZPo-pylHa4Le5CWE5QsMoCentu0wl3b2UzhBOPdzMICUHdnW5Q18&_nc_zt=24&_nc_ht=scontent-iad3-1.xx&_nc_gid=aq-wN1BfyPcH2las7HHsjw&_nc_ss=7e2a8&oh=00_AQAMUxKGIVgRqVrdcp9WuDQYDydMkFbZyiG4epSgao4Dfg&oe=6A5E8697","https://www.facebook.com/joselyn.paulino.3","10","5928673483862795","baha😞haist ...",,"8","3","8","4",,"23","0","1664130911000","https://www.facebook.com/joselyn.paulino.3/posts/pfbid02reUHSUkbGZu5Mks4N92oPeXqpABSiM6jjyenjxkp4jnPZ92BJaxdMXsQqyZdWwKkl"
,"461872175986035","video","https://www.facebook.com/wengweng.bautista.2024/videos/461872175986035/",,"626702678863701","video","https://www.facebook.com/wengweng.bautista.2024/videos/626702678863701/",,,,,,,,,,,,,"100084198944061","Wengweng Bautista","https://scontent-iad3-1.xx.fbcdn.net/v/t39.30808-1/602897864_840306878785936_5029728583227284881_n.jpg?stp=cp0_dst-jpg_tt6&cstp=mx1536x1546&ctp=s40x40&_nc_cat=108&ccb=1-7&_nc_sid=1d2534&_nc_ohc=Ewrn3FwY5qcQ7kNvwENoP9t&_nc_oc=AdpUI_K--URVZvqzAJK_If_HDWhnP0favx5svYgguGHhV7ouV_cQ23bqToYXx1qv2SM&_nc_zt=24&_nc_ht=scontent-iad3-1.xx&_nc_gid=aq-wN1BfyPcH2las7HHsjw&_nc_ss=7e2a8&oh=00_AQCtjhp4rJAlBoGtFP7OAYgnkwOqMdT5hxgdlggCdtm81w&oe=6A5E848F","https://www.facebook.com/wengweng.bautista.2024","1","125850266898271","Marikina river baha na",,,,,,,"0","1","1664125510000","https://www.facebook.com/wengweng.bautista.2024/posts/pfbid02kuvgoMarP9WgiQ2TmthA1yUrUtRzoD2kN2aMPqXSwBEMQxnHHuL7n6EamZLxwM1ol"
"No photo description available.","3359193794312809","photo","https://www.facebook.com/photo.php?fbid=3359193794312809&set=a.3177377785827745&type=3","No photo description available.","3359193857646136","photo","https://www.facebook.com/photo.php?fbid=3359193857646136&set=a.3177377785827745&type=3","No photo description available.","3359194030979452","photo","https://www.facebook.com/photo.php?fbid=3359194030979452&set=a.3177377785827745&type=3","No photo description available.","3359194310979424","photo","https://www.facebook.com/photo.php?fbid=3359194310979424&set=a.3177377785827745&type=3","No photo description available.","3359194464312742","photo","https://www.facebook.com/photo.php?fbid=3359194464312742&set=a.3177377785827745&type=3","100006666643541","Rosita Delos Santos Arcaño","https://scontent-iad3-2.xx.fbcdn.net/v/t39.30808-1/544991795_4221914108040769_7538411265885392877_n.jpg?stp=cp0_dst-jpg_tt6&cstp=mx374x381&ctp=p40x40&_nc_cat=111&ccb=1-7&_nc_sid=1d2534&_nc_ohc=gNg7v7Eyk1sQ7kNvwEK-DgV&_nc_oc=Adrb6m2qyVike_xxs-jAQVDpb-nl0GjYgwuAQYu7w9fAnP2lw9aaCpnpB_s5OmhuyVM&_nc_zt=24&_nc_ht=scontent-iad3-2.xx&_nc_gid=aq-wN1BfyPcH2las7HHsjw&_nc_ss=7e2a8&oh=00_AQDEgeYJ5UuDP7kVdS9h3LomaXFtFKueqfkTmexvDHGx1g&oe=6A5E8703","https://www.facebook.com/rosita.arcano.9","4","3359194767646045","salamat poh lord God at ndi na poh umabot s loob ng bahay nmen ang baha.,un lng madilim p din ndi makapag aus ng nilikas n gamit,salamat poh s mga pag alala nyo s amin,ingat poh ang lahat Gobless❤️❤️❤️🙏🙏🙏,salamat poh s kamag anak nmen n agad kme pinatuloy s bahay nila,my sis andinda paykel nd bunaynay🥰🥰🥰",,"15","8","1","6",,"30","0","1664150760000","https://www.facebook.com/rosita.arcano.9/posts/pfbid0o9T6Gwbirqi2Ta1kr4HP1rLK7XUVkn9JtVSf9p7CgwEYS6kEnpU9DdSdFM5f9sRAl"
"No photo description available.","1746815609038380","photo","https://www.facebook.com/photo.php?fbid=1746815609038380&set=a.429359444117343&type=3","No photo description available.","1746815742371700","photo","https://www.facebook.com/photo.php?fbid=1746815742371700&set=a.429359444117343&type=3","No photo description available.","1747055879014353","photo","https://www.facebook.com/photo.php?fbid=1747055879014353&set=a.429359444117343&type=3","No photo description available.","1747055935681014","photo","https://www.facebook.com/photo.php?fbid=1747055935681014&set=a.429359444117343&type=3",,,,,"100011298735382","Jhun Aguirre Hayahay II","https://scontent-iad6-1.xx.fbcdn.net/v/t39.30808-1/611323815_2664188243967774_1645471188741416139_n.jpg?stp=cp0_dst-jpg_tt6&cstp=mx720x733&ctp=p40x40&_nc_cat=100&ccb=1-7&_nc_sid=1d2534&_nc_ohc=17Ioj_21CKIQ7kNvwFeFHhG&_nc_oc=AdoL3-WBPT5kSwoBIMYgVzKX0Q_6P-45R_H2JDXUWQ3CVBRhPs0p3r8uXxjt6NdMWCY&_nc_zt=24&_nc_ht=scontent-iad6-1.xx&_nc_gid=9vCKTtQU7sXy9b4SRhwtoQ&_nc_ss=7e2a8&oh=00_AQD9jXugPRiL3b1b4hNuGcP4Zk3ecS8SQ2YxlQPJ6_Wvpg&oe=6A5EA739","https://www.facebook.com/aguirrejhun24","3","1746815782371696","pack up...
eto nanaman tayo
Nakaka alarma na baha...
ingat sa lahat 👍",,"14",,"6","2",,"22","0","1664121939000","https://www.facebook.com/aguirrejhun24/posts/pfbid027hHAHRVaEDTnFRTd92kWZQubbFWRTvxTehmzPQva3dxiBxNnmYsT6NULhMcLzC4Bl"
,"581270723796266","video",,,,,,,,,,,,,,,,,,"100065291960078","Sir Bryle","https://scontent-iad6-1.xx.fbcdn.net/v/t39.30808-1/480711456_1001248322061557_2117180710118276978_n.jpg?stp=cp0_dst-jpg_tt6&cstp=mx1080x1091&ctp=s40x40&_nc_cat=107&ccb=1-7&_nc_sid=2d3e12&_nc_ohc=WwsQdEj4AWMQ7kNvwHJX8VZ&_nc_oc=Adocu8c2lY_N-VoJCDU12TyedJJomRMRKZt546ZT1qtOaEsX3xRWGmc4qfqB5HmGi4w&_nc_zt=24&_nc_ht=scontent-iad6-1.xx&_nc_gid=9vCKTtQU7sXy9b4SRhwtoQ&_nc_ss=7e2a8&oh=00_AQA-krXLu7q9n9mvX-rHURZPnI8WFCJxp2z_hELQSrXiGg&oe=6A5E90E9","https://www.facebook.com/Laagan20","0","457585849761143","Wala ng ulan at maliwanag na ang kalangitan.  Humupa na ang baha at wala ng bagyo ang ngbabadya. Salamat ama☝️🙏",,"2","12",,,,"14","3","1664147073000","https://www.facebook.com/Laagan20/videos/581270723796266/"
,"1174381253198957","video",,,,,,,,,,,,,,,,,,"100063737643067","ValGer vlogs","https://scontent-iad6-1.xx.fbcdn.net/v/t39.30808-1/737550732_1654602240007682_20094145681691512_n.jpg?stp=cp0_dst-jpg_tt6&cstp=mx1080x1080&ctp=s40x40&_nc_cat=109&ccb=1-7&_nc_sid=2d3e12&_nc_ohc=GlVNZJTM-44Q7kNvwFeZRe-&_nc_oc=Adq9Gw3Qd7SiMqvMar-zc-JLOxQQZAdPPNXZFypKNDbKM2o1pPfpzYB9nn68BhDKXkc&_nc_zt=24&_nc_ht=scontent-iad6-1.xx&_nc_gid=9vCKTtQU7sXy9b4SRhwtoQ&_nc_ss=7e2a8&oh=00_AQDdrOKj4BMisiSeHCSILA-4FZuMbh00e57zFAIp4eZtvg&oe=6A5E9F3E","https://www.facebook.com/lailanitumanguil","0","1071447210214264","Baha sa marikina mataas pa din pero tuloy ang pangingisda ni kuya bagyong karding ka lang",,"18","1","2",,,"21","93","1664161076000","https://www.facebook.com/lailanitumanguil/videos/1174381253198957/"
"No photo description available.","127099273421674","photo","https://www.facebook.com/photo.php?fbid=127099273421674&set=a.127098463421755&type=3","No photo description available.","127099296755005","photo","https://www.facebook.com/photo.php?fbid=127099296755005&set=a.127098463421755&type=3","No photo description available.","127099320088336","photo","https://www.facebook.com/photo.php?fbid=127099320088336&set=a.127098463421755&type=3","No photo description available.","127099353421666","photo","https://www.facebook.com/photo.php?fbid=127099353421666&set=a.127098463421755&type=3","No photo description available.","127099386754996","photo","https://www.facebook.com/photo.php?fbid=127099386754996&set=a.127098463421755&type=3","100083648055801","Iwahig Ilaw Liwanag Triskelion - IILCC","https://scontent-iad6-1.xx.fbcdn.net/v/t39.30808-1/476816761_586859970778933_1246439960280805297_n.jpg?stp=cp0_dst-jpg_tt6&cstp=mx720x720&ctp=s40x40&_nc_cat=107&ccb=1-7&_nc_sid=2d3e12&_nc_ohc=ToxcpGP4Ha0Q7kNvwHxRsPk&_nc_oc=AdpjxMKyoiPbQzBkBCGdobU6iEC5KFZY-iPIebSezZf3qlBTAofOVQaP5fxPvhO6GDo&_nc_zt=24&_nc_ht=scontent-iad6-1.xx&_nc_gid=9vCKTtQU7sXy9b4SRhwtoQ&_nc_ss=7e2a8&oh=00_AQCjCCj9W7DGxPfa9CB9pB20XtTIITARwLJUz4kNEC7ZXQ&oe=6A5E8DCB","https://www.facebook.com/tgpiil","1","127099993421602","Agarang serbisyo publiko para sa mga nasalanta ng bagyo na SUPER TYPHOON KARDING dito  sa Tumana Marikina City , na pinamumunuaan ng  TUMANA SECTOR - MAKATAO Council.

Hindi alintana na sila rin mismo ay lubhang naapektohan ng bagyo at baha. Bagkus mas inuna ang talagang mga nangangailangan.

MABUHAY ang tunay na Sector ng Tumana - MAKATAO Council!

In the service of the fraternity..

#MarikeñongTriskelion
#OneMAKATAO
#TapatAtDapatNaSerbisyo",,"4","16",,"2",,"22","7","1664189364000","https://www.facebook.com/tgpiil/posts/pfbid0DL9R3zg6RxpZKzbkBtcoon8qz2oKikFi3kYdLc1293eD71HRBtTurJbft2dAhWwwl"
,,,,,,,,,,,,,,,,,,,,"599824255","Rae Sandoval","https://scontent-iad6-1.xx.fbcdn.net/v/t39.30808-1/671419473_10166901425174256_182007888866936364_n.jpg?stp=cp0_dst-jpg_tt6&cstp=mx960x960&ctp=s40x40&_nc_cat=107&ccb=1-7&_nc_sid=1d2534&_nc_ohc=0ELFuEvQLdwQ7kNvwFPmuIm&_nc_oc=AdpcbHJsPuLOY4BqNXH04zqThryOk1e7cJ-B_81SmelmVUS_Dw-BcumEfWnZ9unq-XU&_nc_zt=24&_nc_ht=scontent-iad6-1.xx&_nc_gid=9vCKTtQU7sXy9b4SRhwtoQ&_nc_ss=7e2a8&oh=00_AQAlpCIjz92JneW_vwDgcuLvTYxWmGcPNH_vJ9itbH1sWA&oe=6A5E9DAB","https://www.facebook.com/sandovalpandas","2","454981613319637","Replying to messages na po. Pasensya na po at nag-panhik ng mga gamit at nag-evacuate po kasi kami kahapon. 

Stay safe and always ready, mga mahal naming sukiiiii! 🫶🏻🙏🏼

Ang challenge naman today ay ibalik lahat ng mga pinanhik namin na gamit. 😅 still thankful at hindi umabot ang baha dito sa amin. 

UIOGD",,"3",,,"3",,"6","0","1664193534000","https://www.facebook.com/sandbagcreatives/posts/pfbid02RXHEgHKk2ruZuB9o3JpJc91pQifrZJVv9rqWWquRriZAqJ5EewXZgMwpvQtAxTNUl"
"No photo description available.","1781463518862207","photo","https://www.facebook.com/photo/?fbid=1781463518862207&set=a.765556218352151",,,,,,,,,,,,,,,,,"100046933406131","Motortrade San Mateo Cluster","https://scontent-iad3-2.xx.fbcdn.net/v/t39.30808-1/610662997_1600089518232146_8455785371627843761_n.jpg?stp=cp0_dst-jpg_tt6&cstp=mx960x960&ctp=s40x40&_nc_cat=103&ccb=1-7&_nc_sid=2d3e12&_nc_ohc=bZxVsOcF0sIQ7kNvwGWbmsI&_nc_oc=AdqP2tD13-fdtjDD1ZJfizPojQUvblitgc-Der954w3LMQixVGjwn9YztLhYvDW69C0&_nc_zt=24&_nc_ht=scontent-iad3-2.xx&_nc_gid=9vCKTtQU7sXy9b4SRhwtoQ&_nc_ss=7e2a8&oh=00_AQBC-b58FJy2RZ6Z0W9htEHpvQHyPdN27QXjt8XEbzHEYQ&oe=6A5E88B6","https://www.facebook.com/MotortradeSanMateoCluster","0","1781463565528869","✅ FOR YOUR INFORMATION!!

✅ Kapag nalubog ang FI(Fuel Injected) na motor sa baha - WAG NA WAG NG PAANDARIN! ❎

✅ Mga dapat gawin:

👨‍🔧Step 1: I-drain ang motor oil sa engine at gasoline sa fuel tank para hindi ito kalawangin.

👨‍🔧Step 2: Patuyuin ang loob ng makina at fuel tank sa pamamagitan ng air compressor.

👨‍🔧Step 3: Lagyan ng panibagong langis ang engine para lang mababad sa langis ang makina.

👨‍🔧Step 4: Dalin ang motor sa pinaka-malapit na service center(dalin sa pinaka malapit na MOTORTRADE) ng hindi papaandarin para pabugahan ng air compressor ang mga internal electronics parts nito para matuyo at upang maiwasan ang posibleng short

Credit to the owner.",,"17",,"5",,,"22","15","1664143774000","https://www.facebook.com/MotortradeSanMateoCluster/posts/pfbid02DQQQwurF3f42erfwUwFqMpdfV4ymDC85vhNCqMBkftBE4xNyRx37SjsURbJyRLBFl"
"No photo description available.","3505700069659138","photo","https://www.facebook.com/photo/?fbid=3505700069659138&set=a.1377934835769016",,,,,,,,,,,,,,,,,"100006575373743","Rowena Gabriel Ocampo","https://scontent-iad3-2.xx.fbcdn.net/v/t39.30808-1/481210796_4216469198582218_5876341011559773476_n.jpg?stp=cp0_dst-jpg_tt6&cstp=mx720x733&ctp=p40x40&_nc_cat=103&ccb=1-7&_nc_sid=1d2534&_nc_ohc=TIJeu_m9-UIQ7kNvwEtF1Jz&_nc_oc=Adpq6LiDg6h4mcttswYCZX2uoIC2x2RGHej-665hk__oCA_P-eEtzI6sai0boJOJYKk&_nc_zt=24&_nc_ht=scontent-iad3-2.xx&_nc_gid=9vCKTtQU7sXy9b4SRhwtoQ&_nc_ss=7e2a8&oh=00_AQDacJS020fc7BaHMObKO2pyqLmxSI7l8znYKw9ohRNdjw&oe=6A5EB650","https://www.facebook.com/rowenaocampo0521","7","3505700096325802","nakapag pahinga din sa kaka impake ng mga gamit at kakahakot😓
 pagod, antok hay buhay😓
baha jan ka lang sa labas wag ka na papasok dito sa loob namen 😄 at dahil nga tindera tau at makukulit cla arat na may sigarilyo na ubusin nyo na to😊",,"13","8",,,,"21","0","1664128071000","https://www.facebook.com/rowenaocampo0521/posts/pfbid02pS3HG9BdWCtFnWGLoADMRhYyYh3Zmc4J2Udtmx8pWzQdYEHKt5CHqsN9S5pCZnMml"
"No photo description available.","421948150069463","photo","https://www.facebook.com/photo.php?fbid=421948150069463&set=a.275860801794932&type=3","No photo description available.","421948190069459","photo","https://www.facebook.com/photo.php?fbid=421948190069459&set=a.275860801794932&type=3","No photo description available.","421948236736121","photo","https://www.facebook.com/photo.php?fbid=421948236736121&set=a.275860801794932&type=3","No photo description available.","421948276736117","photo","https://www.facebook.com/photo.php?fbid=421948276736117&set=a.275860801794932&type=3","No photo description available.","421948316736113","photo","https://www.facebook.com/photo.php?fbid=421948316736113&set=a.275860801794932&type=3","100081130435799","Tumana Central Community Chapter","https://scontent-iad3-2.xx.fbcdn.net/v/t39.30808-1/629463326_918213347559671_3592691410249417956_n.jpg?stp=cp0_dst-jpg_tt6&cstp=mx363x360&ctp=p40x40&_nc_cat=103&ccb=1-7&_nc_sid=2d3e12&_nc_ohc=0AL0cSuMGewQ7kNvwHzK4Xz&_nc_oc=AdrUnnscYH9QBcTyzaflBs5AKhDJLLlPFOWIEm-yqTCelZnWC-2sjJw6110o1AJwpiw&_nc_zt=24&_nc_ht=scontent-iad3-2.xx&_nc_gid=7WRwR6RTcLkQO_zIZufvJg&_nc_ss=7e2a8&oh=00_AQAHFJw8NdiCcBXFSnSA29-aWTsZqal99Hly0_CWhm7cHw&oe=6A5EA505","https://www.facebook.com/TGPTGSTCCC","2","421949570069321","Agarang serbisyo publiko para sa mga nasalanta ng bagyo na SUPER TYPHOON KARDING dito  sa Tumana Marikina City , na pinamumunuaan ng  TUMANA SECTOR - MAKATAO Council.

Hindi alintana na sila rin mismo ay lubhang naapektohan ng bagyo at baha. Bagkus mas inuna ang talagang mga nangangailangan.

MABUHAY ang tunay na Sector ng Tumana - MAKATAO Council!

In the service of the fraternity..

#MarikeñongTriskelion
#OneMAKATAO
#TapatAtDapatNaSerbisyo",,"9","14",,"1",,"24","2","1664188056000","https://www.facebook.com/TGPTGSTCCC/posts/pfbid02DTu7CQ12kkpC2toxvGn8o4GbABRuudAXFTvPpHdjeVwHP39VaxsXcaDTjMXhpwU8l"
,,,,,,,,,,,,,,,,,,,,"100069147581661","Healthy Pilipinas","https://scontent-iad3-2.xx.fbcdn.net/v/t39.30808-1/444846775_764595579188688_3162215863358540712_n.jpg?stp=cp0_dst-jpg_tt6&cstp=mx960x960&ctp=s40x40&_nc_cat=111&ccb=1-7&_nc_sid=2d3e12&_nc_ohc=vm8rqqBxr6EQ7kNvwHJ68Vn&_nc_oc=Adq8TyaKEfxnaw05bUtCr22aFOXl_B7qlLYsS885fhgqdl9kLk78vewTtcDEcs1zTd4&_nc_zt=24&_nc_ht=scontent-iad3-2.xx&_nc_gid=7WRwR6RTcLkQO_zIZufvJg&_nc_ss=7e2a8&oh=00_AQDOjzyLrvDgbXtunDhMUE-e1kc89zaTk8_ndT253PxvIA&oe=6A5EA465","https://www.facebook.com/DOHhealthypilipinas","1","458086223021601","ALAMIN 🤔

Tag-ulan na naman! Hindi natin maiwasan ang paglusong sa baha o pagbabad sa maruming tubig na maaaring magdulot ng sakit na Leptospirosis, isang bacterial infection na mula sa ihi ng daga o iba pang hayop.

Maging maalam tungkol sa sakit na ito na alamin sa ating infographics ang lahat ng impormasyon tungkol sa Leptospirosis.

Iwasang magkasakit ngayong tag-ulan!

Maging maingat sa #WILD diseases for a #HealthyPilipinas",,"37","3","1","1",,"42","7","1664077663000","https://www.facebook.com/antipolocitygovernment/posts/pfbid02hrTdk295nErdMPUUNWKJbSGgCg18DV55K4FXdsdcZseDAv6Qy2pKrMvRoKfuCYz6l"
"No photo description available.","474336364733748","photo","https://www.facebook.com/photo.php?fbid=474336364733748&set=a.231405012360219&type=3","No photo description available.","474336438067074","photo","https://www.facebook.com/photo.php?fbid=474336438067074&set=a.231405012360219&type=3","No photo description available.","474336501400401","photo","https://www.facebook.com/photo.php?fbid=474336501400401&set=a.231405012360219&type=3","No photo description available.","474336564733728","photo","https://www.facebook.com/photo.php?fbid=474336564733728&set=a.231405012360219&type=3","No photo description available.","474336644733720","photo","https://www.facebook.com/photo.php?fbid=474336644733720&set=a.231405012360219&type=3","100064721651335","Brgy. Silangan fire-rescue volunteer brigade","https://scontent-iad6-1.xx.fbcdn.net/v/t39.30808-1/275433818_339506611550058_2362682782162038168_n.jpg?stp=cp0_dst-jpg_tt6&cstp=mx720x720&ctp=s40x40&_nc_cat=109&ccb=1-7&_nc_sid=2d3e12&_nc_ohc=kLcy7VaGiyQQ7kNvwFVvPTC&_nc_oc=AdqxwkxKUodsHxibXeXsqYidptDXNX6vA1RBehbSfvpadyRIJv7PSUa7xtSzQ9XIoYY&_nc_zt=24&_nc_ht=scontent-iad6-1.xx&_nc_gid=7WRwR6RTcLkQO_zIZufvJg&_nc_ss=7e2a8&oh=00_AQA8RjclD1Py2vyP8SBux4CvbaKqG-HC7kbmQXBNq0EzOA&oe=6A5E995A","https://www.facebook.com/profile.php?id=100064721651335","1","474338231400228","09 - 26 - 22

Monitoring sa mga area na pwedeng pag mulan o pag simulan ng baha o pag guho ng lupa.

Location : Barangay Silangan 

Time : 8:30am - 9:55am

Driver : 

Kuya fer

Manpower : 

Silangan 9
Silangan 12
Silangan 6 
Silangan 246
Delta 2",,"6","1",,"1",,"8","0","1664158900000","https://www.facebook.com/permalink.php?story_fbid=pfbid0CWCi12M2suj25XydWMCrCWnTPHyZs3b7U9FPRtmEuEKj6bcEFadBRc5ufmrGV5Ssl&id=100064721651335"
"No photo description available.","132414172874573","photo","https://www.facebook.com/photo/?fbid=132414172874573&set=a.124447897004534",,,,,,,,,,,,,,,,,"100083179729000","San Mateo Rizal Public Information Office","https://scontent-iad3-1.xx.fbcdn.net/v/t39.30808-1/425495857_387889013993753_4470595050143281461_n.jpg?stp=cp0_dst-jpg_tt6&cstp=mx2048x2048&ctp=s40x40&_nc_cat=101&ccb=1-7&_nc_sid=2d3e12&_nc_ohc=r37H6C_LYvUQ7kNvwFBys0D&_nc_oc=AdpiQ4ADDsUpkvAVgymRm7mQgPBEoPkWZci3bN5PTfPEwkCSTGr-E3MdzomLKKP4Nq4&_nc_zt=24&_nc_ht=scontent-iad3-1.xx&_nc_gid=7WRwR6RTcLkQO_zIZufvJg&_nc_ss=7e2a8&oh=00_AQC_oPxmXZ0IFic9UpMoO4kVXW2Km-Yz6Dyk0dwlSHSLpw&oe=6A5E8764","https://www.facebook.com/sanmateorizalPIO","1","132414189541238","Dahil ligtas ang may alam, narito ang kaunting kaalaman tungkol sa Leptospirosis: kung ano nga ba ito, mga sintomas, at mga komplikasyon kapag hindi naagapan.

Iwasan ang paglusong sa baha, kababayan!

#KardingPH
#SanMateoRizalLGU
#SanMateoRizalPIO",,"45","4",,"1",,"50","10","1664161210000","https://www.facebook.com/sanmateorizalPIO/posts/pfbid02cdcwE2G3Qzc7mybJDW3RKqz1M7iSgoSEmAfTpNJj2SwsRmYrWMEtnYHcCvDm4MCwl"
"No photo description available.","581785553743511","photo","https://www.facebook.com/photo/?fbid=581785553743511&set=a.526303405958393",,,,,,,,,,,,,,,,,"100057362143083","KYODAI WORKZ","https://scontent-iad6-1.xx.fbcdn.net/v/t39.30808-1/416693061_871925841396146_6470146563039029207_n.jpg?stp=cp0_dst-jpg_tt6&cstp=mx1035x1036&ctp=s40x40&_nc_cat=107&ccb=1-7&_nc_sid=2d3e12&_nc_ohc=t2eMvojtJ60Q7kNvwG9wL2p&_nc_oc=AdombvVlORi1FQSrH6QclctE7tMLc4oQAeG1uDlHETHKerqc0C7FensmR5l2cn8OsQI&_nc_zt=24&_nc_ht=scontent-iad6-1.xx&_nc_gid=7WRwR6RTcLkQO_zIZufvJg&_nc_ss=7e2a8&oh=00_AQAy4YV6s3vjxd_0MdthDfiUDcKcnEcY6jMy8qU2aFpIzg&oe=6A5EA6E7","https://www.facebook.com/KyodaiWorkz","1","581785573743509","⚠️STAY SAFE KA-KYOUDAI⚠️

✅ FOR YOUR INFORMATION!!

✅ Kapag nalubog ang FI(Fuel Injected) na motor sa baha - WAG NA WAG NG PAANDARIN! ❎

✅ Mga dapat gawin:

👨‍🔧Step 1: TANGGALIN ANG BATTERY !! 🔋

👨‍🔧Step 2: I-drain ang MOTOR OIL  sa engine at GASOLINE sa FUEL TANK para hindi ito kalawangin at alisin ang SPARK PLUG/AIR FILTER/ FUEL FILTER

👨‍🔧Step 3: Patuyuin ang loob ng makina at fuel tank sa pamamagitan ng air blower or kahit anong pambuga na walang kasamang tubig or moist.

👨‍🔧Step 4: Lagyan ng panibagong langis ang engine para lang mababad sa langis ang makina.

👨‍🔧Step 5: Dalin ang motor sa pinaka-malapit na service center(casa o dealer) / suking motorshop ng hindi papaandarin para pabugahan ng AIR COMPRESSOR / CONTACT CLEANER ang mga internal electronics parts nito para matuyo at upang maiwasan ang posibleng short circuit nito.

.
.
.
.
.
.
.
.
.
.
.
.
.
.
.
.
.
.
.
.
.
.
.
.
.
.
.
.
.
.
.
.

👨‍🔧Step 6: KUNG HINDI KA MARUNONG NG STEP 1-5 DALHIN MO NA LANG SA CASA OR PAGAWAAN NG MOTOR ITULAK MO NA LANG.

Photo & Info ctto: 📖",,"13","6",,"4",,"23","48","1664097333000","https://www.facebook.com/KyodaiWorkz/posts/pfbid028mkKFMCfFxFRsv8D5hAB1cSuVkQftBTUou2fuH3iicn1gz1oH4FxyDeiEd6oipZVl"
"No photo description available.","127759696692625","photo","https://www.facebook.com/photo/?fbid=127759696692625&set=a.127274830074445",,,,,,,,,,,,,,,,,"100083757847495","Ang Bagong Liwanag Silangan","https://scontent-iad3-2.xx.fbcdn.net/v/t39.30808-1/296154794_111439888320593_9040332721759017368_n.jpg?stp=cp0_dst-jpg_tt6&cstp=mx2048x2048&ctp=s40x40&_nc_cat=111&ccb=1-7&_nc_sid=2d3e12&_nc_ohc=DogO9At2j4oQ7kNvwFVehIt&_nc_oc=AdpztrSq4fKy3_wNdn7rQK4Tql2FuGs4URJqC19CElkCdAKdRezzzH27Q5jVnU2Puj0&_nc_zt=24&_nc_ht=scontent-iad3-2.xx&_nc_gid=7WRwR6RTcLkQO_zIZufvJg&_nc_ss=7e2a8&oh=00_AQAxhs_CfAEqC5_dz6NpqHzJkYDjVd-AA0N05TMkIGdeDQ&oe=6A5EB409","https://www.facebook.com/ABLSilangan","0","127759713359290","Naghatid po kagabi ang Ang Bagong Liwanag - Silangan ng maaayos na used clothes sa Ibayo, Maly, San Mateo, para sa mga pamilyang  nalubog sa baha na dulot ng bagyong Karding.

Maraming salamat kay Happy ng Solid Leni Supporters, Ang Bayanihan Manila at Heaven Scent.

Babalik pa kami. Pwede pong magdonate sa aming GCash 0995 107 5421 B. Bobis.

Maraming salamat po!",,"6","11",,,,"17","1","1664232943000","https://www.facebook.com/ABLSilangan/posts/pfbid0v7CaWCrX3UbXSZnUtFkLmhDrQ55uaJGtCBsRFWEwbTvQcy1Y3dEp8tUQHie48CTFl"
"No photo description available.","845275336902039","photo","https://www.facebook.com/photo/?fbid=845275336902039&set=a.469241071914634",,,,,,,,,,,,,,,,,"100064862342736","True Worshipers of God Church","https://scontent-iad6-1.xx.fbcdn.net/v/t39.30808-1/308494191_469241108581297_1845055360446347240_n.jpg?stp=cp0_dst-jpg_tt6&cstp=mx160x160&ctp=s40x40&_nc_cat=109&ccb=1-7&_nc_sid=2d3e12&_nc_ohc=3YoWPv3CtnkQ7kNvwHclD8T&_nc_oc=Adptl6B-2TORAuAQ11CuUnNd1CMTdlhQfbbqAkpE7K_91xmmGlsyiTqnj2PGVJizXC8&_nc_zt=24&_nc_ht=scontent-iad6-1.xx&_nc_gid=zYjH1lFB9QrsHtEptRcCyA&_nc_ss=7e2a8&oh=00_AQCoehjxze1J_LWcCfhnypAIFucjVrP9plC3S9hpd1UlAw&oe=6A5E9D1E","https://www.facebook.com/TWGCXentroMall","1","845275353568704","Philippians 4:6-7
[6]Be careful for nothing; but in every thing by prayer and supplication with thanksgiving let your requests be made known unto God. [7]And the peace of God, which passeth all understanding, shall keep your hearts and minds through Christ Jesus. 

Bagyo, lindol, baha, etc na na maari maging sanhi na ating pag aalala pero bago ko sabihin sayo to kaya tayo nakakaranas ng ganito situation hindi dahil pahirapan tayo kundi pinapalapit niya tayo sa kanya Mga bro and Sis Manalangin tayo kung tayo nag aalala dahil libre lang ito at wala bayad imbis na ilaan nating ating oras sa pag iisip ilaang nalang nating sa panalangin dahil lahat ng bagay sa kanya wala imposible.

Keep safe everyone ❤️",,,"12",,,,"12","2","1664166511000","https://www.facebook.com/TWGCXentroMall/posts/pfbid02KUiVsidBy7E62kwasoMs1vXAXUjpwViU4PbarsJKvHMxePx6ZPJV9fZq2gLngCgyl"
,,,,,,,,,,,,,,,,,,,,"100064957951102","ABS-CBN News","https://scontent-iad3-2.xx.fbcdn.net/v/t39.30808-1/612193561_1385784586930127_8766501501849307524_n.jpg?stp=cp0_dst-jpg_tt6&cstp=mx513x511&ctp=s40x40&_nc_cat=1&ccb=1-7&_nc_sid=2d3e12&_nc_ohc=BDsIev3SqvYQ7kNvwHtSoog&_nc_oc=AdrrVjSl8oF_dNl2HK3SvdfVvIBHSbNUm8QFXltBvQNXW3Ni4xjmVgSEJFx0hxFqfX4&_nc_zt=24&_nc_ht=scontent-iad3-2.xx&_nc_gid=zYjH1lFB9QrsHtEptRcCyA&_nc_ss=7e2a8&oh=00_AQArGRgmsoiWbexVmlUWwND_QKfk3XMrOhoMvSu7vDpTYQ&oe=6A5E851C","https://www.facebook.com/abscbnNEWS","2","169261045692073","Condolence to the bereaved family of the 5 rescuers who died in Bulacan Province during #KardingPH 

We are forever grateful to their heroic deed in line of duty.🙏",,"1",,"21","1",,"23","3","1664182468000","https://www.facebook.com/SulongPinasInitiative/posts/pfbid034aY2GnWQM8BS4qd2wyP8cg3jdpd7HCexStCFMGsozqLos7Hpo5FKcvfbDzkJEv86l"
,"768086414286311","video","https://www.facebook.com/Vozmotoworx/videos/768086414286311/","No photo description available.","464373842377584","photo","https://www.facebook.com/photo.php?fbid=464373842377584&set=a.349903827157920&type=3","No photo description available.","464373889044246","photo","https://www.facebook.com/photo.php?fbid=464373889044246&set=a.349903827157920&type=3","No photo description available.","464373932377575","photo","https://www.facebook.com/photo.php?fbid=464373932377575&set=a.349903827157920&type=3","No photo description available.","464374549044180","photo","https://www.facebook.com/photo.php?fbid=464374549044180&set=a.349903827157920&type=3","100064149152954","Voz motoworx","https://scontent-iad6-1.xx.fbcdn.net/v/t39.30808-1/429584633_800136042134694_3945510901306990758_n.jpg?stp=cp0_dst-jpg_tt6&cstp=mx960x955&ctp=s40x40&_nc_cat=102&ccb=1-7&_nc_sid=2d3e12&_nc_ohc=sse1X2jlytsQ7kNvwG33JNN&_nc_oc=Adq3j4Oc4XOufpNWSFKRLBGycpcbrtRjuobqz6VZ1Ww5quwX8vpNwU35vHrlYWrI2-U&_nc_zt=24&_nc_ht=scontent-iad6-1.xx&_nc_gid=zYjH1lFB9QrsHtEptRcCyA&_nc_ss=7e2a8&oh=00_AQAxbrYtrpzYfSuYMsTm2rLo6TLoAD13aDfONY52gSgKtw&oe=6A5E82C5","https://www.facebook.com/Vozmotoworx","2","464374009044234","Bago bumagyo
Umaga p lng baha n ng customer
Salamat mga bossing sa suporta",,"5","1",,,,"6","0","1664069531000","https://www.facebook.com/Vozmotoworx/posts/pfbid0Yqfwj5877Kt8YiA2BR1FZZ4g96ebP21SLSDySNx76UP5EXdtyrqdRW5wWiZPeZK9l"
"No photo description available.","492087189597908","photo","https://www.facebook.com/photo/?fbid=492087189597908&set=a.442537957886165",,,,,,,,,,,,,,,,,"100063898941129","QMMC - Public Health Unit","https://scontent-iad6-1.xx.fbcdn.net/v/t39.30808-1/738593621_1530871722386111_1274925628507524390_n.jpg?stp=cp0_dst-jpg_tt6&cstp=mx2048x2048&ctp=s40x40&_nc_cat=109&ccb=1-7&_nc_sid=2d3e12&_nc_ohc=GynAihv1r0gQ7kNvwEj1p0_&_nc_oc=AdpD-sBhJopd4oZgumW_UEw60kWF0gwXl9F4hax_VsU7WrO4DWRbGfS8s9sxqy5C9as&_nc_zt=24&_nc_ht=scontent-iad6-1.xx&_nc_gid=zYjH1lFB9QrsHtEptRcCyA&_nc_ss=7e2a8&oh=00_AQCTeuyX906-78m7PmEPGtxUw0-BWbWglIhYdEkJCtPXHA&oe=6A5E9A60","https://www.facebook.com/phu.qmmc","0","492088269597800","Sa mga tamang paraan, ang leptospirosis ay kayang-kayang iwasan! Iwas muna lumusong sa putik at tubig-baha kapag tag-ulan dahil pwede itong pagmulan ng sakit na leptospirosis.  ‘Pag nakapasok ang tubig sa iyong sugat na nahaluan ng dumi o ihi ng daga, aso, kambing at iba pa, pwede kang magkasakit nito.

Protektahan ang ating sarili laban sa sakit na Leptospirosis!

Kumunsulta sa pinakamalapit na health center sa inyong lugar kung may nararanasang mga sintomas ng leptospirosis.

Maging maingat at alerto ngayong may bagyo!

#qmmcphu
#staysafe
#KardingPH
#iwasleptospirosis",,"2",,,"1",,"3","4","1664110160000","https://www.facebook.com/phu.qmmc/posts/pfbid037167wcrMA61Ax217LgNqdoDjEs3yHugyRtaqMf2cCGHKUdvEzA4CCKBmynviZfrJl"
"No photo description available.","505369161596514","photo","https://www.facebook.com/photo.php?fbid=505369161596514&set=a.481026960697401&type=3","No photo description available.","505369478263149","photo","https://www.facebook.com/photo.php?fbid=505369478263149&set=a.481026960697401&type=3","No photo description available.","505369241596506","photo","https://www.facebook.com/photo.php?fbid=505369241596506&set=a.481026960697401&type=3","No photo description available.","505369308263166","photo","https://www.facebook.com/photo.php?fbid=505369308263166&set=a.481026960697401&type=3","No photo description available.","505369231596507","photo","https://www.facebook.com/photo.php?fbid=505369231596507&set=a.481026960697401&type=3","100063703046447","MC9 Trading","https://scontent-iad6-1.xx.fbcdn.net/v/t39.30808-1/514833897_1287194073414015_7364046094897681476_n.jpg?stp=cp0_dst-jpg_tt6&cstp=mx1284x1284&ctp=s40x40&_nc_cat=102&ccb=1-7&_nc_sid=2d3e12&_nc_ohc=KzldDhcwtt8Q7kNvwFctkGo&_nc_oc=AdrRNKNlKks_ZojfRtjUKrUwAWp_Ts0-WsLlTo05iYbcilCeeXw4IYA279AiW9F9Csw&_nc_zt=24&_nc_ht=scontent-iad6-1.xx&_nc_gid=zYjH1lFB9QrsHtEptRcCyA&_nc_ss=7e2a8&oh=00_AQBdi4oR4IGVKdGOlACrlLqVPYe-39g0Mc9xngAr2iHCJg&oe=6A5E898B","https://www.facebook.com/MC9trading","4","505369631596467","BAHA EVERYWHERE?
Wag mo nang problemahin ang baha!
SUBMERSIBLE PUMP is the KEY!

Available from 0.5HP to 3HP High Head
100% COPPER
1 year service warranty 

LAZADA 🛒:
https://www.lazada.com.ph/shop/mc9-trading

𝐌𝐂𝟗 𝐓𝐑𝐀𝐃𝐈𝐍𝐆 𝐈𝐈 𝐂𝐨𝐧𝐜𝐞𝐩𝐜𝐢𝐨𝐧 𝐔𝐧𝐨 (waze/pin)
64 Bayan Bayanan Ave., Concepcion Uno, Marikina

𝟎𝟗𝟒𝟓-𝟖𝟔𝟕-𝟎𝟕𝟒𝟒
mc9trading@gmail.com",,"33",,,,,"33","17","1664178139000","https://www.facebook.com/MC9trading/posts/pfbid0Eu7nvpNMmJu1K2RqTHo8iNStmVejpHuZMttSusEzxyT8c6NqSB7Qn9Ap1iXaihFRl"
,,,,,,,,,,,,,,,,,,,,"100063672945781","Councilor Levy De Guzman","https://scontent-iad6-1.xx.fbcdn.net/v/t39.30808-1/293984945_460028942796200_3761353490359362990_n.jpg?stp=cp0_dst-jpg_tt6&cstp=mx1081x1065&ctp=s40x40&_nc_cat=102&ccb=1-7&_nc_sid=2d3e12&_nc_ohc=ZbppXnPRQLoQ7kNvwFssbj1&_nc_oc=AdrLYwGCxjnNfL1s7v7QTuBjqkWGq7fwd05BCnu1CbN2vjen_u-pdqHgFsRE6SxnioM&_nc_zt=24&_nc_ht=scontent-iad6-1.xx&_nc_gid=sixEwiVa-i7QO-qipbIcHQ&_nc_ss=7e2a8&oh=00_AQAOvETUGiZ_-Ip7YGfwOsOHEIUuOGtQjPU9p5I3xyIxvA&oe=6A5E85A0","https://www.facebook.com/profile.php?id=100063672945781","2","517650990367328","Sa Marikina talaga mahusay ang ating Mayor Marcy may maaasahang  Gobyerno isang matalinong pagpapasya magsagawa ng dredging..dahil dito mabilis bumaba ang tubig baha marami ang kabuhayan ang na nailigtas.
-admin
#kaisaponinyo 
#teammarcyteodoro 
#levydeguzman",,"13","7",,,,"20","0","1664157194000","https://www.facebook.com/permalink.php?story_fbid=pfbid0sBGarrVCW3xjLKgMgz1Azef7iN4JWk2CDTmqtZt2cAyM16dcz79xJzigTJ4UMYSbl&id=100063672945781"
"No photo description available.","132486266200697","photo","https://www.facebook.com/photo/?fbid=132486266200697&set=a.124447897004534",,,,,,,,,,,,,,,,,"100083179729000","San Mateo Rizal Public Information Office","https://scontent-iad3-1.xx.fbcdn.net/v/t39.30808-1/425495857_387889013993753_4470595050143281461_n.jpg?stp=cp0_dst-jpg_tt6&cstp=mx2048x2048&ctp=s40x40&_nc_cat=101&ccb=1-7&_nc_sid=2d3e12&_nc_ohc=r37H6C_LYvUQ7kNvwFBys0D&_nc_oc=AdpiQ4ADDsUpkvAVgymRm7mQgPBEoPkWZci3bN5PTfPEwkCSTGr-E3MdzomLKKP4Nq4&_nc_zt=24&_nc_ht=scontent-iad3-1.xx&_nc_gid=sixEwiVa-i7QO-qipbIcHQ&_nc_ss=7e2a8&oh=00_AQBNynfO6oSuf87bu2kCt5F3Gu-mVYLpaVakDodZp50haA&oe=6A5E8764","https://www.facebook.com/sanmateorizalPIO","0","132487002867290","Tuwing ika-26 ng Setyembre ay ipinagdiriwang sa buong mundo ang World Environmental Health Day. 

Ang araw na ito, kung saan ay binibigyang-pugay din natin ang ating mga environmental health workers, ay ipinagdiriwang kaakibat ang layunin nitong pag-igihin ang kaalaman ng bawat isa sa kahalagahan ng pangangalaga sa ating kalikasan at kalusugan. 

Sa kakatapos lamang na pananalasa ng Bagyong Karding, maraming lugar po sa ating bayan ang lubhang apektado ng sanlaksang basurang tinangay ng tubig-baha. Bilang pag-alala sa World Environmental Health Day, tayo po nawa ay magkaisa sa pagsasaisip at pagkilos nang naaayon sa hangarin ng araw na ito.

Tungo sa malinis na kapaligiran at malusog na mamamayan, tulong-tulong tayo rito sa San Mateo!

#SanMateoRizalLGU
#SanMateoRizalPIO","1","10","13",,,,"24","5","1664181196000","https://www.facebook.com/sanmateorizalPIO/posts/pfbid0hJMSff9WGuVgV6vFzEkdYaJNugMbLxFhq1D1wbanyJ5eZCbhuB59vVHGELYhPv5Wl"
,,,,,,,,,,,,,,,,,,,,"100063828759925","Street shirt.PH","https://scontent-iad6-1.xx.fbcdn.net/v/t39.30808-1/470182430_1075713107899638_4545618320877955490_n.jpg?stp=cp0_dst-jpg_tt6&cstp=mx960x957&ctp=s40x40&_nc_cat=106&ccb=1-7&_nc_sid=2d3e12&_nc_ohc=riS6YDjNcoEQ7kNvwE4TBJ4&_nc_oc=AdppZVMnqdwt8clUlQgzpn40-hCUOu5yTZF5eUqSMCLpziPALbRm0DfZCohgI3iYhNU&_nc_zt=24&_nc_ht=scontent-iad6-1.xx&_nc_gid=sixEwiVa-i7QO-qipbIcHQ&_nc_ss=7e2a8&oh=00_AQBBDcXNP4-Nur3zn9cQJJ0zjdBitQgrWI-njgBZVzNm4A&oe=6A5E974A","https://www.facebook.com/streetshirts.ph","6","488872903250331","Update sa mga mahal kung client
Mag kakaruon po kami ng konting delay dahil sa bagyo /Printer/ helper/mananahi. mga inabot sila ng baha disila Mga makakapasok dahil need nila mag ayos ng mga nasalantang kagamitan nila  :(  salamat po sanunawa  mag uupdate po ako kaagad sainyo para sa resume ng production.. lahat naman po ginagawa namin para mailabas ang mga order nyupo samin..
Importante safe kayo samin 🤜🤛🤗. 
Salamat po sa malaking unawa ❤️‍🩹

Street shirt team.",,"7","18",,,,"25","1","1664166893000","https://www.facebook.com/streetshirts.ph/posts/pfbid02LSXF43evXHFpVhJRa9sLHZJiE7dqFrgwkzDozsbuZxYfz8hLCGhVkdcbStudCVN6l"
,,,,,,,,,,,,,,,,,,,,"100028542375348","John David Reyes Ramos","https://scontent-iad6-1.xx.fbcdn.net/v/t39.30808-1/463440459_1389980241963375_7943742308337378562_n.jpg?stp=cp0_dst-jpg_tt6&cstp=mx960x958&ctp=s40x40&_nc_cat=109&ccb=1-7&_nc_sid=1d2534&_nc_ohc=bXgR1F7Ry2sQ7kNvwGibULo&_nc_oc=Adqg0ikImSqkv2WLBrAIKbR_yCqG8z9SjnEy5H6JhPKo6OeRor-QgT7wb_skBXrAEpI&_nc_zt=24&_nc_ht=scontent-iad6-1.xx&_nc_gid=sixEwiVa-i7QO-qipbIcHQ&_nc_ss=7e2a8&oh=00_AQB4xSGfv4Oby_oiuz4Vy2H48xaIqMpQqY27zhdQfTyL7Q&oe=6A5E862A","https://www.facebook.com/johndavid.ramos.336","6","1742648539443191","May pag-asa pa kaya matuloy ang solusyon sa baha sa marikina? 😢🙏","2","19","3","1",,,"25","2","1664136344000","https://www.facebook.com/groups/370594499981942/permalink/1742648539443191/"
,,,,,,,,,,,,,,,,,,,,"100040443579988","LK LV LN LM","https://scontent-iad3-1.xx.fbcdn.net/v/t39.30808-1/734555634_1820723745952394_6978026256978328226_n.jpg?stp=cp0_dst-jpg_tt6&cstp=mx1086x1086&ctp=s24x24&_nc_cat=110&ccb=1-7&_nc_sid=e99d92&_nc_ohc=PiEuVH2a-ZEQ7kNvwF9vwuq&_nc_oc=Adp4zrrIp_TFBcT6P98gYrUmy1QEE-vHq6qU08JH2Zxme3ARHMwpT1HXedQh6a-8KUk&_nc_zt=24&_nc_ht=scontent-iad3-1.xx&_nc_gid=sixEwiVa-i7QO-qipbIcHQ&_nc_ss=7e2a8&oh=00_AQBoNSN5lqPxfpMWLVkBcUgZGU55X9i75JRfAFWWzPtujQ&oe=6A5EABA0","https://www.facebook.com/quuinimars","7","830110544687855","goodeve, any update po sa baha? 
thanks. keepsafe everyone pls!",,"1",,,,,"1","0","1664113724000","https://www.facebook.com/groups/531565464542366/permalink/830110544687855/"
"No photo description available.","418411897096302","photo","https://www.facebook.com/photo/?fbid=418411897096302&set=a.4999402726803552",,,,,,,,,,,,,,,,,"100067824860153","Hand-Me-Down Baby Closet","https://scontent-iad3-2.xx.fbcdn.net/v/t39.30808-1/427810587_718124477125041_5052881754006396586_n.jpg?stp=cp0_dst-jpg_tt6&cstp=mx956x960&ctp=s40x40&_nc_cat=111&ccb=1-7&_nc_sid=2d3e12&_nc_ohc=cjUKZx3INtIQ7kNvwE3gJE0&_nc_oc=AdozOEB6DlqlpISQgQvI3YFMiDVErG6EQlx1ovBm1Y-bLEBS2Dnxr8lqG1VBCRBOhrU&_nc_zt=24&_nc_ht=scontent-iad3-2.xx&_nc_gid=sixEwiVa-i7QO-qipbIcHQ&_nc_ss=7e2a8&oh=00_AQCti_TYfBGSpQuq-WjdAOwScL7u3VdU-dHyngf3rXwlNw&oe=6A5EA6B3","https://www.facebook.com/handmedownkidscloset","85","418411910429634","❌SOLD OUT❌
Yes, opo! 3 for 90 na lang po 😁
Pamigay sale, kesa masira ng tubig baha🤦

3 for 90 😉
35 kapag isa 🤗",,"5","2",,,,"7","2","1664182380000","https://www.facebook.com/handmedownkidscloset/posts/pfbid02aimjgKCo7nSVDEo52bts7Trai54dqsyMrqVCtQg7yLHimDgJSavQBWjc2A3B5erjl"
"No photo description available.","5597870486927118","photo","https://www.facebook.com/photo.php?fbid=5597870486927118&set=gm.1307690976701480&type=3","No photo description available.","5597888696925297","photo","https://www.facebook.com/photo.php?fbid=5597888696925297&set=gm.1307690973368147&type=3","No photo description available.","5597888890258611","photo","https://www.facebook.com/photo.php?fbid=5597888890258611&set=gm.1307690980034813&type=3","No photo description available.","5597889046925262","photo","https://www.facebook.com/photo.php?fbid=5597889046925262&set=gm.1307690986701479&type=3",,,,,"100001126664997","Jedd M. Acasio","https://scontent-iad3-2.xx.fbcdn.net/v/t39.30808-1/722363778_27355377727416414_3633906859295426906_n.jpg?stp=cp0_dst-jpg_tt6&cstp=mx736x748&ctp=s24x24&_nc_cat=105&ccb=1-7&_nc_sid=e99d92&_nc_ohc=WwBAIAtaX40Q7kNvwEIu8Jk&_nc_oc=Ado3RnJUi2wJ0mt-KTTqrTIhTVvhptH7E3BbTx6obYnSDzUHgkWaUASlyv1dOs2qfbw&_nc_zt=24&_nc_ht=scontent-iad3-2.xx&_nc_gid=BZ1DPtBSSolX-pHvYGcUtw&_nc_ss=7e2a8&oh=00_AQCkvwfqa1h-ZR8bASgEm0Gdr-QMcjpAaejnDTU6xaAUEw&oe=6A5EB863","https://www.facebook.com/JjeddM.Acasio","0","1307687436701834","September 26,2022 2:00AM 

Kasalukuyan po lubog sa tubig baha ang tanggapan ng ating BRGY hall dulot ng bagyong karding...
Mag ingat po ang lahat...

Nakaantabay parin ang ating mga 
brgy tanod, brgy. Utility at kalumpang fire & rescue volunteer's",,"10","3",,"1",,"14","0","1664129610000","https://www.facebook.com/groups/1079248756212371/permalink/1307687436701834/"
,,,,,,,,,,,,,,,,,,,,"100083372347516","EZQ Preloved and Brandnew Kids Clothing","https://scontent-iad3-1.xx.fbcdn.net/v/t39.30808-1/289338818_104456928980065_7618389872299974805_n.jpg?stp=cp0_dst-jpg_tt6&cstp=mx960x960&ctp=s40x40&_nc_cat=108&ccb=1-7&_nc_sid=2d3e12&_nc_ohc=Gp0_GA2ym5QQ7kNvwH_2gWF&_nc_oc=AdoxAsAVbyJpRreaM_AEOYdbovnfwD5-PuTcZubsShh5tYyaVL480gq4rHc7BCS222g&_nc_zt=24&_nc_ht=scontent-iad3-1.xx&_nc_gid=BZ1DPtBSSolX-pHvYGcUtw&_nc_ss=7e2a8&oh=00_AQB4f2vwRQs6mILqfVTMljThkaGbWmqpwsK2P6kv2GHu8A&oe=6A5E8399","https://www.facebook.com/profile.php?id=100083372347516","1","130054609783617","Mga m0mmies..update ko nlang po kau sa invoice nio ha.. Nagliligpit lng po ako dhl may chance abutin kmi ng baha😭.",,"1",,,"1",,"2","0","1664111563000","https://www.facebook.com/permalink.php?story_fbid=pfbid0VnXsP7JZTLmX6ygpojpeX9ZP8XeH8XGEoRgnky3wLhHDpZ2fQd7m9AEPfK8GEU1ml&id=100083372347516"
,,,,,,,,,,,,,,,,,,,,"100064027240060","BehuetyHub","https://scontent-iad6-1.xx.fbcdn.net/v/t39.30808-1/440368291_845400677604166_677226159637613460_n.jpg?stp=cp0_dst-jpg_tt6&cstp=mx1563x1563&ctp=s40x40&_nc_cat=107&ccb=1-7&_nc_sid=2d3e12&_nc_ohc=bJH2FThtkZ8Q7kNvwHOibYK&_nc_oc=AdrNT-uipQdUC0acmL2Wm0VY1ojUyP5dBKwmHgtiec-zn6YT9aIOYTngINmzngFfI4k&_nc_zt=24&_nc_ht=scontent-iad6-1.xx&_nc_gid=BZ1DPtBSSolX-pHvYGcUtw&_nc_ss=7e2a8&oh=00_AQAwBCEz5znPKBgCusSR4Wtec1P6axMBcjoj13GX2HZqnw&oe=6A5EAEF2","https://www.facebook.com/AJ.ProjectLocal","0","466072552203649","Matindi raw ang bagyo at baha sa Manila. Take care everyone! 🙏🏻",,"1",,,,,"1","0","1664136826000","https://www.facebook.com/AJ.ProjectLocal/posts/pfbid0QSA8tMzAsK6mGUUuhY5ZLfZGarx4Fv4zojD3ZpJ4f3cVFKt8V66kQxnYpRSjXtJFl"
,,,,,,,,,,,,,,,,,,,,"100063815991470","RedKingdom Electric Bike","https://scontent-iad6-1.xx.fbcdn.net/v/t39.30808-1/611279023_1405602901576896_2959388961822185148_n.jpg?stp=cp0_dst-jpg_tt6&cstp=mx960x958&ctp=s40x40&_nc_cat=102&ccb=1-7&_nc_sid=2d3e12&_nc_ohc=7QOEY8o1L14Q7kNvwFlR_C7&_nc_oc=Adoklog_cZmKE9SvfBs6iok-rStIA0At-h43FPACPIeqaRPwrXT2b3shyw-GTDduGUc&_nc_zt=24&_nc_ht=scontent-iad6-1.xx&_nc_gid=BZ1DPtBSSolX-pHvYGcUtw&_nc_ss=7e2a8&oh=00_AQDID2wlBeeGFsgIbfDUD5cdhEWZYRYsSLmIwex363QNfQ&oe=6A5EA0F5","https://www.facebook.com/joemer062510","1","494269152710280","Masama ang panahon mga ka ebike para ma iwasan ma sira ang battery reminders po sa mga ebike user maari lang po unplug ang battery tanggalin nyo po after ma baha ma lubog sa baha...wag na wag nyo po paaandarin need po ma pa tuyo muna at mapa checkup sa mga technician ng ebike....",,"13",,,,,"13","3","1664115450000","https://www.facebook.com/joemer062510/posts/pfbid0uMJDBVp1zt8sTsZZZ3Q3qYda4pdUVGfkqDUtRVS7Ed75JQU4EALwy4dSrBPEvMWhl"
,,,,,,,,,,,,,,,,,,,,"100067824860153","Hand-Me-Down Baby Closet","https://scontent-iad3-2.xx.fbcdn.net/v/t39.30808-1/427810587_718124477125041_5052881754006396586_n.jpg?stp=cp0_dst-jpg_tt6&cstp=mx956x960&ctp=s40x40&_nc_cat=111&ccb=1-7&_nc_sid=2d3e12&_nc_ohc=cjUKZx3INtIQ7kNvwE3gJE0&_nc_oc=AdozOEB6DlqlpISQgQvI3YFMiDVErG6EQlx1ovBm1Y-bLEBS2Dnxr8lqG1VBCRBOhrU&_nc_zt=24&_nc_ht=scontent-iad3-2.xx&_nc_gid=BZ1DPtBSSolX-pHvYGcUtw&_nc_ss=7e2a8&oh=00_AQCnEUJ1ZkYvkQ4RJP5u0aQdKIZ8uADHRRzeKp7Evc956g&oe=6A5EA6B3","https://www.facebook.com/handmedownkidscloset","3","418211277116364","Mga miii. Sa pagliligpit namin ng gamit dahil sa bagyo at baha. Kinabahan ako sa mga paninda. Ubusin niyo na ito bago pa kayo maunahan ng baha dito sa Tumana, Marikina🤦Please 🙏 Post ko later.

Price range:
Onesies-30 pesos each
OOTD-nothing above 100
Tops/Bottoms-nothing above 70",,"7","5",,,,"12","0","1664156948000","https://www.facebook.com/handmedownkidscloset/posts/pfbid0BZhwytjVd59ypFEVqoi8f4N32N6ExsX9x2LY8gHeuKWeRZSmvn5MGFvm6inuDPX6l"
,,,,,,,,,,,,,,,,,,,,"100016991328274","Ronalace Jade Dela Vega","https://scontent-iad3-1.xx.fbcdn.net/v/t39.30808-1/311495721_1210629049513461_1117584155588835736_n.jpg?stp=c0.0.1536.1536a_cp0_dst-jpg_tt6&cstp=mx1536x1536&ctp=s24x24&_nc_cat=110&ccb=1-7&_nc_sid=e99d92&_nc_ohc=5P7KuW-_IvMQ7kNvwGkuuG4&_nc_oc=Ado96dNilBR9aCuUHYORQrZ1EmBrKfvitN-xwrrhA1VHEiV592toYLqRSpl9OWb5Y5w&_nc_zt=24&_nc_ht=scontent-iad3-1.xx&_nc_gid=BZ1DPtBSSolX-pHvYGcUtw&_nc_ss=7e2a8&oh=00_AQCNj7ZjSQkv35TCamu7BDAr1rGXSEMZv-YQ9R4rcG5-bg&oe=6A5E9C9A","https://www.facebook.com/ronalacejhade.parker","3","5513125988770731","Balot Sa Tag baha😂
Penoy
Chicharon",,,"2",,,,"2","0","1664112949000","https://www.facebook.com/groups/1072192392864135/permalink/5513125988770731/"
,,,,,,,,,,,,,,,,,,,,"100028542375348","John David Reyes Ramos","https://scontent-iad6-1.xx.fbcdn.net/v/t39.30808-1/463440459_1389980241963375_7943742308337378562_n.jpg?stp=cp0_dst-jpg_tt6&cstp=mx960x958&ctp=s40x40&_nc_cat=109&ccb=1-7&_nc_sid=1d2534&_nc_ohc=bXgR1F7Ry2sQ7kNvwGibULo&_nc_oc=Adqg0ikImSqkv2WLBrAIKbR_yCqG8z9SjnEy5H6JhPKo6OeRor-QgT7wb_skBXrAEpI&_nc_zt=24&_nc_ht=scontent-iad6-1.xx&_nc_gid=Ap97AiKahahdrBUaXHQFtw&_nc_ss=7e2a8&oh=00_AQBXSAipCSCPWhtWmaD7-LDjHruVvuEumIsOv66V_l9S0w&oe=6A5E862A","https://www.facebook.com/johndavid.ramos.336","0","1674341166301169","May pag-asa pa kaya matuloy ang solusyon sa baha sa marikina? 😢🙏",,"6","3","1",,,"10","2","1664127573000","https://www.facebook.com/groups/385413648527267/permalink/1674341166301169/"
,,,,,,,,,,,,,,,,,,,,"100006336248256","April Valdez","https://scontent-iad3-1.xx.fbcdn.net/v/t39.30808-1/573883279_4441024956118669_1007088119027373907_n.jpg?stp=cp0_dst-jpg_tt6&cstp=mx1024x1024&ctp=s24x24&_nc_cat=104&ccb=1-7&_nc_sid=1d2534&_nc_ohc=3oIeCqgriwkQ7kNvwGn2cty&_nc_oc=AdobjCc09k-nB1cH-5Bg6OI2uXZLZhGaEL5QtDCAMQhE7Gs5l0Kod_I9MKcPS_z-HW8&_nc_zt=24&_nc_ht=scontent-iad3-1.xx&_nc_gid=Ap97AiKahahdrBUaXHQFtw&_nc_ss=7e2a8&oh=00_AQAGOeFEZayyX5eT7Wppnbzy_3OEg9uyx7xQgjpxNemOoA&oe=6A5E8E4B","https://www.facebook.com/bernadette.datu.71","16","651108876432402","Hello poh mga mommies, muzta poh kayong lahat?
Sinu-sino poh dito ang pinasok Ng baha kagabi at pumunta sa Evacuation Center..?
pa-comment pic😇",,"6","13",,,,"19","2","1664173672000","https://www.facebook.com/groups/463146088562016/permalink/651108876432402/"
,,,,,,,,,,,,,,,,,,,,"100002101016439","Anita Fajardo","https://scontent-iad3-1.xx.fbcdn.net/v/t1.6435-1/117314013_3178316328915036_8212158624706801567_n.jpg?stp=cp0_dst-jpg_tt6&cstp=mx622x622&ctp=s24x24&_nc_cat=110&ccb=1-7&_nc_sid=e99d92&_nc_ohc=lJryfq6ro8YQ7kNvwEQBCdd&_nc_oc=Ado2szS4dLwwRMSp1XemhpoaLDqAgdZIQl7dzQffNAYTDk18a4Fkq7dGwJTqaMn38DE&_nc_zt=24&_nc_ht=scontent-iad3-1.xx&_nc_gid=Ap97AiKahahdrBUaXHQFtw&_nc_ss=7e2a8&oh=00_AQDSRPQAP3roXtZWZ7rJuNMwiLwTiOf-582HKz3soagDXQ&oe=6A803C2E","https://www.facebook.com/anita.fajardo.331539","4","1974907002701198","Kuya Boyet of VPHAI
Pls… yung drainage sa ginagawang townhouse nila Silverado here in Harisson St.… barado ng matagal ! Kahit Walang ulan may naka stock na tubig! Pag umulan baha agad sa area na iyon … pls help",,"2",,,,,"2","0","1664158298000","https://www.facebook.com/groups/593310310860881/permalink/1974907002701198/"
,,,,,,,,,,,,,,,,,,,,"100028542375348","John David Reyes Ramos","https://scontent-iad6-1.xx.fbcdn.net/v/t39.30808-1/463440459_1389980241963375_7943742308337378562_n.jpg?stp=cp0_dst-jpg_tt6&cstp=mx960x958&ctp=s40x40&_nc_cat=109&ccb=1-7&_nc_sid=1d2534&_nc_ohc=bXgR1F7Ry2sQ7kNvwGibULo&_nc_oc=Adqg0ikImSqkv2WLBrAIKbR_yCqG8z9SjnEy5H6JhPKo6OeRor-QgT7wb_skBXrAEpI&_nc_zt=24&_nc_ht=scontent-iad6-1.xx&_nc_gid=Ap97AiKahahdrBUaXHQFtw&_nc_ss=7e2a8&oh=00_AQBXSAipCSCPWhtWmaD7-LDjHruVvuEumIsOv66V_l9S0w&oe=6A5E862A","https://www.facebook.com/johndavid.ramos.336","1","3265647823690008","May pag-asa pa kaya matuloy ang solusyon sa baha sa marikina? 😢🙏",,"1",,,"1",,"2","1","1664150915000","https://www.facebook.com/groups/2047303198857816/permalink/3265647823690008/"
,,,,,,,,,,,,,,,,,,,,"100000439556316","SHa Harnek - Oñedo","https://scontent-iad3-2.xx.fbcdn.net/v/t39.30808-1/605731991_25978041278460502_3706354142549316919_n.jpg?stp=cp0_dst-jpg_tt6&cstp=mx960x960&ctp=s24x24&_nc_cat=111&ccb=1-7&_nc_sid=e99d92&_nc_ohc=-LH5RdXy8xgQ7kNvwGyx4YC&_nc_oc=AdoaS59QeDzsuUKxzSwQnad7VmhSKeHvWmVslvIzzzTLIOnTthtssKevjc2ESnVxdZA&_nc_zt=24&_nc_ht=scontent-iad3-2.xx&_nc_gid=Ap97AiKahahdrBUaXHQFtw&_nc_ss=7e2a8&oh=00_AQAiNenql34ElPyMMlcve-DrShd9xqcUAlD9Q9WTzhKBxA&oe=6A5E88FD","https://www.facebook.com/shanguinnyyy","19","830181761347400","Kamusta na po sa GRV?
May baha na po ba sa OPAL street?",,"3",,,,,"3","0","1664120330000","https://www.facebook.com/groups/531565464542366/permalink/830181761347400/"
,,,,,,,,,,,,,,,,,,,,"100085144421933","Renebioy Cordial","https://scontent-iad3-2.xx.fbcdn.net/v/t39.30808-1/312348001_127000430148104_5385653538903684402_n.jpg?stp=cp0_dst-jpg_tt6&cstp=mx480x480&ctp=s24x24&_nc_cat=103&ccb=1-7&_nc_sid=e99d92&_nc_ohc=4uUYZiXVwC0Q7kNvwFNqU1L&_nc_oc=AdquB-kXY4LmGkctcLh9xJ9_Cawtvy4JogZAoOY2B9cN4ZQp3yDx1BLD3wrVPFBk720&_nc_zt=24&_nc_ht=scontent-iad3-2.xx&_nc_gid=Ap97AiKahahdrBUaXHQFtw&_nc_ss=7e2a8&oh=00_AQA5PPztqhvpXP2J6QuhkudU9Cb42gyP1-CwRrCwyTQsyQ&oe=6A5EB707","https://www.facebook.com/MitchCardinal07","5","809229567191495","San po pwd maki tulog dto baha pa kce smen basa pa po sahig nmen pati mga higaan nmen basa pa😔😔",,"1","1","2",,,"4","0","1664190299000","https://www.facebook.com/groups/395374308577025/permalink/809229567191495/"
,,,,,,,,,,,,,,,,,,,,"100001787916002","Neil Plorao Santillan","https://scontent-iad3-2.xx.fbcdn.net/v/t1.30497-1/453178253_471506465671661_2781666950760530985_n.png?stp=cp0_dst-png&cstp=mx2048x2048&ctp=s24x24&_nc_cat=1&ccb=1-7&_nc_sid=b224c7&_nc_ohc=jcZuiBJJlywQ7kNvwGR4dYS&_nc_oc=Adp_4BLLrgfaKyhKlBiiy3MsYl_3viHIAdwhOBWImnLQe2z2QLYftOgYMRy01-PVlRo&_nc_zt=24&_nc_ht=scontent-iad3-2.xx&_nc_ss=7e2a8&oh=00_AQBQQOGPAHjnLiWMx8eVLiwpAgI66QARgDtUCLlEdnH37w&oe=6A80293A","https://www.facebook.com/neilpogisantillan","12","3395218097376742","Ptpa

San po kayo nagpapark ng 4wheels nyo kapag nagbabadya po ang baha?",,"4",,"1",,,"5","0","1664112599000","https://www.facebook.com/groups/1766367866928448/permalink/3395218097376742/"
,,,,,,,,,,,,,,,,,,,,"1726839550","Ninong Rai Bañes","https://scontent-iad3-2.xx.fbcdn.net/v/t39.30808-1/492658664_10213629920858790_3253234891877710563_n.jpg?stp=cp0_dst-jpg_tt6&cstp=mx960x948&ctp=s24x24&_nc_cat=103&ccb=1-7&_nc_sid=1d2534&_nc_ohc=Hl8VUcX1iVIQ7kNvwEgcnxl&_nc_oc=AdoH297lPisn5haFoRZRclolWqPqLWDSNiRe8qUzvziYkdnTQGPmuyXQXjZ0I7AM-Qk&_nc_zt=24&_nc_ht=scontent-iad3-2.xx&_nc_gid=08Stik0rr6uXKEMexD1zQg&_nc_ss=7e2a8&oh=00_AQAgcskc6nyVt4nuosJOIe-7nlH6uwaC53Ynm0yNcodN9Q&oe=6A5EB042","https://www.facebook.com/john.r.banes","6","830096298022613","Update po kayo about sa baha",,"1",,,,,"1","0","1664112360000","https://www.facebook.com/groups/531565464542366/permalink/830096298022613/"
,,,,,,,,,,,,,,,,,,,,"100003092195366","Rudy Abner Silos","https://scontent-iad3-1.xx.fbcdn.net/v/t39.30808-1/591105860_25268884369464622_7961207669814567353_n.jpg?stp=cp0_dst-jpg_tt6&cstp=mx480x480&ctp=s24x24&_nc_cat=104&ccb=1-7&_nc_sid=1d2534&_nc_ohc=xrW0Nivdu4sQ7kNvwG-vA4v&_nc_oc=Adri7dXvuXaaZuswRUYs43DpJj-RNk5onvHecJipp6HVJVfy3uhrHEw4WRkOrdu-yWo&_nc_zt=24&_nc_ht=scontent-iad3-1.xx&_nc_gid=08Stik0rr6uXKEMexD1zQg&_nc_ss=7e2a8&oh=00_AQBA4J2EV9R89NqHSeyPLWbty1DbwQt7mrAkr1N9W4HMUA&oe=6A5E97CC","https://www.facebook.com/rudy.silos.3","1","832297661271813","Thanks God salamat po okey lang po magkaroon ng bagyo huwag naman pati baha meron maawa ka po sa amin kahit brown out kagabi okey lang po",,"3",,,,,"3","1","1664149865000","https://www.facebook.com/groups/507014217133494/permalink/832297661271813/"
,,,,,,,,,,,,,,,,,,,,"100003183286763","Lheny Padilla","https://scontent-iad3-1.xx.fbcdn.net/v/t39.30808-1/471344922_8872844249498263_5708745441527293690_n.jpg?stp=cp6_dst-jpg_tt6&cstp=mx2048x2048&ctp=s24x24&_nc_cat=101&ccb=1-7&_nc_sid=1d2534&_nc_ohc=7jL2sWLl4ZwQ7kNvwHb6-IQ&_nc_oc=AdoYvb6-fkvEtlJNKY3GhakAt45nx3SD0lKKctqHd2ecLzb8Ujp9n4XC9RyOrK98lp8&_nc_zt=24&_nc_ht=scontent-iad3-1.xx&_nc_gid=08Stik0rr6uXKEMexD1zQg&_nc_ss=7e2a8&oh=00_AQA43VgOPv80y0qahuHqyr72qsxJyBZadvs0eOBWV7p2XQ&oe=6A5EA629","https://www.facebook.com/lhnypdll","4","830282178004025","Good am po. Any update po sa grv? Or baha napo ba sa Sta. Maria street?",,,,,,,"0","0","1664130859000","https://www.facebook.com/groups/531565464542366/permalink/830282178004025/"
