"attachments/0/accessibilityCaption","attachments/0/id","attachments/0/type","attachments/0/url","attachments/1/accessibilityCaption","attachments/1/id","attachments/1/type","attachments/1/url","attachments/2/accessibilityCaption","attachments/2/id","attachments/2/type","attachments/2/url","attachments/3/accessibilityCaption","attachments/3/id","attachments/3/type","attachments/3/url","attachments/4/accessibilityCaption","attachments/4/id","attachments/4/type","attachments/4/url","author/id","author/name","author/profilePicture","author/profileUrl","commentsCount","postId","postText","reactions/anger","reactions/haha","reactions/like","reactions/love","reactions/sorry","reactions/support","reactions/wow","reactionsCount","sharesCount","timestamp","url"
,"696689811277315","video",,,,,,,,,,,,,,,,,,"100064773907046","TV Patrol","https://scontent-iad3-1.xx.fbcdn.net/v/t39.30808-1/608518829_1379498824219235_6894079646221905019_n.jpg?stp=cp0_dst-jpg_tt6&cstp=mx1079x1079&ctp=s40x40&_nc_cat=1&ccb=1-7&_nc_sid=2d3e12&_nc_ohc=eBZ3DoBYorkQ7kNvwH_OZej&_nc_oc=AdpSWlp44FT8xB5iEw99vpnd5t43ts5MzzOE2TzPYMUTB3x3PFrML2e9_N8P9fGt5aQ&_nc_zt=24&_nc_ht=scontent-iad3-1.xx&_nc_gid=C3wL-q9rhg98qhT9vh_vfA&_nc_ss=7c2a8&oh=00_AQC3mvVyrzN_TFyH1U70UJY4n61_T-5QXmJPab62Ee6PlQ&oe=6A5F904F","https://www.facebook.com/tvpatrol.abscbn","19","3596441203744576","Lubog pa rin sa baha ang malaking bahagi ng barangay Ilawod sa Camalig, Albay dahil sa bagyong #RollyPH.

Bukod sa baha, ang ilang bahay naman ay hindi pa rin mapasok ng mga residente dahil ito'y lubog sa lahar.

Panoorin ang #TVPatrolLive ngayong araw, Nobyembre 5, 2020
Facebook: bit.ly/34YAKmm
YouTube: bit.ly/3mVJyjb","2","5","3495","68","1315","26","6","4917","135","1604583353000","https://www.facebook.com/tvpatrol.abscbn/videos/696689811277315/"
,"271655854272053","video",,,,,,,,,,,,,,,,,,"100064957951102","ABS-CBN News","https://scontent-iad3-1.xx.fbcdn.net/v/t39.30808-1/612193561_1385784586930127_8766501501849307524_n.jpg?stp=cp0_dst-jpg_tt6&cstp=mx513x511&ctp=s40x40&_nc_cat=1&ccb=1-7&_nc_sid=2d3e12&_nc_ohc=jjMlUL_Ip04Q7kNvwFv9Z3T&_nc_oc=Adrpv72IN0atEszVpgdBXO15o5NBoqvS6RJEHQmsFo3FniHeINs5lOY7vQYj44XlgB0&_nc_zt=24&_nc_ht=scontent-iad3-1.xx&_nc_gid=C3wL-q9rhg98qhT9vh_vfA&_nc_ss=7c2a8&oh=00_AQDownQkgPb9t1QJ4KQlQbpticbxUKLZbPySL__3KracDA&oe=6A5F9E5C","https://www.facebook.com/abscbnNEWS","217","10158955065690168","“Pa, bangon ka na. Bangon ka na, Pa.”

Nagluluksa si Liwayway Jacob sa pagkamatay ng asawang si Mario at anak na si Mecaella, na nalunod sa kasagsagan ng pananalasa ng bagyong Rolly sa Catanduanes. 

Nang matagpuan ang bangkay ni Meacaella, nakita itong may hawak na learning module. | via Jacque Manabat, ABS-CBN News

BASAHIN DITO ang kaugnay na ulat: https://bit.ly/3kVbtPC","4","1","403","20","3707","36","2","4173","230","1604489400000","https://www.facebook.com/abscbnNEWS/videos/271655854272053/"
,"367083634504084","video",,,,,,,,,,,,,,,,,,"100064957951102","ABS-CBN News","https://scontent-iad3-1.xx.fbcdn.net/v/t39.30808-1/612193561_1385784586930127_8766501501849307524_n.jpg?stp=cp0_dst-jpg_tt6&cstp=mx513x511&ctp=s40x40&_nc_cat=1&ccb=1-7&_nc_sid=2d3e12&_nc_ohc=jjMlUL_Ip04Q7kNvwFv9Z3T&_nc_oc=Adrpv72IN0atEszVpgdBXO15o5NBoqvS6RJEHQmsFo3FniHeINs5lOY7vQYj44XlgB0&_nc_zt=24&_nc_ht=scontent-iad3-1.xx&_nc_gid=C3wL-q9rhg98qhT9vh_vfA&_nc_ss=7c2a8&oh=00_AQDownQkgPb9t1QJ4KQlQbpticbxUKLZbPySL__3KracDA&oe=6A5F9E5C","https://www.facebook.com/abscbnNEWS","14","10158958348490168","Patuloy ang retrieval operations sa mga lugar sa Guinobatan, Albay na natabunan ng lahar at malalaking bato.

Ang isang ama, hindi mapigilang maiyak habang inaalala ang sinapit ng pamilya nang rumagasa ang baha dahil sa bagyong Rolly. Nasawi sa trahedya ang 4-anyos niyang anak habang patuloy siyang umaasang muli pang makikita ang nawawalang asawa at panganay na anak.

BASAHIN DITO ang buong ulat: https://bit.ly/3mUIYCd

Panoorin ang #TVPatrolLive ngayong araw, Nobyembre 5, 2020
Facebook: bit.ly/34YAKmm
YouTube: bit.ly/3mVJyjb",,,"392","17","409","9","1","828","42","1604586340000","https://www.facebook.com/abscbnNEWS/videos/367083634504084/"
,,,,,,,,,,,,,,,,,,,,"100064957951102","ABS-CBN News","https://scontent-iad3-1.xx.fbcdn.net/v/t39.30808-1/612193561_1385784586930127_8766501501849307524_n.jpg?stp=cp0_dst-jpg_tt6&cstp=mx513x511&ctp=s40x40&_nc_cat=1&ccb=1-7&_nc_sid=2d3e12&_nc_ohc=jjMlUL_Ip04Q7kNvwFv9Z3T&_nc_oc=Adrpv72IN0atEszVpgdBXO15o5NBoqvS6RJEHQmsFo3FniHeINs5lOY7vQYj44XlgB0&_nc_zt=24&_nc_ht=scontent-iad3-1.xx&_nc_gid=C3wL-q9rhg98qhT9vh_vfA&_nc_ss=7c2a8&oh=00_AQDownQkgPb9t1QJ4KQlQbpticbxUKLZbPySL__3KracDA&oe=6A5F9E5C","https://www.facebook.com/abscbnNEWS","1385","10158958039265168","""'Kapit sa akin,' [sabi ko] 'kaya natin to'. [Humambalos] 'yong malakas na tubig, may kasamang bato. Nakahiwa-hiwalay kami.""

Araw-araw binabalikan ni Salvador Marinque ang lugar kung saan pinaniniwalaang posibleng makita ang nawawala niyang misis at anak na tinangay ng lahar at baha nang manalasa ang bagyong Rolly.","5","8","1251","58","8564","106","8","10000","1435","1604582156000","https://www.facebook.com/abscbnNEWS/posts/pfbid02XwMqL1LzpsMzvRVqapDrPwVr6BhBy3YXqvNM3TWear7mW2YzEUMUY9e1ii2s9Ufol"
,"3599556033440527","video",,,,,,,,,,,,,,,,,,"100064773907046","TV Patrol","https://scontent-iad3-1.xx.fbcdn.net/v/t39.30808-1/608518829_1379498824219235_6894079646221905019_n.jpg?stp=cp0_dst-jpg_tt6&cstp=mx1079x1079&ctp=s40x40&_nc_cat=1&ccb=1-7&_nc_sid=2d3e12&_nc_ohc=eBZ3DoBYorkQ7kNvwH_OZej&_nc_oc=AdpSWlp44FT8xB5iEw99vpnd5t43ts5MzzOE2TzPYMUTB3x3PFrML2e9_N8P9fGt5aQ&_nc_zt=24&_nc_ht=scontent-iad3-1.xx&_nc_gid=C3wL-q9rhg98qhT9vh_vfA&_nc_ss=7c2a8&oh=00_AQC3mvVyrzN_TFyH1U70UJY4n61_T-5QXmJPab62Ee6PlQ&oe=6A5F904F","https://www.facebook.com/tvpatrol.abscbn","32","3593595537362476","Lubog pa rin sa baha ang ilang palayan sa Polangui at Libon, Albay dahil sa bagyong #RollyPH.

Dahil dito, humihingi na ng tulong ang mga magsasaka lalo't nasira din pati na ang kanilang mga bahay.

Panoorin ang #TVPatrolLive ngayong araw, Nobyembre 4, 2020
Facebook: bit.ly/3eptxyO
YouTube: bit.ly/3jVM7Qt","6","10","5326","96","2047","25","8","7518","283","1604499055000","https://www.facebook.com/tvpatrol.abscbn/videos/3599556033440527/"
,"358117271916525","video",,,,,,,,,,,,,,,,,,"100069304665221","24 Oras","https://scontent-iad3-1.xx.fbcdn.net/v/t39.30808-1/724552267_1341729854813824_3561841891807506997_n.jpg?stp=c420.0.1080.1080a_cp0_dst-jpg_tt6&cstp=mx1080x1080&ctp=s40x40&_nc_cat=1&ccb=1-7&_nc_sid=2d3e12&_nc_ohc=I5zbAXjbERQQ7kNvwGi3LLx&_nc_oc=AdoMywS5Wza-f0YRR3I6ZfF0hcAhcAcxE8q_NQFI77qjrdaS5Nlx1lr302vJWqXacMc&_nc_zt=24&_nc_ht=scontent-iad3-1.xx&_nc_gid=hUWm7pek3sNUSfX2VD3Jcg&_nc_ss=7c2a8&oh=00_AQDhgGXFIpLmSMa4iy93gI5k-cf7bcG0DCWQRlRN3IOLZg&oe=6A5F9260","https://www.facebook.com/24OrasGMA","103","3611690888914944","Giniba rin ng Bagyong Rolly ang itinatayong dam sa Marinduque na nagpalala rin sa baha sa kasagsagan ng ulan. Sa Legaspi, Albay, hindi kinaya ng itinayong dike ang ragasa ng tone-toneladang lahar.","2","3","566","9","90","5","2","677","19","1604503965000","https://www.facebook.com/24OrasGMA/videos/358117271916525/"
,"1021068134984807","video",,,,,,,,,,,,,,,,,,"100064957951102","ABS-CBN News","https://scontent-iad3-1.xx.fbcdn.net/v/t39.30808-1/612193561_1385784586930127_8766501501849307524_n.jpg?stp=cp0_dst-jpg_tt6&cstp=mx513x511&ctp=s40x40&_nc_cat=1&ccb=1-7&_nc_sid=2d3e12&_nc_ohc=jjMlUL_Ip04Q7kNvwFv9Z3T&_nc_oc=Adrpv72IN0atEszVpgdBXO15o5NBoqvS6RJEHQmsFo3FniHeINs5lOY7vQYj44XlgB0&_nc_zt=24&_nc_ht=scontent-iad3-1.xx&_nc_gid=hUWm7pek3sNUSfX2VD3Jcg&_nc_ss=7c2a8&oh=00_AQAL-bqXz8MBIGnj18NpTwsOXG6Ou2kZQGKa6EZPWCk1uw&oe=6A5F9E5C","https://www.facebook.com/abscbnNEWS","22","10158955172835168","TINGNAN: Sa kabila ng bumubuting lagay ng panahon sa Pampanga, nasa 4 hanggang 6 na talampakan pa rin ang taas ng baha sa Barangay San Agustin sa bayan ng Candaba Miyerkoles. Humigit kumulang 700 pamilya ang apektado nito sa 5 purok.

Sa kasagsagan ng pag-ulan nitong mga nakalipas na araw, 120 pamilya ang kinailangan pang ilikas, ayon sa alkalde. Hindi na bago ang pagbaha sa Candaba na nagsisilbing catch basin ng mga karatig-bayan at probinsiya. #FloodPatrol | ulat ni Gracie Rutao, ABS-CBN News
 
BASAHIN DITO ang buong ulat: https://bit.ly/3jYM725",,,"99","3","57","2","2","163","12","1604493000000","https://www.facebook.com/abscbnNEWS/videos/1021068134984807/"
,"736240716979581","video",,,,,,,,,,,,,,,,,,"100064957951102","ABS-CBN News","https://scontent-iad3-1.xx.fbcdn.net/v/t39.30808-1/612193561_1385784586930127_8766501501849307524_n.jpg?stp=cp0_dst-jpg_tt6&cstp=mx513x511&ctp=s40x40&_nc_cat=1&ccb=1-7&_nc_sid=2d3e12&_nc_ohc=jjMlUL_Ip04Q7kNvwFv9Z3T&_nc_oc=Adrpv72IN0atEszVpgdBXO15o5NBoqvS6RJEHQmsFo3FniHeINs5lOY7vQYj44XlgB0&_nc_zt=24&_nc_ht=scontent-iad3-1.xx&_nc_gid=hUWm7pek3sNUSfX2VD3Jcg&_nc_ss=7c2a8&oh=00_AQAL-bqXz8MBIGnj18NpTwsOXG6Ou2kZQGKa6EZPWCk1uw&oe=6A5F9E5C","https://www.facebook.com/abscbnNEWS","136","10158955350805168","Trending ang photoshoot ng isang lalaki mula sa Batangas City sa ""mini pool"" sa loob ng kanilang bahay dahil sa pagbaha sa kasagsagan ng bagyo.","2","675","438","24","2","4","16","1161","94","1604492400000","https://www.facebook.com/abscbnNEWS/videos/736240716979581/"
"No photo description available.","2262368583919883","photo","https://www.facebook.com/photo.php?fbid=2262368583919883&set=a.647063400785530&type=3","No photo description available.","2262368650586543","photo","https://www.facebook.com/photo.php?fbid=2262368650586543&set=a.647063400785530&type=3","No photo description available.","2262368640586544","photo","https://www.facebook.com/photo.php?fbid=2262368640586544&set=a.647063400785530&type=3","No photo description available.","2262368670586541","photo","https://www.facebook.com/photo.php?fbid=2262368670586541&set=a.647063400785530&type=3",,,,,"100064456281701","News5","https://scontent-iad3-1.xx.fbcdn.net/v/t39.30808-1/352531091_590012623265943_7503745415624331533_n.png?stp=cp0_dst-png&cstp=mx719x719&ctp=s40x40&_nc_cat=1&ccb=1-7&_nc_sid=2d3e12&_nc_ohc=VZI5zKGnILYQ7kNvwG9kCPE&_nc_oc=Adq19oOaNakPrX0SXTIsZOMM0dJQoq39S3gyavnDl-oNewHiM3GyBPVyW04oKPHox_w&_nc_zt=24&_nc_ht=scontent-iad3-1.xx&_nc_gid=hUWm7pek3sNUSfX2VD3Jcg&_nc_ss=7c2a8&oh=00_AQAnXBxnNVqLHMNFxSFJ2cKNqgxBSCGMYew5tUcJlYKFyw&oe=6A5FAECF","https://www.facebook.com/News5Everywhere","1134","2262368820586526","Ibinahagi ni Vice Pres. Leni Robredo ang mga kuha sa pagbisita nila sa Brgy. San Jose, Bula, Camarines Sur na malapit sa lawa at ilog. Nanatiling lubog sa baha ang ilang komunidad, aniya. 

Dumaan din ang opisyal sa Iriga City Hall.

📷: Twitter/@lenirobredo","45","2595","785","96","60","15","7","3603","37","1604505399000","https://www.facebook.com/News5Everywhere/posts/pfbid028M4njYdbSoXvvSo9P3CRZqBfhGeuC7H5vweUMSi8v9d9rPdJ5fVtwwUfBfNaXxFZl"
,"696719277941035","video",,,,,,,,,,,,,,,,,,"100064957951102","ABS-CBN News","https://scontent-iad3-1.xx.fbcdn.net/v/t39.30808-1/612193561_1385784586930127_8766501501849307524_n.jpg?stp=cp0_dst-jpg_tt6&cstp=mx513x511&ctp=s40x40&_nc_cat=1&ccb=1-7&_nc_sid=2d3e12&_nc_ohc=jjMlUL_Ip04Q7kNvwFv9Z3T&_nc_oc=Adrpv72IN0atEszVpgdBXO15o5NBoqvS6RJEHQmsFo3FniHeINs5lOY7vQYj44XlgB0&_nc_zt=24&_nc_ht=scontent-iad3-1.xx&_nc_gid=hUWm7pek3sNUSfX2VD3Jcg&_nc_ss=7c2a8&oh=00_AQAL-bqXz8MBIGnj18NpTwsOXG6Ou2kZQGKa6EZPWCk1uw&oe=6A5F9E5C","https://www.facebook.com/abscbnNEWS","13","10158958354030168","Apat na araw matapos ang pananalasa ng pinakalamakas na bagyo ngayong 2020, lubog pa rin sa baha at lahar ang maraming bahay sa ilang lugar sa Albay.

Sa isang barangay, bayanihan ang mga residente sa paggawa ng paraan upang may madaluyan ang tubig papunta sa dike para humupa na ang baha. #FloodPatrol

BASAHIN DITO ang kaugnay na ulat: https://bit.ly/3mUIYCd

Panoorin ang #TVPatrolLive ngayong araw, Nobyembre 5, 2020
Facebook: bit.ly/34YAKmm
YouTube: bit.ly/3mVJyjb","1",,"168","7","105","11",,"292","28","1604586609000","https://www.facebook.com/abscbnNEWS/videos/696719277941035/"
"No photo description available.","891411428267255","photo","https://www.facebook.com/photo.php?fbid=891411428267255&set=a.560986126238205&type=3","No photo description available.","891411441600587","photo","https://www.facebook.com/photo.php?fbid=891411441600587&set=a.560986126238205&type=3","No photo description available.","891411438267254","photo","https://www.facebook.com/photo.php?fbid=891411438267254&set=a.560986126238205&type=3","No photo description available.","891411451600586","photo","https://www.facebook.com/photo.php?fbid=891411451600586&set=a.560986126238205&type=3","No photo description available.","891411478267250","photo","https://www.facebook.com/photo.php?fbid=891411478267250&set=a.560986126238205&type=3","100069804660667","One PH","https://scontent-iad3-1.xx.fbcdn.net/v/t39.30808-1/352501237_782570273579321_6360131420091538342_n.png?stp=cp0_dst-png&cstp=mx1638x1638&ctp=s40x40&_nc_cat=1&ccb=1-7&_nc_sid=2d3e12&_nc_ohc=l9ABQ7r1D0AQ7kNvwGlAPDm&_nc_oc=Adp06cauoTcfG5pQdlEfLS-vnM73Fj9IgiBCuhheKE5kaS-XZQmoCs07vY0bHW0eGdY&_nc_zt=24&_nc_ht=scontent-iad3-1.xx&_nc_gid=hUWm7pek3sNUSfX2VD3Jcg&_nc_ss=7c2a8&oh=00_AQAdKUCZqOeyXeEeIICYLW4mko2Dh6GTJdXUoxja9Opn1A&oe=6A5FB96E","https://www.facebook.com/OnePHonCignal","78","891411534933911","LOOK | Lubog pa rin sa baha ang ilang palayan sa Brgy. Del Carmen, Minalabac, Camarines Sur matapos masalanta ng bagyong #RollyPH. 

Tinatayang P1.17 billion ang halaga ng pinsala ng bagyo sa agrikultura, ayon sa Department of Agriculture. 

📸 Philippine Star",,"1","1336","14","1516","21","10","2898","196","1604563214000","https://www.facebook.com/OnePHonCignal/posts/pfbid0vyeyMqYPx7pvC8GHRkRMU2VWqNajhBFSsktKuorQQnaNiJ8BRFty22gmViedkDxnl"
,,,,,,,,,,,,,,,,,,,,"100064957951102","ABS-CBN News","https://scontent-iad3-1.xx.fbcdn.net/v/t39.30808-1/612193561_1385784586930127_8766501501849307524_n.jpg?stp=cp0_dst-jpg_tt6&cstp=mx513x511&ctp=s40x40&_nc_cat=1&ccb=1-7&_nc_sid=2d3e12&_nc_ohc=jjMlUL_Ip04Q7kNvwFv9Z3T&_nc_oc=Adrpv72IN0atEszVpgdBXO15o5NBoqvS6RJEHQmsFo3FniHeINs5lOY7vQYj44XlgB0&_nc_zt=24&_nc_ht=scontent-iad3-1.xx&_nc_gid=4ovGK4wjf0_jXlRYFA_Zig&_nc_ss=7c2a8&oh=00_AQDXyqI-3qj4J8yElam0wBlLO6td-TpuI-cloCnodmD8Ug&oe=6A5F9E5C","https://www.facebook.com/abscbnNEWS","25","10158958106315168","Walang malaki o maliit na bahay na pinili ang bagsik ng pinakamalakas na bagyo sa mundo ngayong taon.",,"1","195","4","349","2","3","554","28","1604592342000","https://www.facebook.com/abscbnNEWS/posts/pfbid0zishCBMEKRMPVEj9HTznwderef9MSyktJ3TXjXGKyDXyJ6FcKwfzxjc4iig7TLDNl"
,,,,,,,,,,,,,,,,,,,,"100064518591460","DZMM Radyo Patrol 630","https://scontent-iad3-1.xx.fbcdn.net/v/t39.30808-1/668587708_1384714187022521_8343581617824766493_n.jpg?stp=c33.0.1012.1012a_cp6_dst-jpg_tt6&cstp=mx1012x1012&ctp=s40x40&_nc_cat=1&ccb=1-7&_nc_sid=2d3e12&_nc_ohc=SNb0wvffI00Q7kNvwEHrkJ5&_nc_oc=AdpsryXuoTrf2aSWepOgiHEVoasfbPQa8vldwmcgwnoXsFU2CYXwNBcKxgmYTCRtcH4&_nc_zt=24&_nc_ht=scontent-iad3-1.xx&_nc_gid=4ovGK4wjf0_jXlRYFA_Zig&_nc_ss=7c2a8&oh=00_AQB02ap2u7250vkYqdBmu1qg9KlNOT_L4bfYtxpfuELk0g&oe=6A5F9BD6","https://www.facebook.com/DZMMRadyo630","3","10158081384784620","Sa kabila ng maaraw na panahon, nararanasan pa rin ang aabot sa 6 na talampakang baha sa bayan ng Candaba, Pampanga.

Bangka ang karaniwang sinasakyan ng mga residente ng bayan ngayong binaha ang ilang lugar dahil sa sunod-sunod na pag-ulan.",,,"92",,"46",,,"138","2","1604501109000","https://www.facebook.com/DZMMRadyo630/posts/pfbid06CTZrm21SwQvZS3XGCPJM7aKTHrzfh9Yc81Uj6xDP89KY5K1HfZBB3jgPoDyPfNul"
,"3599696306759833","video",,,,,,,,,,,,,,,,,,"100064957951102","ABS-CBN News","https://scontent-iad3-1.xx.fbcdn.net/v/t39.30808-1/612193561_1385784586930127_8766501501849307524_n.jpg?stp=cp0_dst-jpg_tt6&cstp=mx513x511&ctp=s40x40&_nc_cat=1&ccb=1-7&_nc_sid=2d3e12&_nc_ohc=jjMlUL_Ip04Q7kNvwFv9Z3T&_nc_oc=Adrpv72IN0atEszVpgdBXO15o5NBoqvS6RJEHQmsFo3FniHeINs5lOY7vQYj44XlgB0&_nc_zt=24&_nc_ht=scontent-iad3-1.xx&_nc_gid=4ovGK4wjf0_jXlRYFA_Zig&_nc_ss=7c2a8&oh=00_AQDXyqI-3qj4J8yElam0wBlLO6td-TpuI-cloCnodmD8Ug&oe=6A5F9E5C","https://www.facebook.com/abscbnNEWS","9","10158955728385168","Lubog pa rin sa baha ang ilang palayan sa Polangui at Libon, Albay dahil sa bagyong Rolly.

Dahil dito, humihingi na ng tulong ang mga magsasaka lalo't nasira rin pati ang kanilang mga bahay. #FloodPatrol

BASAHIN DITO ang kaugnay na balita: https://bit.ly/3l0SUJO",,,"185","6","128","7",,"326","39","1604526324000","https://www.facebook.com/abscbnNEWS/videos/3599696306759833/"
,"348315819800927","video",,,,,,,,,,,,,,,,,,"100064773907046","TV Patrol","https://scontent-iad3-1.xx.fbcdn.net/v/t39.30808-1/608518829_1379498824219235_6894079646221905019_n.jpg?stp=cp0_dst-jpg_tt6&cstp=mx1079x1079&ctp=s40x40&_nc_cat=1&ccb=1-7&_nc_sid=2d3e12&_nc_ohc=eBZ3DoBYorkQ7kNvwH_OZej&_nc_oc=AdpSWlp44FT8xB5iEw99vpnd5t43ts5MzzOE2TzPYMUTB3x3PFrML2e9_N8P9fGt5aQ&_nc_zt=24&_nc_ht=scontent-iad3-1.xx&_nc_gid=4ovGK4wjf0_jXlRYFA_Zig&_nc_ss=7c2a8&oh=00_AQA_f6ziV-usoK7MQyT9sp8-ruXtYr-U0MesaTQv6RQAJg&oe=6A5F904F","https://www.facebook.com/tvpatrol.abscbn","31","3593494594039237","Nalubog sa baha ang kabuhayan ng maraming taga-Camarines Sur matapos manalasa ang bagyong #RollyPH sa lalawigan.

Kanya-kanyang diskarte naman ang mga nasalantang residente para maitawid ang pang-araw-araw nilang pangangailangan.

Panoorin ang #TVPatrolLive ngayong araw, Nobyembre 4, 2020
Facebook: bit.ly/3eptxyO
YouTube: bit.ly/3jVM7Qt","3","6","1366","43","622","19","3","2062","185","1604496362000","https://www.facebook.com/tvpatrol.abscbn/videos/348315819800927/"
,,,,,,,,,,,,,,,,,,,,"100064957951102","ABS-CBN News","https://scontent-iad3-1.xx.fbcdn.net/v/t39.30808-1/612193561_1385784586930127_8766501501849307524_n.jpg?stp=cp0_dst-jpg_tt6&cstp=mx513x511&ctp=s40x40&_nc_cat=1&ccb=1-7&_nc_sid=2d3e12&_nc_ohc=jjMlUL_Ip04Q7kNvwFv9Z3T&_nc_oc=Adrpv72IN0atEszVpgdBXO15o5NBoqvS6RJEHQmsFo3FniHeINs5lOY7vQYj44XlgB0&_nc_zt=24&_nc_ht=scontent-iad3-1.xx&_nc_gid=4ovGK4wjf0_jXlRYFA_Zig&_nc_ss=7c2a8&oh=00_AQDXyqI-3qj4J8yElam0wBlLO6td-TpuI-cloCnodmD8Ug&oe=6A5F9E5C","https://www.facebook.com/abscbnNEWS","5","10158955395780168","Sa kabila ng bumubuting lagay ng panahon sa Pampanga, nasa 4 hanggang 6 na talampakan pa rin ang taas ng baha sa ilang lugar sa Candaba. #FloodPatrol",,,"45",,"48",,"1","94","6","1604514017000","https://www.facebook.com/abscbnNEWS/posts/pfbid027mDDVxJZVN1GWZqRGX5Dj823LHfZfCUgDDtVLHNcgRyBSEvGAfg2uGEijxH8Dbsxl"
"No photo description available.","4026869877373652","photo","https://www.facebook.com/photo.php?fbid=4026869877373652&set=a.188831410030803&type=3","No photo description available.","4026869864040320","photo","https://www.facebook.com/photo.php?fbid=4026869864040320&set=a.188831410030803&type=3",,,,,,,,,,,,,"100067118364824","PTV","https://scontent-iad3-1.xx.fbcdn.net/v/t39.30808-1/469778811_1010174501229819_6318900398083369956_n.jpg?stp=cp0_dst-jpg_tt6&cstp=mx768x768&ctp=s40x40&_nc_cat=1&ccb=1-7&_nc_sid=2d3e12&_nc_ohc=FaGq-qwGxNAQ7kNvwGdMYDK&_nc_oc=AdrXjeTiSGzYi8OTWs_2yH0e-UdZVKz9EKYogYE0ynARS6CHcH41Y6O6nadvirVPh08&_nc_zt=24&_nc_ht=scontent-iad3-1.xx&_nc_gid=4ovGK4wjf0_jXlRYFA_Zig&_nc_ss=7c2a8&oh=00_AQC1_eabc9UT96I8nslDrTbej6kLTLTNBxqz1OqzF7-wVw&oe=6A5F9625","https://www.facebook.com/PTVph","1","4026870060706967","𝐓𝐈𝐍𝐆𝐍𝐀𝐍: Mga pili, bag, placemat, t-shirt at table runner, nalubog sa lahar at baha sa loob ng mga souvenir shop sa Cagsawa, Daraga, Albay. | via Karen Villanda",,,"129","3","172","5","1","310","7","1604448475000","https://www.facebook.com/PTVph/posts/pfbid0zeBKjTtvPxLiUXUBw1p6eerxWb81kC4k8FDbsnXXdsTuDyPYYZ4uTDhLcQEGeS74l"
,,,,,,,,,,,,,,,,,,,,"100064762115861","UNTV News and Rescue","https://scontent-iad3-1.xx.fbcdn.net/v/t39.30808-1/339057996_229585659732134_7363939708771708088_n.jpg?stp=cp0_dst-jpg_tt6&cstp=mx600x600&ctp=s40x40&_nc_cat=1&ccb=1-7&_nc_sid=2d3e12&_nc_ohc=2-4kWekjZ00Q7kNvwH-c7q1&_nc_oc=AdqgbNZDy0pCy0YE5Mi-vQi6VK9QFqzAEr3fP2mspVQlL-h0p57fLtiOGeNRoXTxKTc&_nc_zt=24&_nc_ht=scontent-iad3-1.xx&_nc_gid=CmzVBRVePlaGwaxf_QdOjQ&_nc_ss=7c2a8&oh=00_AQAulQwDWAw9PyqT5193CFIsi6BCCedUf2dzNhcWcmTCBg&oe=6A5FB30B","https://www.facebook.com/UNTVNewsRescue","180","5362089847149718","Daang bilyong piso ang kailangan para matapos ang mga proyektong nailatag na ng pamahalaan kontra baha. Ilan sa malalaking proyekto ay ang pagsasaayos ng mga ilog, paglalagay ng tunnel, at pagtatayo ng dam.",,"5","4023","486","5","29","96","4644","406","1604485863000","https://www.facebook.com/UNTVNewsRescue/posts/pfbid0mv2ZMdeDYe4p4rGUMxSURSUojH7F6gqGQ8tBZzKX9dYrnQf1nm8K9EqRpFei6pUml"
"No photo description available.","889901408418257","photo","https://www.facebook.com/photo.php?fbid=889901408418257&set=a.560986109571540&type=3","No photo description available.","889901415084923","photo","https://www.facebook.com/photo.php?fbid=889901415084923&set=a.560986109571540&type=3","No photo description available.","889901435084921","photo","https://www.facebook.com/photo.php?fbid=889901435084921&set=a.560986109571540&type=3",,,,,,,,,"100069804660667","One PH","https://scontent-iad3-1.xx.fbcdn.net/v/t39.30808-1/352501237_782570273579321_6360131420091538342_n.png?stp=cp0_dst-png&cstp=mx1638x1638&ctp=s40x40&_nc_cat=1&ccb=1-7&_nc_sid=2d3e12&_nc_ohc=l9ABQ7r1D0AQ7kNvwGlAPDm&_nc_oc=Adp06cauoTcfG5pQdlEfLS-vnM73Fj9IgiBCuhheKE5kaS-XZQmoCs07vY0bHW0eGdY&_nc_zt=24&_nc_ht=scontent-iad3-1.xx&_nc_gid=CmzVBRVePlaGwaxf_QdOjQ&_nc_ss=7c2a8&oh=00_AQBOYT4-t0u8aHQwGH8tiPmH6kFqd_bYTMppSStX4413_g&oe=6A5FB96E","https://www.facebook.com/OnePHonCignal","51","889903661751365","LOOK: Lubog pa rin sa baha ang malaking bahagi ng Bato, Camarines Sur kaya libo-libong residente pa rin ang nanatili sa mga evacuation center sa lugar. (via Romel Lopez/News5)",,"2","953","18","746","9","3","1731","96","1604465150000","https://www.facebook.com/OnePHonCignal/posts/pfbid02QKc3tDSda8kbHSbkKZNp6yG5FgQvHHY3hWAmSN8WK7xLa8xPZkJ6xCU4YuCZjQ5ul"
,"357997031928549","video",,,,,,,,,,,,,,,,,,"100064849986224","GMA News","https://scontent-iad3-1.xx.fbcdn.net/v/t39.30808-1/658216539_1459297662908553_7892569438724908023_n.jpg?stp=cp0_dst-jpg_tt6&cstp=mx1200x1200&ctp=s40x40&_nc_cat=1&ccb=1-7&_nc_sid=2d3e12&_nc_ohc=_9Kw3PkUnsIQ7kNvwFZYCIH&_nc_oc=AdoZqgAWhO5Q9BozI0Yc-9nCXi9RPdvORF0f8iWYwGqo9m1LjuAh51Jtjuigv3XNWRQ&_nc_zt=24&_nc_ht=scontent-iad3-1.xx&_nc_gid=CmzVBRVePlaGwaxf_QdOjQ&_nc_ss=7c2a8&oh=00_AQDKbqP1sFcBtzDJPQ8ir_VkF39m3ksP8LFM0pS52O6PGA&oe=6A5FC37F","https://www.facebook.com/gmanews","17","10159420206121977","Giniba rin ng Bagyong Rolly ang itinatayong dam sa Marinduque na nagpalala rin sa baha sa kasagsagan ng ulan. Sa Legaspi, Albay, hindi kinaya ng itinayong dike ang ragasa ng tone-toneladang lahar.",,,"95","5","35",,,"135","11","1604505432000","https://www.facebook.com/gmanews/videos/357997031928549/"
,"1340039903010032","video",,,,,,,,,,,,,,,,,,"100064456281701","News5","https://scontent-iad3-1.xx.fbcdn.net/v/t39.30808-1/352531091_590012623265943_7503745415624331533_n.png?stp=cp0_dst-png&cstp=mx719x719&ctp=s40x40&_nc_cat=1&ccb=1-7&_nc_sid=2d3e12&_nc_ohc=VZI5zKGnILYQ7kNvwG9kCPE&_nc_oc=Adq19oOaNakPrX0SXTIsZOMM0dJQoq39S3gyavnDl-oNewHiM3GyBPVyW04oKPHox_w&_nc_zt=24&_nc_ht=scontent-iad3-1.xx&_nc_gid=CmzVBRVePlaGwaxf_QdOjQ&_nc_ss=7c2a8&oh=00_AQBbLTLattQwzZ8XrbJ-WazdZU5B44F_CeO_UPv4Ec__Hg&oe=6A5FAECF","https://www.facebook.com/News5Everywhere","11","2262075477282527","#FrontlinePilipinas | Libu-libong residente ang nagsisiksikan sa mga evacuation center dahil lubog pa rin sa baha ang malaking bahagi ng Camarines Sur. | via Romel Lopez

For more latest stories, visit us at www.news5.com.ph","1",,"154","4","57","4",,"220","157","1604494500000","https://www.facebook.com/News5Everywhere/videos/1340039903010032/"
"No photo description available.","2261648660658542","photo","https://www.facebook.com/photo.php?fbid=2261648660658542&set=a.647063400785530&type=3","No photo description available.","2261648647325210","photo","https://www.facebook.com/photo.php?fbid=2261648647325210&set=a.647063400785530&type=3","No photo description available.","2261648663991875","photo","https://www.facebook.com/photo.php?fbid=2261648663991875&set=a.647063400785530&type=3","No photo description available.","2261648827325192","photo","https://www.facebook.com/photo.php?fbid=2261648827325192&set=a.647063400785530&type=3",,,,,"100064456281701","News5","https://scontent-iad3-1.xx.fbcdn.net/v/t39.30808-1/352531091_590012623265943_7503745415624331533_n.png?stp=cp0_dst-png&cstp=mx719x719&ctp=s40x40&_nc_cat=1&ccb=1-7&_nc_sid=2d3e12&_nc_ohc=VZI5zKGnILYQ7kNvwG9kCPE&_nc_oc=Adq19oOaNakPrX0SXTIsZOMM0dJQoq39S3gyavnDl-oNewHiM3GyBPVyW04oKPHox_w&_nc_zt=24&_nc_ht=scontent-iad3-1.xx&_nc_gid=CmzVBRVePlaGwaxf_QdOjQ&_nc_ss=7c2a8&oh=00_AQBbLTLattQwzZ8XrbJ-WazdZU5B44F_CeO_UPv4Ec__Hg&oe=6A5FAECF","https://www.facebook.com/News5Everywhere","5","2261700223986719","Lubog pa rin sa tubig-baha ang malaking bahagi ng Bato, Camarines Sur, kaya libu-libong residente pa rin ang nananatili sa mga evacuation center sa bayan. | via Romel Lopez",,,"34",,"20","2",,"56","14","1604467738000","https://www.facebook.com/News5Everywhere/posts/pfbid02ExioxkexeSMeciP54FkoazEfdfPcusP9WYEajRcPfVfz1vrfNMgKptNsaPtUWUt6l"
"No photo description available.","838923886850195","photo","https://www.facebook.com/photo.php?fbid=838923886850195&set=a.409150291406768&type=3","No photo description available.","838923920183525","photo","https://www.facebook.com/photo.php?fbid=838923920183525&set=a.409150291406768&type=3","No photo description available.","838923946850189","photo","https://www.facebook.com/photo.php?fbid=838923946850189&set=a.409150291406768&type=3","No photo description available.","838923980183519","photo","https://www.facebook.com/photo.php?fbid=838923980183519&set=a.409150291406768&type=3",,,,,"100069354013353","ANG PROBINSYANO Party-list","https://scontent-iad6-1.xx.fbcdn.net/v/t39.30808-1/371059903_604525528535909_9045651474782518038_n.jpg?stp=cp0_dst-jpg_tt6&cstp=mx1638x1638&ctp=s40x40&_nc_cat=106&ccb=1-7&_nc_sid=2d3e12&_nc_ohc=s1K16xQxxr0Q7kNvwEBgCdc&_nc_oc=AdpoXH3hPDK2ISPP9Er0v6opRtjdcwYrhZmLsbHHAz9VWcov7fjz05sP2jU5DHVJRAs&_nc_zt=24&_nc_ht=scontent-iad6-1.xx&_nc_gid=CmzVBRVePlaGwaxf_QdOjQ&_nc_ss=7c2a8&oh=00_AQCxptsE9EcsaXXgjJhhtaPkZstHMAvCod1bbGK30nTrag&oe=6A5FB039","https://www.facebook.com/AngProbinsyanoPartylist","1","838924223516828","Halos maluha po tayo nang narinig natin ang kwento ni Tatay Salvador, isang Albayanong dating OFW at isa sa mga nasalanta ng Bagyong #RollyPH. Nung humagupit ang bagyo, naanod si Tatay kasama ng kaniyang buong pamilya ng baha. Tinangay rin ng bagyo ang kanilang bahay. Di lamang bahay ang nawala sa kanila. Sa kasamaang palad, namatay ang isa niyang anak at isang malapit na kapamilya. Maswerte man silang nakasurvive ng kaniyang isa pang anak at biyenan, di na maibabalik pa ang buhay na nawala at mga pinaghirapang ipundar na bahay. Napakasakit pong marinig na sabi ni Tatay Salvador, ""yung pinaghirapan ko for 11 years abroad, nawala sa isang iglap."" Alam nating kailanman, hindi matutumbasan ng anuman ang buhay na nawala pero nandito po tayo para samahan silang makabangon muli.

#APPL #SerbisyongProbinsyano #BangonOragon",,,"44","14",,,"1","59","3","1604469101000","https://www.facebook.com/AngProbinsyanoPartylist/posts/pfbid02vtju6jKUajUhgZwh9L5ctAHD6Mo8mApnr2dsGHifgMhHq4mAtrpAos3joh6hTSnnl"
"No photo description available.","3356454527805525","photo","https://www.facebook.com/photo.php?fbid=3356454527805525&set=a.410844517064657&type=3","No photo description available.","3356453134472331","photo","https://www.facebook.com/photo.php?fbid=3356453134472331&set=a.410844517064657&type=3","No photo description available.","3356454304472214","photo","https://www.facebook.com/photo.php?fbid=3356454304472214&set=a.410844517064657&type=3","No photo description available.","3356453664472278","photo","https://www.facebook.com/photo.php?fbid=3356453664472278&set=a.410844517064657&type=3","No photo description available.","3356454054472239","photo","https://www.facebook.com/photo.php?fbid=3356454054472239&set=a.410844517064657&type=3","100044173372515","Mayor Leni Robredo","https://scontent-iad3-1.xx.fbcdn.net/v/t39.30808-1/291319610_625878135561293_1598963555746112165_n.jpg?stp=c0.29.1991.1990a_cp0_dst-jpg_tt6&cstp=mx1991x1990&ctp=s40x40&_nc_cat=1&ccb=1-7&_nc_sid=2d3e12&_nc_ohc=F5OHWrbwYlEQ7kNvwGneLCl&_nc_oc=AdpbrX7NYMvzLVmMwked08j5jy7hTxboakVX0R7anucJXiINhSnkVNJGDxpZ8EdNvVM&_nc_zt=24&_nc_ht=scontent-iad3-1.xx&_nc_gid=Rdq5tDeCrwlMyCgtehOYiA&_nc_ss=7c2a8&oh=00_AQAFaSB0v4f2A6XaTyRQsLKAy4RKTfzFML0D2FVgt-mq-w&oe=6A5F9D5A","https://www.facebook.com/MayorLeniRobredo","877","3356459361138375","[A] Binisita ni VP Leni Robredo, kasama ni Vice Mayor Totoy Malanyaon at ng iba pang mga opisyal, ang bayan ng Bula sa Camarines Sur kahapon upang makita ang kalagayan ng komunidad doon. Ilang araw matapos manalasa ang Super Typhoon #RollyPH ay baha pa rin ang ilan sa mga daanan. Sa ngayon, wala pa ring kuryente at mahina ang nasasagap na mobile signal sa lugar. 

Kasabay ng pagbisita ay nagpamahagi rin ng relief assistance ang ating Tanggapan para sa nasalantang komunidad. Salamat sa ating logistics partners na Transportify, Ninjavan, LBC Foundation, RAF International Forwarding Philippines, Inc. at UP Vice Squad para sa kanilang tulong upang magawa ito.",,"23","7215","2454","9","269","30","10000","1657","1604539157000","https://www.facebook.com/MayorLeniRobredo/posts/pfbid02dumr9dj1mxyqLfS151wQAAmWYGjkziP65yv58RhB1B3EC2gTRULbi77KVSZzQtWNl"
,,,,,,,,,,,,,,,,,,,,"100059519801627","Saloobin Files","https://scontent-iad3-1.xx.fbcdn.net/v/t39.30808-1/428122127_777562254237761_4906622259136538384_n.jpg?stp=cp0_dst-jpg_tt6&cstp=mx2048x2048&ctp=s40x40&_nc_cat=108&ccb=1-7&_nc_sid=2d3e12&_nc_ohc=_EeJeDGXHjEQ7kNvwGgi7-7&_nc_oc=AdoAnOlK52ID3dlCNhKcduDakMOeRIbwHWWlxRwM_8yQWWKzfY8V-UNwdvmiC-JDLTs&_nc_zt=24&_nc_ht=scontent-iad3-1.xx&_nc_gid=Rdq5tDeCrwlMyCgtehOYiA&_nc_ss=7c2a8&oh=00_AQAWoNFZBzjjWsxE37NL6Nc5cb61g0lVJ7oqgFNZATTx6w&oe=6A5FBB36","https://www.facebook.com/FilesForSaloobers","47","190555689370463","11/5/2020 10:42:23 

[THOUGHT ]

""BAHA""  

grabe lakas ng ulan dito, yung baha hanggang bewang. bat kayo ng crush mo hanggang friends lang? 

[bumabaha din ba sainyo admin?]
ICRS 
SALOOBER 

-
[] Hindi naman, sender.
Admin Dylan","1","67","19",,"1",,,"88","25","1604592740000","https://www.facebook.com/FilesForSaloobers/posts/pfbid022aZCe1X1gqucRwzEKiMVkjm1ER3t4mTx2Vrv5oFDDDTrdJYtWv85J42RtvsdPDURl"
"No photo description available.","144229827407004","photo","https://www.facebook.com/photo.php?fbid=144229827407004&set=gm.727336671211678&type=3","No photo description available.","144229847407002","photo","https://www.facebook.com/photo.php?fbid=144229847407002&set=gm.727336671211678&type=3","No photo description available.","144229877406999","photo","https://www.facebook.com/photo.php?fbid=144229877406999&set=gm.727336671211678&type=3","No photo description available.","144229897406997","photo","https://www.facebook.com/photo.php?fbid=144229897406997&set=gm.727336671211678&type=3","No photo description available.","144229920740328","photo","https://www.facebook.com/photo.php?fbid=144229920740328&set=gm.727336671211678&type=3","100054599618784","Beyò BL","https://scontent-iad3-1.xx.fbcdn.net/v/t39.30808-1/662007050_1469205948242712_6002342669676068316_n.jpg?stp=cp0_dst-jpg_tt6&cstp=mx1228x1242&ctp=s24x24&_nc_cat=110&ccb=1-7&_nc_sid=1d2534&_nc_ohc=fN-usk-sX7cQ7kNvwFPJSbq&_nc_oc=AdoUp-y4umnVRiLsx9iwmHuR3JlLZRQCzJB2pwvS_LjqWxOMUFhgjgF-8halnI44eko&_nc_zt=24&_nc_ht=scontent-iad3-1.xx&_nc_gid=Rdq5tDeCrwlMyCgtehOYiA&_nc_ss=7c2a8&oh=00_AQCxDyM5Pupcju9lR2n8DOb7r2mbku2wHopHrIfDgC54Cg&oe=6A5FBE76","https://www.facebook.com/beyo.naz.5","4","727336671211678","THINGS YOU CAN ONLY FIND IN THE PHILIPPINES DURING TYPHOON🇵🇭

""Baha Ka Lang, Pilipino Kami!""",,"25","19","4",,,"1","49","72","1604484671000","https://www.facebook.com/groups/phce.info/permalink/727336671211678/"
"No photo description available.","209004353966021","photo","https://www.facebook.com/photo/?fbid=209004353966021&set=a.451883553623299",,,,,,,,,,,,,,,,,"100064049741884","Ascetic","https://scontent-iad3-1.xx.fbcdn.net/v/t39.30808-1/307082773_628475848685534_7001156484272719206_n.jpg?stp=cp0_dst-jpg_tt6&cstp=mx960x946&ctp=s40x40&_nc_cat=108&ccb=1-7&_nc_sid=2d3e12&_nc_ohc=1CbjJiPmo_cQ7kNvwEOtmWj&_nc_oc=AdocLYX1c2Ad-_TwdKq0vwAuLZEpy0_1Pk0KakQYO6cFb7dGceEY5Woey4vrpCTIHcg&_nc_zt=24&_nc_ht=scontent-iad3-1.xx&_nc_gid=Rdq5tDeCrwlMyCgtehOYiA&_nc_ss=7c2a8&oh=00_AQAVCrRF95mcnQqUSX2ukVGSUcRnA6sz0-_fvG0XFGwB_g&oe=6A5FC096","https://www.facebook.com/AsceticPH","1","209004373966019","Anong baha-baha may Birthday kami.",,"191","8","1",,,,"200","108","1604533939000","https://www.facebook.com/AsceticPH/posts/pfbid08JEBgjYiaZKsxaLeHxtaSG4wGUyd2wxcuCC1DPMHNLeYV7hjzVFRdwqpnVSVynaZl"
"No photo description available.","2046742168795606","photo","https://www.facebook.com/photo.php?fbid=2046742168795606&set=a.453886936772003&type=3","No photo description available.","2046742528795570","photo","https://www.facebook.com/photo.php?fbid=2046742528795570&set=a.453886936772003&type=3","No photo description available.","2046742505462239","photo","https://www.facebook.com/photo.php?fbid=2046742505462239&set=a.453886936772003&type=3","No photo description available.","2046743045462185","photo","https://www.facebook.com/photo.php?fbid=2046743045462185&set=a.453886936772003&type=3",,,,,"100064521019196","FEU Medical Technology Society","https://scontent-iad3-1.xx.fbcdn.net/v/t39.30808-1/738953920_1411397937687560_186278877368051834_n.jpg?stp=cp0_dst-jpg_tt6&cstp=mx2048x2048&ctp=s40x40&_nc_cat=104&ccb=1-7&_nc_sid=2d3e12&_nc_ohc=dL5IHAjJtj8Q7kNvwH3Qkph&_nc_oc=Adp5aivim9evd8v2NT8Zz0UrJNS_egDFIvORH_IYc3vb9idbJmMzgQJjYyf4e6I8Ekk&_nc_zt=24&_nc_ht=scontent-iad3-1.xx&_nc_gid=Rdq5tDeCrwlMyCgtehOYiA&_nc_ss=7c2a8&oh=00_AQDZfKP-2CRs_w_Cgztd0qQAVSEx8oVw_A9p2oTAfM01qg&oe=6A5FBF56","https://www.facebook.com/OfficialFEUMTS","1","2046743455462144","Tuwing panahon ng tag-ulan, ang pag lilikas ang ating kadalasang naiisip at nakakalimutan naman natin ang kahalagahan ng pangunahing panukalang pangkalusugan at pangkaligtasan o precautionary health measures tuwing may pagbaha. Makikitang mas dumarami ang mga batang nasa kalsada na nagsisiliguan sa ulan, nakakalimutang maari silang magkasakit dahil dito. Pati narin ang pagsasawalang-bahala ng mga nakatatanda sa tamang kausotang pang paa tuwing umuulan. 

Ating isaisip na ang baha ay hindi isang palanguyan o instant pool na maaring magtampisaw, lumangoy, at mag saya pagkat ang tubig baha ay marumi at maaring naglalaman ng mapanganib na mikrobyo na kailangang iwasan. Upang lahat tayo ay maging handa at mas maintindihan ang kalahagahan ng pag-iingat narito ang ilang puntos na dapat tandaan tungkol sa Leptospirosis.

Ugaliing makiugnay, maging maaalam, at manatiling ligtas!

#FEUMTS
#SemperParatus

Design By: Marycel Aison",,,"6","52",,"1",,"59","81","1604474201000","https://www.facebook.com/OfficialFEUMTS/posts/pfbid0gE6yuNb4wfdkmHTxWdfALPt6Qx65BmmVQaMHaHgziTgifhLW7Mkj69cY8HHVkdepl"
,,,,,,,,,,,,,,,,,,,,"100006314773284","Lyka Mei Revilla Arroz","https://scontent-iad6-1.xx.fbcdn.net/v/t39.30808-1/594561909_4362314677322315_5966930174572251387_n.jpg?stp=cp0_dst-jpg_tt6&cstp=mx1080x1091&ctp=s40x40&_nc_cat=107&ccb=1-7&_nc_sid=1d2534&_nc_ohc=abXX_dp84LcQ7kNvwESlcZk&_nc_oc=AdrNeg0R5V_C3D4PkZnsFAz-GSrJ6t38VHwm640PKmXJ8nFMswiJkg6qPzgL4nsFv4M&_nc_zt=24&_nc_ht=scontent-iad6-1.xx&_nc_gid=ooAjzj_hKsprq54sxlONGg&_nc_ss=7c2a8&oh=00_AQDd307QR4W4iyZCUW-7Ti7kRAPuJKnwTEABLRL-TxvVhg&oe=6A5FABBB","https://www.facebook.com/lykameirevilla.arroz","28","1116947712151110","Nakakaawa talaga dito yan sa aming lugar guinobatan albay pashare nman mga ka 59 dyan baka may maymagtulong man lang sa pamilyang ito",,,"79","3","169",,,"251","14","1604599366000","https://www.facebook.com/groups/702472130265339/permalink/1116947712151110/"
,,,,,,,,,,,,,,,,,,,,"100070406115119","201st Infantry ""Kabalikat"" Brigade, Philippine Army","https://scontent-iad6-1.xx.fbcdn.net/v/t39.30808-1/593445751_890195803337282_3958960035592237289_n.jpg?stp=cp0_dst-jpg_tt6&cstp=mx1080x1080&ctp=s40x40&_nc_cat=102&ccb=1-7&_nc_sid=2d3e12&_nc_ohc=weUeLFrMSVcQ7kNvwECedAA&_nc_oc=AdruxFYKtFjVZeQXnZ6-m-I5nkIUEJpgpz7LLQOQJaesVZ0W1UDiAokBrQpkGDBfHGM&_nc_zt=24&_nc_ht=scontent-iad6-1.xx&_nc_gid=ooAjzj_hKsprq54sxlONGg&_nc_ss=7c2a8&oh=00_AQCaMdyrJ2osZoYIhpJ_Ob1hbhRFVZaC_eRnESjT_Is2BQ&oe=6A5FA643","https://www.facebook.com/201stkabalikat","1","3837450722954164","",,,"117","21","1","3","7","149","3","1604550273000","https://www.facebook.com/groups/1588267131205879/permalink/3837450722954164/"
,,,,,,,,,,,,,,,,,,,,"100044173372515","Mayor Leni Robredo","https://scontent-iad3-1.xx.fbcdn.net/v/t39.30808-1/291319610_625878135561293_1598963555746112165_n.jpg?stp=c0.29.1991.1990a_cp0_dst-jpg_tt6&cstp=mx1991x1990&ctp=s40x40&_nc_cat=1&ccb=1-7&_nc_sid=2d3e12&_nc_ohc=F5OHWrbwYlEQ7kNvwGneLCl&_nc_oc=AdpbrX7NYMvzLVmMwked08j5jy7hTxboakVX0R7anucJXiINhSnkVNJGDxpZ8EdNvVM&_nc_zt=24&_nc_ht=scontent-iad3-1.xx&_nc_gid=ooAjzj_hKsprq54sxlONGg&_nc_ss=7c2a8&oh=00_AQDAzRvesRcZ3VvnL4ZCCEM-gB4NizVpl6nvOoIhK6c26g&oe=6A5F9D5A","https://www.facebook.com/MayorLeniRobredo","28","2827845607492615","Binisita ni #VPLeni kasama ni Vice Mayor Totoy Malonyaon at ng iba pang mga opisyal, ang bayan ng Bula sa Camarines Sur kahapon upang makita ang kalagayan ng komunidad doon.",,"5","538","149",,"24","1","717","41","1604561705000","https://www.facebook.com/BantayNakawCoalition/posts/pfbid0DbKv8dry9ttzQZx2skwsMrpvahTHbWNCspuPT5ih96JynAfyTKbX1XNDzKFZRxRkl"
,,,,,,,,,,,,,,,,,,,,"100044173372515","Mayor Leni Robredo","https://scontent-iad3-1.xx.fbcdn.net/v/t39.30808-1/291319610_625878135561293_1598963555746112165_n.jpg?stp=c0.29.1991.1990a_cp0_dst-jpg_tt6&cstp=mx1991x1990&ctp=s40x40&_nc_cat=1&ccb=1-7&_nc_sid=2d3e12&_nc_ohc=F5OHWrbwYlEQ7kNvwGneLCl&_nc_oc=AdpbrX7NYMvzLVmMwked08j5jy7hTxboakVX0R7anucJXiINhSnkVNJGDxpZ8EdNvVM&_nc_zt=24&_nc_ht=scontent-iad3-1.xx&_nc_gid=ooAjzj_hKsprq54sxlONGg&_nc_ss=7c2a8&oh=00_AQDAzRvesRcZ3VvnL4ZCCEM-gB4NizVpl6nvOoIhK6c26g&oe=6A5F9D5A","https://www.facebook.com/MayorLeniRobredo","1","169242434855701","Tuloy ang pagtulong ni VP Leni kahit kakarampot ang budget ng OVP. #BangonBICOLANDIA

https://www.facebook.com/283945495056459/posts/3356459361138375/",,,"57","24",,"2",,"83","9","1604546985000","https://www.facebook.com/AngHariNgSiomaiFranchise/posts/pfbid02NyJQyff86JbtzUqBd2f3pc8iJKSNMN4Fyg4meGQLPrz1f3ySXi6sbr5NFfEQKMFnl"
,"3211039239024504","video",,,,,,,,,,,,,,,,,,"100067118364824","PTV","https://scontent-iad3-1.xx.fbcdn.net/v/t39.30808-1/469778811_1010174501229819_6318900398083369956_n.jpg?stp=cp0_dst-jpg_tt6&cstp=mx768x768&ctp=s40x40&_nc_cat=1&ccb=1-7&_nc_sid=2d3e12&_nc_ohc=FaGq-qwGxNAQ7kNvwGdMYDK&_nc_oc=AdrXjeTiSGzYi8OTWs_2yH0e-UdZVKz9EKYogYE0ynARS6CHcH41Y6O6nadvirVPh08&_nc_zt=24&_nc_ht=scontent-iad3-1.xx&_nc_gid=ooAjzj_hKsprq54sxlONGg&_nc_ss=7c2a8&oh=00_AQAy3-q1RK5hKJxONdzHEWSheNGcJGhTP03gmvvb49GNmg&oe=6A5F9625","https://www.facebook.com/PTVph","1","4027676507292989","#SentroBalita | Souvenir shops sa Cagsawa, nalubog sa putik at baha; 

Mga residente, kanya-kanyang diskarte para kumita | via Karen Villanda",,,"7","2","2",,,"11","10","1604477164000","https://www.facebook.com/PTVph/videos/3211039239024504/"
"No photo description available.","1630574103808725","photo","https://www.facebook.com/photo.php?fbid=1630574103808725&set=a.225352872960467&type=3","No photo description available.","1630574107142058","photo","https://www.facebook.com/photo.php?fbid=1630574107142058&set=a.225352872960467&type=3","No photo description available.","1630574113808724","photo","https://www.facebook.com/photo.php?fbid=1630574113808724&set=a.225352872960467&type=3","No photo description available.","1630574193808716","photo","https://www.facebook.com/photo.php?fbid=1630574193808716&set=a.225352872960467&type=3",,,,,"100064572676856","Radyo Pilipinas","https://scontent-iad3-1.xx.fbcdn.net/v/t39.30808-1/472338136_1072438948251851_5903027363962695168_n.jpg?stp=cp0_dst-jpg_tt6&cstp=mx1080x1080&ctp=s40x40&_nc_cat=1&ccb=1-7&_nc_sid=2d3e12&_nc_ohc=yPkD3I_xwpcQ7kNvwGvKb43&_nc_oc=AdoSUXxm2EechZNYGJsG-Ss4zTtLvQre4LHRgQYOjRjTkdk6cmuudkUwtlzrnY9bk4Q&_nc_zt=24&_nc_ht=scontent-iad3-1.xx&_nc_gid=lsDV5Mlt0HOqQU25ohmdYg&_nc_ss=7c2a8&oh=00_AQC5d8YHxC5nuq0YQMjPiAnAl3d_t4zA8s1lYhKKtqX_dQ&oe=6A5FA4C0","https://www.facebook.com/RadyoPilipinas","0","1630576227141846","TINGNAN: Tumambad sa mga residente ng Barangay Talahib sa Pandayan, Batangas City ang baha, makapal na putik, sirang kalsada at mga natumbang mga puno matapos daanan ng Bagyong Rolly. | via Mae Formaran l RP1 Lucena

Photos: Mark Jhonmark",,,"27",,"12",,,"39","4","1604491060000","https://www.facebook.com/RadyoPilipinas/posts/pfbid02eFYMsYyKednf6wPKofFZivEGYdN4dgySj5YwWJHmc3MmThjRzzrMz6uo4L21AYRql"
"No photo description available.","3769279569771390","photo","https://www.facebook.com/photo/?fbid=3769279569771390&set=a.585083170471208",,,,,,,,,,,,,,,,,"100069085908610","Karapatan National Capital Region","https://scontent-iad3-1.xx.fbcdn.net/v/t39.30808-1/699355200_1291223956523789_5555646798127795727_n.jpg?stp=cp0_dst-jpg_tt6&cstp=mx959x960&ctp=s40x40&_nc_cat=104&ccb=1-7&_nc_sid=2d3e12&_nc_ohc=NTC-cxYfb8IQ7kNvwEW6gBF&_nc_oc=AdrCA-TIv2nRMmAhQZmbuMFuCdZ1E4HEOOKfBBiS-SqclI6kytPkOkkvU8Eal2syjLI&_nc_zt=24&_nc_ht=scontent-iad3-1.xx&_nc_gid=lsDV5Mlt0HOqQU25ohmdYg&_nc_ss=7c2a8&oh=00_AQAi4APZNkncgYmafRfycCe-xZX93HrefKo6ntDhSwxOfA&oe=6A5FBBBD","https://www.facebook.com/KarapatanMetroManila","2","3769279696438044","MENSAHE PARA SA IKA-SANG TAON NG MANILA 5 SA LOOB NG KULUNGAN

RAM CARLO BAUTISTA
BILANGGONG PULITIKAL
Nobyembre 5, 2020

Naging mapanghamon, masalimuot, at puno ng  mga aral ang isang taon ng Manila 5 sa loob ng piitan. Naging lalong komplikado nang malipat na kami sa city jail kung saan nahiwalay ang lalake sa babaeng detainee na lubusang ang apektado at nasubok ang tatag ng loob ay ang mag-asawang Cora at Michael dahil sa pagkawalay sa kanilang dalawang na-traumang anak dahil sa nasaksihan nila ang lahat ng pangyayari. Gayundin si Reina Mae Nasino sa kaniyang maselang pagbubuntis noon at ngayon naman ay ang namapayang si baby River.

Magkaiba ang pakikitungo ng BJMP sa male at female dorm. Mas mahigpit at bantay-sarado ang kanilang mga galaw. Ang pagtrato bilang high profile inmate kay Reina noong siya ay pinahintulutang makalabas para sa lamay at libing ng kanyang sanggol ay hindi naging makatao dahil hindi nabigyan ng privacy ang pamilya at winalang-hiya ng pnp-bjmp-dilg ang mapayapang libing. Mariin din naming kinukundena kasama ng aming mga pamilya ang pinataw noong una na  21 days quarantine ni Reina na magdudulot lamang sa kaniya ng lalong pagkalungkot at stress sa naganap, at kamakailan lamang ay inatras ng 13 araw quarantine dahil nirehistro natin ito sa kanila. Hindi rin pinahintulutan na makapagpaabot nng masustansyang pagkain na kailangan niya para makarekober agad. Nagdudulot ng lalong galit at pagkamuhi ang patakaran na ito ng BJMP.

Nang dahil sa pandemya ay apektado maging ang mga nakatakdang paglilitis sa aming mga kaso. Hindi maari ang hearing sa mismong korte kaya’t tanging sa pamamagitan ng telehearing maaring umusad ang kaso. Mas pinili at napagpasyahan ng mag-asawang cora at michael at kanilang mga abogado na kung hindi maaari ang personal appearance ay sa susunod na taon na isasagawa ang paglilitis sa kanilang kaso. Habang ang kaso naman ng Tondo 3 ay naantala rin. Bago ang pasyang mag-inhibit o ‘magbitaw' si Manila RTC Judge Marivic Balisi-Umali ng Branch 20 sa kaso namin ay binasura nito ang mosyon para ipawalang bisa ang gawa-gawang search warrant at tinanim na ebidensya na nilabas ni QC rtc judge villavert. Gayundin ang makatwirang petisyon ni Reina Mae Nasino na pansamantalang makalaya o di kaya makapiling sa loob ng infirmary sa city jail ang kaniyang sanggol. Ilan lamang ang nabanggit na huwes sa dapat sisihin at panagutin dahil sa kinasabwat sila ng gobyerno para idamay ang inosenteng mag-ina na nagresulta ng pagkamatay ni baby River. Pinakamataas na pagkamuhi ang aming pinaparating sa huwes na ito.

Bilang mga bilanggong pulitikal ay nararanasan din namin na tratuhin bilang mga preso na hindi makatao dahil sa ilang abusadong empleyado.  Gaya na lamangtna binibilang kami sa kalagitnaan ng tirik ng araw sa labas, hindi maayos kung minsan ng pagkakaluto ng ranchong pagkain,at pagmamaliit sa mga preso. May mga reklamo din sa panahon na kulang ang supply ng tubig at nagreresulta ito sa samu’t saring mga sakit. Pinapasok din ng baha kapag malakas and ulan ang mga brigada dahilan para dumami ang lamok at maaaring magdala din ng sakit. Masakit sa bulsa ang mataas na presyo ng bilihin sa coop at canteen na malayo sa suggested retail price. May mga nasaksihan din kaming mga namatay sa infirmary sa kasagsagan ng lockdown na kalimitan mga matatanda o dili kaya’y may sakit na nararamdaman.

May ilang positibong hakbang din ang BJMP para maiwasan ang covid 19. Nariyan ang daily disinfection sa pamamagitan ng pag-spray sa mga brigada, pagbibigay ng vitamins, face mask/shield, hygiene kit, tsinelas/boxer briefs at mga goods na galing sa donasyon ng mga institusyon at negosyante. Pinaiiral din ang social distancing tuwing may aktibidad ngunit dahil sa kawalan ng swab test ay hindi rin malaman kung may covid19 na ba rito.

Sa mga karanasan namin dito sa loob ng kulungan, may mga panahong napapanghinaan ng loob pero mas malaking bahagi na mataas ang aming moral para mas maisulong pa ang ninanais nating pagbabagong lipunan. Bago kami magdeklara na buong panahong kumilos para pagsilbihan ang mamamayan ay alam na naming at paulit-ulit na pinapapaalala na ang rebolusyon ay hindi isang piging, ang tunay na rebolusyon ay maraming isasaalang-alang at isasakripisyo.

Panghuli, nais naming pasalamatan ang aming pamilya, organisasyon, mga abogado, kaibigan, kamaganak, at mga tagasuporta na kasama namin sa laban sa loob ng isang taon. Sa inyo kami kumukuha ng inspirasyon at lakas ng loob para pangibabawan ang lungkot na nadarama sa loob ng piitan. Sapat na sa amin na patuloy kayong tumitindig sa tama at pagsusulong ng karapatan-pantao. hindi sayang ang sakripisyo na ito sa tuwing nagtatagumpay ang ating mga kampanya at pakikibakang masa na nagsusulong ng interes ng nakakarami at mahihirap. 

Tuloy ang pakikibaka at paglingkuran ang sambayannan. Maraming salamat.

PALAYAIN ANG LAHAT NA BILANGGONG PULITIKAL!
#freemichaelbartolome
#freecoraagovida
#freeramcarlobautista
#FreeReinaMaeNasino
#FreeAlmaMoran
#FreeManila5","1","1","28","6",,,,"36","18","1604575563000","https://www.facebook.com/KarapatanMetroManila/posts/pfbid02dpkUYK1P54YpqWDGnruVibmHmEcZsVWjGJm2zcCGmt2stCNqngeeps3F7xBuSjL1l"
,,,,,,,,,,,,,,,,,,,,"100064777714059","Crime & Disaster Watch Philippines","https://scontent-iad3-1.xx.fbcdn.net/v/t39.30808-1/352268186_645506987595077_601973427698961969_n.jpg?stp=cp0_dst-jpg_tt6&cstp=mx1079x1079&ctp=s40x40&_nc_cat=110&ccb=1-7&_nc_sid=2d3e12&_nc_ohc=b38CiwdFZowQ7kNvwGOvKU1&_nc_oc=AdoZocEBQLZ91naGW5cGlNByOz3M1CUVamljW13aKnD_KYIbqoKWIDDpxJjftO5h6Qk&_nc_zt=24&_nc_ht=scontent-iad3-1.xx&_nc_gid=lsDV5Mlt0HOqQU25ohmdYg&_nc_ss=7c2a8&oh=00_AQBILLWtIeuz8Fbc1Z2YyaGBgrVCx3RTPD49hMFEVlo0QA&oe=6A5F93A7","https://www.facebook.com/profile.php?id=100064777714059","0","3349890861725332","""'Kapit sa akin,' [sabi ko] 'kaya natin to'. [Humambalos] 'yong malakas na tubig, may kasamang bato. Nakahiwa-hiwalay kami.""

Araw-araw binabalikan ni Salvador Marinque ang lugar kung saan pinaniniwalaang posibleng makita ang nawawala niyang misis at anak na tinangay ng lahar at baha nang manalasa ang bagyong Rolly.",,,"2",,"7",,,"9","0","1604584352000","https://www.facebook.com/permalink.php?story_fbid=pfbid02x6rRRcDgkr7D1vNj4XQzwUuPSWyx8SbZZ6kwA5KA6ChKTTS5PvUQhVCYnPYSa1pYl&id=100064777714059"
"No photo description available.","180003503712317","photo","https://www.facebook.com/photo/?fbid=180003503712317&set=a.354264553159499",,,,,,,,,,,,,,,,,"100057278716981","Toxicasm","https://scontent-iad6-1.xx.fbcdn.net/v/t39.30808-1/310541139_578067874112498_2768961259832998026_n.jpg?stp=cp0_dst-jpg_tt6&cstp=mx715x715&ctp=s40x40&_nc_cat=107&ccb=1-7&_nc_sid=2d3e12&_nc_ohc=5BWTpdkU29kQ7kNvwFU1E_P&_nc_oc=Adp-44Kiwnu7OLlOYKvBNRrhhN12oIuNiq_Dx3qdSdbsA8-Xhrn66a6QxfWoDwzxD4k&_nc_zt=24&_nc_ht=scontent-iad6-1.xx&_nc_gid=lsDV5Mlt0HOqQU25ohmdYg&_nc_ss=7c2a8&oh=00_AQDw0L1aM6_N-6kVNfZzWTDW277KK9SVv4aSTClfJ154WA&oe=6A5F9824","https://www.facebook.com/profile.php?id=100057278716981","0","180003687045632","LOOK: Dahil sa bagyong rolly, DUGONG inanod ng baha",,"9","2",,,,,"11","6","1604467698000","https://www.facebook.com/permalink.php?story_fbid=pfbid02rJA8EnNWbLjEiPkuAEUrCyAnEZbNPrSp7tDB4QVnD9iZKm6SRttFNiqjSCXYecUXl&id=100057278716981"
"No photo description available.","2479069882232732","photo","https://www.facebook.com/photo/?fbid=2479069882232732&set=a.163300762646184",,,,,,,,,,,,,,,,,"100068987836845","SPARK - Samahan ng Progresibong Kabataan","https://scontent-iad3-2.xx.fbcdn.net/v/t39.30808-1/719252480_1311746767801572_9025095124300445027_n.jpg?stp=cp0_dst-jpg_tt6&cstp=mx1024x1024&ctp=s40x40&_nc_cat=111&ccb=1-7&_nc_sid=2d3e12&_nc_ohc=v0oOKCaB80EQ7kNvwF2gDW4&_nc_oc=AdojiRCE_3QoueidPEQgkU1VobZtdQ83I0rDJ_CETz5QTbdo2YYjiKRmbkXWo8oo-HU&_nc_zt=24&_nc_ht=scontent-iad3-2.xx&_nc_gid=lsDV5Mlt0HOqQU25ohmdYg&_nc_ss=7c2a8&oh=00_AQBvJe7D50caP_Vtaz7S0423xx1l0oIVfJB1MFlEV-Uv7Q&oe=6A5F99EB","https://www.facebook.com/SparkKabataan","2","2479070088899378","[TRIGGER WARNING]

ILANG BUHAY PA BA? TAMA NA SOBRA NA, ACADEMIC FREEZE NA! 
Ukol sa pagbuwis-buhay ng isang mag-ama sa Catanduanes sa gitna ng bagyo

Lima ang naitalang namatay sa probinsya ng Catanduanes pagkatapos ng Bagyong Rolly. Kasama rito ang mag-amang sina Ramon Jacob at Mecaella Jacob na ayon sa kuwento ng ina, ay bumalik sa kanilang bahay sa kabila ng panganib na dala ng bagyo, para lamang makuha ang mga naiwang modyul at iba pang mga kagamitang pang-eskwela. 

Natagpuan silang may hawak pang modyul, sa isang ilog na limang minuto ang layo sa kanilang bahay. Ayon sa inang si Liwayway Jacob, ang kanyang anak ay hindi malayong maging cum laude, kaya't nakalulungkot isiping, sa rumaragasang baha natapos ang lahat. At sa bulok na sistema ng edukasyon, nilunod ang kanyang buhay, kasama ang kanyang mga pangarap. 

Nakikiramay ang Samahan ng Progresibong Kabataan (SPARK) sa ina, at sa naiwang pamilya ng mag-amang sina Ramon at Mecaella Jacob. Ang burgis na edukasyong isinusulasok ng manhid na estado sa mga kabataan ay laging magsisilbi sa interes ng naghaharing iilan, kung kaya't mas mahalaga ang buhay ng mga mag-aaral kaysa sa edukasyong pinapatay hindi lamang ang kanilang pisikal na katawan, bagkus umaalipin rin sa kanilang kamalayan. 

Naninidigan ang SPARK na hindi sana mangyayari ang mga ganitong klaseng trahedya kung may agarang aksiyon nanggaling sa mga ahensiya ng gobyerno tulad ng Commission on Higher Education (CHED) at Department of Education (DepEd). Ang kanilang hindi pakikinig sa hinaing ng mga kabataang nananawagan ng Academic Freeze, ay umutang na nang higit sa dalawampung buhay. 

Para sa mga opisyales ng gobyerno tulad nina CHED Chairman Prospero De Vera, DepEd Secretary Leonor Briones, at mismong si Pangulong Duterte: ilan pang buhay ang kailangang mawala hanggang tumimo sa inyong isipan na nangangailangan ang bansa ng isang Academic Freeze? 

Lalong lumalala ang kalagayan ng mga kabataan at mamamayan, dulot ng  kawalang-preparasyon sa bagyo, covid-19 at resesyong pang-ekonomiko. Lalong tumitingkad ang pangangailangan ng mga mag-aaral para sa isang Academic Freeze. 

Kabataan, singilin natin si Duterte, Briones at De Vera sa kanilang mga inutang na dugo! 

Sa ating sama-samang pagkilos at panawagan, pwersahin natin ang inutil na estado upang ideklara ang Academic Freeze!

Wala nang buhay ang dapat mawala. 

Hindi kami waterproof! ACADEMIC FREEZE NOW!

#HindiKamiWaterproof
#AcademicFreezeNOW
#NoStudentLeftBehind

Sumapi sa SPARK:
bit.ly/JoinSPARKNow

References:
https://news.abs-cbn.com/news/11/04/20/mag-amang-binalikan-ang-school-supplies-sa-bahay-namatay-dahil-sa-rolly","1","1","8","1","27","9",,"47","29","1604582325000","https://www.facebook.com/SparkKabataan/posts/pfbid0Em9RRFuuqA8F3PafX2wvVtSUvjxwVRnQs71ScCaRxmjuGUYs7nRbwBFQKCtuWqRRl"
"No photo description available.","721346331828008","photo","https://www.facebook.com/photo.php?fbid=721346331828008&set=gm.722145531733335&type=3","No photo description available.","721346405161334","photo","https://www.facebook.com/photo.php?fbid=721346405161334&set=gm.722145528400002&type=3","No photo description available.","721346471827994","photo","https://www.facebook.com/photo.php?fbid=721346471827994&set=gm.722145525066669&type=3","No photo description available.","721346541827987","photo","https://www.facebook.com/photo.php?fbid=721346541827987&set=gm.722145518400003&type=3",,,,,"100018579423843","Edu Wardo Ed Win","https://scontent-iad6-1.xx.fbcdn.net/v/t39.30808-1/316552485_1181795255783111_758607611166374066_n.jpg?stp=cp0_dst-jpg_tt6&cstp=mx952x960&ctp=s24x24&_nc_cat=109&ccb=1-7&_nc_sid=1d2534&_nc_ohc=Hz5MCz4VY_UQ7kNvwEG4LM1&_nc_oc=AdovryMhv62e0VHamJNLWpgpzCyoDsHgL7OSZvKR96SQpOeT_1NPVxlAfOJcKrjC8Wc&_nc_zt=24&_nc_ht=scontent-iad6-1.xx&_nc_gid=SxEdYMGSuEZ18bOv-w076w&_nc_ss=7c2a8&oh=00_AQCHBvy5jF2fP06xwHllnOaCXFbryRK2vky8Bo6X4Zm1Ag&oe=6A5FC782","https://www.facebook.com/AkoSiTalahib","3","722145521733336","Salute kay Sir Rowel Jalmanzar and Company kahit umuulan at baha andito pa din sila para magawa itong aking Van. 

#Oragon #Maaasahan #ToTheRescue #ThankYou 💪👍🏻👊",,,"31","8",,,"2","41","1","1604486800000","https://www.facebook.com/groups/359309411350284/permalink/722145521733336/"
"No photo description available.","1317087181960234","photo","https://www.facebook.com/photo.php?fbid=1317087181960234&set=a.718310472908878&type=3","No photo description available.","1317087175293568","photo","https://www.facebook.com/photo.php?fbid=1317087175293568&set=a.718310472908878&type=3",,,,,,,,,,,,,"100041897955391","RENT 2 OWN","https://scontent-iad3-1.xx.fbcdn.net/v/t39.30808-1/675611168_1814773889929192_5564900592106613647_n.jpg?stp=cp6_dst-jpg_tt6&cstp=mx1193x1194&ctp=s40x40&_nc_cat=104&ccb=1-7&_nc_sid=2d3e12&_nc_ohc=QZGf2I2yZ_cQ7kNvwHLbyzW&_nc_oc=AdowtdiqeZAM7Qj4Twcdb0VVQeVk5k9GqiTfaUYpE2qO37JbTchU-Ei54IRe7iFZd7E&_nc_zt=24&_nc_ht=scontent-iad3-1.xx&_nc_gid=SxEdYMGSuEZ18bOv-w076w&_nc_ss=7c2a8&oh=00_AQDctv-KGk3t0eT-JrfYLV0qc3zu9imY31Ymxmh-8Ptk8w&oe=6A5FAC82","https://www.facebook.com/Properties78","0","1317087225293563","❤️Via Verde Trece SAFE NA SAFE KA
 Brgy.Cabuco Trece Martires Cavite 

THE MOST AFFORDABLE SOLAR POWERED HOMES
COMPLETE TURNOVER
Flood Free
Solar Powered
Fire resistant
Mold Resistant
Typhoon resistant
Earthquake resistant
Tipid sa repairs and refurbishments
💯years material lifespan (pang forever Talaga

matatag dahil 14000psi kaya 20x stronger than hollow blocks
World-class quality dahil gawa saultra-high-performance concrete panels ng Connovate from Denmark

Bagyo ⁉️ Sunog ⁉️ Lindol ⁉️ Baha ⁉️
Brownout ⁉️ Problem  NO MORE ‼️
Dito

Dito sa TATAG Imperial Homes sigurado ka! TOUGH na, 
TIPID na SAFE pa
THE BEST INVESTMENT EVER 

RESERVE NOW￼‼️",,,,,,,,"0","0","1604552289000","https://www.facebook.com/Properties78/posts/pfbid02k5eybmzU3aVdF2ewCqVyza6QctzoSrfc6M4p5zzU4qQGxM6wvqyAfxq6rw7XbvKxl"
,,,,,,,,,,,,,,,,,,,,"100050221191019","Happy Pinoy","https://scontent-iad6-1.xx.fbcdn.net/v/t39.30808-1/215626951_1054042138463951_1216067689672673240_n.png?stp=cp0_dst-png&cstp=mx576x576&ctp=s40x40&_nc_cat=102&ccb=1-7&_nc_sid=2d3e12&_nc_ohc=jgYmK23dd3MQ7kNvwEd7yQk&_nc_oc=AdpLCaLAFgQz2NMkesQ6aVJLHZ9gaDQamGlS0E8PgvodNUq95fXrNDXIFnwn_624Oww&_nc_zt=24&_nc_ht=scontent-iad6-1.xx&_nc_gid=SxEdYMGSuEZ18bOv-w076w&_nc_ss=7c2a8&oh=00_AQDGwjF8kY9zhAO6E0Fw4XOnV0W2-KpcWgViu3b2-g4n1w&oe=6A5FC4E1","https://www.facebook.com/profile.php?id=100050221191019","4","903625423505624","Sobrang galit ni De Lima at binanatan niya ang Pangulo dahil sa wala umanong aksyon sa Bagyong naganap..Buti pa si De lima nalang pinangharang sa baha at bagyo..Kayo na ang humusga","1",,"1",,,,,"2","0","1604494009000","https://www.facebook.com/permalink.php?story_fbid=pfbid0JYSVXT4Tqfhemu7pRevcr7cPRzeRBRwiRYNqnnt6qu2A5cBUfEidVhRwMNSirbcjl&id=100050221191019"
,,,,,,,,,,,,,,,,,,,,"100043835514236","Dr R Castillo","https://scontent-iad3-1.xx.fbcdn.net/v/t39.30808-1/352178045_759625099196940_4652846077252647475_n.jpg?stp=cp0_dst-jpg_tt6&cstp=mx700x700&ctp=s40x40&_nc_cat=110&ccb=1-7&_nc_sid=2d3e12&_nc_ohc=2u_vsJVSO3QQ7kNvwFglOCR&_nc_oc=Ado-xiwDcdF12NJGm1a1iM4Kk-V9T97CP7A3JsoHHwElMubDFxkRFAzpHl8dxQ11RGE&_nc_zt=24&_nc_ht=scontent-iad3-1.xx&_nc_gid=SxEdYMGSuEZ18bOv-w076w&_nc_ss=7c2a8&oh=00_AQADgxuNovO1M5ojqxAmikDI97JU-egJ2PR60uKXS-4kYg&oe=6A5F9709","https://www.facebook.com/Sagotkanidok","0","3494873950558646","Kamusta kayo mga Ka-Followers? Tag-Ulan nanaman at Panahon nanaman ng pag-baha. 

Kasama si Dr Rebecca Castillo, ay tatalakayin niya ang mga lunas at sintomas ng Leptospirosis.
Tayo'y maki-ALAM dito lang sa SAGOT KA NI DOK!

MagSUBSCRIBE na sa aming Youtube Channel para sa iba't-ibang health Tips.

#Leptospirosis
#HealthTips
#SagotKaNiDok",,,"34","1",,,,"35","3","1604547759000","https://www.facebook.com/Sagotkanidok/posts/pfbid0gTkjKUHo9YY3kih7roaUVyMHqeJvaGpLCCywtpgW2yNB9pEFyuvK8twKdBZeZqh1l"
,,,,,,,,,,,,,,,,,,,,"100064383594363","Tatay Digong - Unofficial","https://scontent-iad6-1.xx.fbcdn.net/v/t39.30808-1/326707935_868783357724084_1445231126497216718_n.png?stp=cp0_dst-png&cstp=mx768x768&ctp=s40x40&_nc_cat=102&ccb=1-7&_nc_sid=2d3e12&_nc_ohc=GPlfwCKhoCQQ7kNvwH-cG6t&_nc_oc=AdqroN5_uZsiT_8diROrl5qmsOnWvlJ7VQQvJCVLaT2HITjoTULTA71L_vO7TePVcHs&_nc_zt=24&_nc_ht=scontent-iad6-1.xx&_nc_gid=SxEdYMGSuEZ18bOv-w076w&_nc_ss=7c2a8&oh=00_AQDYTKsaPTBSpLFw_jKwdonNNGlbKXRzL-QGAayzM9aPvg&oe=6A5F95ED","https://www.facebook.com/Todayinmanila.info","13","2831633230495903","Sobrang galit ni De Lima at binanatan niya ang Pangulo dahil sa wala umanong aksyon sa Bagyong naganap..Buti pa si De lima nalang pinangharang sa baha at bagyo..Kayo na ang humusga",,"10","2","1",,,,"13","0","1604494033000","https://www.facebook.com/Todayinmanila.info/posts/pfbid02nSiQTMpiz7jXY36Mj2TrGh9a7o22Zi6Z3gCjo4zD7qXJrCvZwXUbdaU3ZhqXpE4Wl"
"No photo description available.","371400207439721","photo","https://www.facebook.com/photo/?fbid=371400207439721&set=gm.1699150220252273",,,,,,,,,,,,,,,,,"100037092341572","Merry Ann","https://scontent-iad6-1.xx.fbcdn.net/v/t39.30808-1/362223520_1007755397137529_7827978974086569861_n.jpg?stp=c0.136.1512.1512a_cp0_dst-jpg_tt6&cstp=mx1512x1512&ctp=s24x24&_nc_cat=106&ccb=1-7&_nc_sid=1d2534&_nc_ohc=VFUMRNLDfGkQ7kNvwHuRhU7&_nc_oc=Adqui8H06n3kPHAuc97gfZG9ps6HON5G39MyJ0V1LTilYWbAN9cv9oT9RS-081KCu0k&_nc_zt=24&_nc_ht=scontent-iad6-1.xx&_nc_gid=ccpCIKkB3ZphzG6GZ_Zp5g&_nc_ss=7c2a8&oh=00_AQBqg45_ly5XOba26OH98A6Br-_lEV6wGiaKWyVEwLeL5w&oe=6A5FB470","https://www.facebook.com/merry.li.1257","3","1699150220252273","",,,"27","6",,,,"33","4","1604546524000","https://www.facebook.com/groups/698309973669641/permalink/1699150220252273/"
,,,,,,,,,,,,,,,,,,,,"100044173372515","Mayor Leni Robredo","https://scontent-iad3-1.xx.fbcdn.net/v/t39.30808-1/291319610_625878135561293_1598963555746112165_n.jpg?stp=c0.29.1991.1990a_cp0_dst-jpg_tt6&cstp=mx1991x1990&ctp=s40x40&_nc_cat=1&ccb=1-7&_nc_sid=2d3e12&_nc_ohc=F5OHWrbwYlEQ7kNvwGneLCl&_nc_oc=AdpbrX7NYMvzLVmMwked08j5jy7hTxboakVX0R7anucJXiINhSnkVNJGDxpZ8EdNvVM&_nc_zt=24&_nc_ht=scontent-iad3-1.xx&_nc_gid=ccpCIKkB3ZphzG6GZ_Zp5g&_nc_ss=7c2a8&oh=00_AQDBEcIlCVVKxGvWeNTHGEnhTozBpcSDSjOXTUGnWNRbQg&oe=6A5F9D5A","https://www.facebook.com/MayorLeniRobredo","0","3986050814833262","",,,"31","8","1",,,"40","0","1604542993000","https://www.facebook.com/groups/453242171447495/permalink/3986050814833262/"
,,,,,,,,,,,,,,,,,,,,"100064773907046","TV Patrol","https://scontent-iad3-1.xx.fbcdn.net/v/t39.30808-1/608518829_1379498824219235_6894079646221905019_n.jpg?stp=cp0_dst-jpg_tt6&cstp=mx1079x1079&ctp=s40x40&_nc_cat=1&ccb=1-7&_nc_sid=2d3e12&_nc_ohc=eBZ3DoBYorkQ7kNvwH_OZej&_nc_oc=AdpSWlp44FT8xB5iEw99vpnd5t43ts5MzzOE2TzPYMUTB3x3PFrML2e9_N8P9fGt5aQ&_nc_zt=24&_nc_ht=scontent-iad3-1.xx&_nc_gid=ccpCIKkB3ZphzG6GZ_Zp5g&_nc_ss=7c2a8&oh=00_AQCeYWG1jWP4UJoRBLPTFhtun9AUkSL9dSzNtZRoDcaWCA&oe=6A5FC88F","https://www.facebook.com/tvpatrol.abscbn","0","1949501621859166","",,,"2",,"1",,,"3","0","1604722464000","https://www.facebook.com/groups/1835644353244894/permalink/1949501621859166/"
