"attachments/0/accessibilityCaption","attachments/0/id","attachments/0/type","attachments/0/url","author/id","author/name","author/profilePicture","author/profileUrl","commentsCount","postId","postText","reactions/like","reactionsCount","sharesCount","timestamp","url"
"No photo description available.","453761771325776","photo","https://www.facebook.com/photo/?fbid=453761771325776&set=a.193410029730221","100071836765893","Baha ka lang, Pinoy Kami","https://scontent-iad3-1.xx.fbcdn.net/v/t39.30808-1/307871368_193410053063552_3928856681465458841_n.png?stp=cp0_dst-png&cstp=mx500x500&ctp=s40x40&_nc_cat=110&ccb=1-7&_nc_sid=2d3e12&_nc_ohc=ITpO0eluTNAQ7kNvwGB7_TJ&_nc_oc=AdrJ59uLldswFzmLtsZiBRLbdUrc4SAdY-Kx87f1fJrb1wi2ZsNXxNKgn8zyALrYuvc&_nc_zt=24&_nc_ht=scontent-iad3-1.xx&_nc_gid=2zni28GyM_HF8_ajTqoeFg&_nc_ss=7c2a8&oh=00_AQBTW6C6ETW7W2165KvRqzQ6j5oE72rG_49zHM67_lqNRg&oe=6A601956","https://www.facebook.com/BKLPK.AdmeenP","40","453761771325776","Crush nyo paren ba sya? :( HAHAHA :)

HireAdmin→University of Cute and Single ツ
Like→University of Cute and Single ツ


•|Paul Rosales II|•","58","58","31","1354602821000","https://www.facebook.com/photo.php?fbid=453761771325776&set=a.193410029730221&type=3"
"No photo description available.","453728724662414","photo","https://www.facebook.com/photo/?fbid=453728724662414&set=a.193410029730221","100071836765893","Baha ka lang, Pinoy Kami","https://scontent-iad3-1.xx.fbcdn.net/v/t39.30808-1/307871368_193410053063552_3928856681465458841_n.png?stp=cp0_dst-png&cstp=mx500x500&ctp=s40x40&_nc_cat=110&ccb=1-7&_nc_sid=2d3e12&_nc_ohc=ITpO0eluTNAQ7kNvwGB7_TJ&_nc_oc=AdrJ59uLldswFzmLtsZiBRLbdUrc4SAdY-Kx87f1fJrb1wi2ZsNXxNKgn8zyALrYuvc&_nc_zt=24&_nc_ht=scontent-iad3-1.xx&_nc_gid=2zni28GyM_HF8_ajTqoeFg&_nc_ss=7c2a8&oh=00_AQBTW6C6ETW7W2165KvRqzQ6j5oE72rG_49zHM67_lqNRg&oe=6A601956","https://www.facebook.com/BKLPK.AdmeenP","73","453728724662414","Anu Mali ? :)

HireAdmin→University of Cute and Single ツ
Like→University of Cute and Single ツ


•|Paul Rosales II|•","89","89","13","1354592950000","https://www.facebook.com/photo.php?fbid=453728724662414&set=a.193410029730221&type=3"
,,,,"","Umagang KayGanda (Official Page)","https://scontent-iad3-1.xx.fbcdn.net/v/t39.30808-1/351128784_272036778627999_8495009531995876496_n.jpg?stp=c81.0.486.486a_cp0_dst-jpg_tt6&cstp=mx486x486&ctp=s40x40&_nc_cat=101&ccb=1-7&_nc_sid=2d3e12&_nc_ohc=qVMgXzIzXHYQ7kNvwEOs323&_nc_oc=AdrrmXASm-YBXqUQYazngYTtovmtisxVtBAPgBt0S0xhdC2_9WFt7F48neHrR8pz-Lk&_nc_zt=24&_nc_ht=scontent-iad3-1.xx&_nc_gid=2zni28GyM_HF8_ajTqoeFg&_nc_ss=7c2a8&oh=00_AQC1-ut2pmSmZ2P9qvvszhdNwy9yL4AlKDqlbv1yMpy-rQ&oe=6A603E41","https://www.facebook.com/ukgdos","108","176930315779582","PUNTO POR PUNTO (Dec. 5, 2012) Pag-usapan po natin itong paghagupit ng Bagyong Pablo na kung saan ay naging sentro ang Mindanao at ilang bahagi ng Visayas. Apatnapu't-tatlong (43) katao ang kumpirmadong namatay sa flashflood sa Barangay Andap, New Bataan, Compostela Valley. Ayon kay Philippine Army 10th Infantry Battalion Spokesman Lieutenant Colonel Lyndon Paniza, pawang mga sundalo at sibilyan ang mga biktima. 23 rin aniya ang sugatan sa flashflood. Karamihan umano sa mga biktima ay nalunod habang ang iba naman ay nabagsakan ng mga puno. Sinasabing nasa isang command post ang mga biktima nang anurin ng rumaragasang baha. Itutuloy ngayong araw ang search and rescue operations sa mga nawawalang biktima. Sa tala ng naman ng NDRRMC, siyam  pa lamang ang kumpirmadong patay. Hindi pa aniya nila maaaring idagdag sa opisyal na bilang ng mga biktima ang mga sinasabing namatay hangga't hindi nakakakuha ng opisyal na ulat mula sa mga opisyal ng militar, gobernador at LGU officials sa mga apektadong lugar.","56","56","6","1354661271000","https://www.facebook.com/ukgdos/posts/176930315779582"
,,,,"100064632611542","Bayan Mo, Ipatrol Mo","https://scontent-iad6-1.xx.fbcdn.net/v/t39.30808-1/418541514_765959235568490_619545813751899744_n.jpg?stp=c461.29.1111.1112a_cp0_dst-jpg_tt6&cstp=mx1111x1112&ctp=s40x40&_nc_cat=100&ccb=1-7&_nc_sid=2d3e12&_nc_ohc=uOfnjF7jFPsQ7kNvwFt7q14&_nc_oc=AdrahKOG2w4nMj3IfHsSi0MCNBQp1ZEoFrgt1BENW0r2RSotGfJFIzTk1YCo_BWRu2U&_nc_zt=24&_nc_ht=scontent-iad6-1.xx&_nc_gid=2zni28GyM_HF8_ajTqoeFg&_nc_ss=7c2a8&oh=00_AQCwxPRMm93IdJWdxjxN0_36eZ2VkKuuc7-1F3HZV3oAXA&oe=6A603D1B","https://www.facebook.com/bayanmoipatrolmo","1","501250183229563","Ilang guidelines lang sa pag-kuha at pag-post ng mga Bayan Patroller reports: 
1) SAFETY FIRST. Yun po ang unang obligasyon nyo -- sa sarili at sa pamilya.
2) Mas mabuti mag-post ng sariling kuha.
3) Sabihin agad kung kuha ninyo. Kung sa kaibigan nyo naman, ibigay agad ang pangalan ng may-ari. Kung di nyo alam kung saan nanggaling, paki-sabi din agad. (Actually, kung di nyo alam kung saan nanggaling at di man ninyo sigurado kung totoo o peke ang isang litrato o video, mag-pm na lang at wag public post. Yan ang dahilan minsan sa pagkalat ng maling balita.)
4) Maglagay ng kumpletong detalye: Saan exacto ang lugar (bayan at barangay at kung pwede, ang street); Kailan mismo kinuha (petsa at oras) -- at kung may update na sa kondisyon, paki sabi na din. May mga late na posts kasi dahil sa brownout at kung di kayo mag-update sa post mismo, baka mag-akala ang iba na baha pa kahit na humupa na ang tubig.
5) Kung nag-papaabot kayo ng info na second hand o third-hand, paki sabi din. Mas mabuti po kung ma-PM nyo sa amin ang contact number ng original source nang makausap namin ng derecho.
Alam po namin na napaka-halaga sa inyo ang makakuha ng tamang impormasyon. Mag-tulungan po tayo. Maraming salamat po. Mag-ingat po ag lahat!","62","62","13","1354640431000","https://www.facebook.com/bayanmoipatrolmo/posts/pfbid0si4sgUbqypBjiCv2mD1YQavCcFriZSDaYp7tk3Uzc4N4S5i8pVz8n6uKj7LPKXdwl"
,,,,"116724526976","GMA News","https://scontent-iad3-2.xx.fbcdn.net/v/t39.30808-1/658216539_1459297662908553_7892569438724908023_n.jpg?stp=cp0_dst-jpg_tt6&cstp=mx1200x1200&ctp=s40x40&_nc_cat=103&ccb=1-7&_nc_sid=2d3e12&_nc_ohc=_9Kw3PkUnsIQ7kNvwFR9vAp&_nc_oc=Ado9cUUySSxwIoSkY9vLE083aTqQqHXYwqMd7YJrS3gzCdYZXE9OgVEKuS5F-2laEg0&_nc_zt=24&_nc_ht=scontent-iad3-2.xx&_nc_gid=2zni28GyM_HF8_ajTqoeFg&_nc_ss=7c2a8&oh=00_AQCi7x8bmPi7qg5lEKcOlZK_ls0UOEqmNlsnKXkThzWNEQ&oe=6A6033FF","https://www.facebook.com/gmanews","30","428684747199455","Umabot na umano sa 43 ang kumpirmadong namatay, 25 ang sugatan, habang siyam naman ang patuloy pang pinaghahanap matapos rumagasa ang malakas na baha dala ng bagyong Pablo sa bayan ng New Bataan, Compostela Valley.

Ang siyam na nawawala ay mga sundalong sakay sa isang Army truck habang nagsasagawa ng rescue operations sa New Bataan, na matinding tinamaan ng bagyong Pablo.","49","49","65","1354665642000","https://www.facebook.com/gmanews/posts/428684747199455"
,,,,"100050162423834","GAYON BICOL","https://scontent-iad6-1.xx.fbcdn.net/v/t39.30808-1/356150869_781155593566514_5753456602440203858_n.jpg?stp=cp6_dst-jpg_tt6&cstp=mx2048x2048&ctp=s40x40&_nc_cat=102&ccb=1-7&_nc_sid=2d3e12&_nc_ohc=AN9-_dE6VswQ7kNvwGf_xT0&_nc_oc=AdpqlH6KDd5Cc-N9wnvMxG4wgeHbt9qgHeqavc5sZIVnHN7QSTd-QjgJ9gCxfVCKYIw&_nc_zt=24&_nc_ht=scontent-iad6-1.xx&_nc_gid=dnEIMb3EZM3k3jsi5kkI-Q&_nc_ss=7c2a8&oh=00_AQCE03FitU9C8cDKaA3sjvOSyc9oVW26S3O5dWq-b2nuIA&oe=6A600CDA","https://www.facebook.com/GBicool","219","10151314728170743","ORATIO IMPERATA ( Bicol Version )
( Ipinagboboot na Pamibi laban sa mga Bagyo asin iba pang mga Kapahamakan)

Amang makakamhan, iniitaas mi ang samong mga puso 
sa pagpapasalamat huli kan mga nangangalasan kan Saimong linalang,
huli kan Saimong pangataman sa pagtao Mo
kan samong mga pangangaipo digdi sa daga,
asin huli kan Saimong kadunongan na nag-aantabay 
kan lakaw kan bilog na kinaban.

Inaako mi na nagkasala kami Saimo asin sa kapalibutan.
Dai mi nasabotan asin naotob an Saimong kabotan na atamanon
an kinaban.

An kapalibutan nagsasakit huli kan samong mga salang gibo,
Asin ngonyan namamatean mi na
An pagdusang-balik kan samong pag-abuso asin kapabayaan.
Padagos an labi-labing pag-init kan kinaban.
Huli kaini naglalawig an tig-initan; nagdadakul asin nagkukusog an mga bagyo, uran, baha, pagtuga kan bulkan, asin iba pang mga natural na calamidad.

Dai kaming mabibirikan kundi Ika, mamomoton na Ama.
Sa saimo kami minahagad nin kapatawaran kan samong mga kasalan.
Ilikay mo kami, an samong mga namomotan, asin mga pagrogaring
Sa peligro nin mga calamidad, natural man o kagibohan nin tawo.

Antabayan Mo kaming magtalubo na magin mga responsableng Paraataman kan saimong linalang.
Asin mga matinabang na parasurog kan kapwang nangangaipo.
Huli ki Kristo, samong Kagurangnan.

Amen.
V- Nuestra Señora de Salvacion 
R- Ipamibi mo kami.

Approvado kan Simbahan: Diocesis kan Legazpi","834","834","268","1354634362000","https://www.facebook.com/GBicool/posts/pfbid0Nb2KnnEMyVZp6rjT3N7Aj4h7NLwgsW5jFBU8JF8zJvHzhJiC77MZJmJ47iQt4C7ql"
"No photo description available.","454153954619891","photo","https://www.facebook.com/photo/?fbid=454153954619891&set=a.193410029730221","100071836765893","Baha ka lang, Pinoy Kami","https://scontent-iad3-1.xx.fbcdn.net/v/t39.30808-1/307871368_193410053063552_3928856681465458841_n.png?stp=cp0_dst-png&cstp=mx500x500&ctp=s40x40&_nc_cat=110&ccb=1-7&_nc_sid=2d3e12&_nc_ohc=ITpO0eluTNAQ7kNvwGB7_TJ&_nc_oc=AdrJ59uLldswFzmLtsZiBRLbdUrc4SAdY-Kx87f1fJrb1wi2ZsNXxNKgn8zyALrYuvc&_nc_zt=24&_nc_ht=scontent-iad3-1.xx&_nc_gid=dnEIMb3EZM3k3jsi5kkI-Q&_nc_ss=7c2a8&oh=00_AQBiotXILAHvxdSZMaN7XO_ZrzKw4OIaoa4nuQxuRaVkSQ&oe=6A601956","https://www.facebook.com/BKLPK.AdmeenP","4","454153954619891","Please Like --> http://www.facebook.com/Karen.Karenatics

- Admin YumiK","70","70","2","1354695128000","https://www.facebook.com/photo.php?fbid=454153954619891&set=a.193410029730221&type=3"
"No photo description available.","418746038193681","photo","https://www.facebook.com/photo/?fbid=418746038193681&set=a.291476770920609","100083727060802","Ako C Kim (fan page)","https://scontent-iad6-1.xx.fbcdn.net/v/t39.30808-1/308048974_128315866635982_9119810765506369104_n.jpg?stp=c29.0.777.777a_cp0_dst-jpg_tt6&cstp=mx777x777&ctp=s40x40&_nc_cat=109&ccb=1-7&_nc_sid=2d3e12&_nc_ohc=1oiuRwxsFOIQ7kNvwFJCPDY&_nc_oc=AdpsDZ_kQQ7BmCuOrXlWB7GuQndCM1ivffczyJDFMrrBviLxLnV11HLpKe2TUMtSED4&_nc_zt=24&_nc_ht=scontent-iad6-1.xx&_nc_gid=dnEIMb3EZM3k3jsi5kkI-Q&_nc_ss=7c2a8&oh=00_AQB9NqWELKHnWnMmC1GesEdG1-JdDqXV6aYm74FZFaUscA&oe=6A6018B1","https://www.facebook.com/AkoCKimfanpage","1","418746038193681","TYPHOON SAFETY MEASURES
By George Nava True ll

Sa pagpasok ng super typhoon Pablo sa ating bansa, kailangan laging handa para maiwasan ang disgrasya. Narito ang ilang safety tips na dapat sundin upang makisiguro na walang problema.

Siguraduhin na meron kang sapat na tubig at pagkain kung sakaling bumaha at hindi ka makalabas ng bahay. Dahil malakas ang hangin at ulan na dulot ng bagyo, huwag isipin na laging bukas ang suopermarket o sari-sari store na malapit sa iyo.

Siguraduhin na matibay at mataas ang bahay mo laban sa malakas na hangin at baha. Kung delikado ang lugar mo, lumipat sa ibang bahay o pumunta sa pinakamalapit na evacuation center.

Para hindi mahirapan kung walang ilaw, make sure na gumagana ang flashlight mo at bumili ng baterya para dito. Pwede rin gumamit ng kandila pero huwag itong ilagay malapit sa bintana, kurtina o sa mga bagay na mada- ling masunog. Patayin ito kapag matutulog ka na.

Iwasan lumabas ng bahay kung may bagyo. Baka ka matamaan ng lumilipad na yero o live wire.

Kung kailangang lumabas, magsuot ng makapal na jacket at magdala ng payong para hindi ka mabasa at magkasakit. Gumamit din ng bota para hindi ka makaapak sa maduming tubig-baha.

Makinig ng balita para malaman ang kalagayan ng bagyo at makaiwas sa mga delikadong lugar.

Bumili ng maliit na radyo para may magamit ka kung sakaling walang kuryente. Pwede rin makinig ng balita sa cellphone but make sure na fully charged ito bago bumagyo.","67","67","12","1354648226000","https://www.facebook.com/photo.php?fbid=418746038193681&set=a.291476770920609&type=3"
"No photo description available.","472402639467596","photo","https://www.facebook.com/photo/?fbid=472402639467596&set=a.675538573947381","100044737320314","Tibok ng mga PuSo","https://scontent-iad3-2.xx.fbcdn.net/v/t39.30808-1/310055898_675538597280712_4199185549357695616_n.jpg?stp=cp0_dst-jpg_tt6&cstp=mx645x645&ctp=s40x40&_nc_cat=103&ccb=1-7&_nc_sid=2d3e12&_nc_ohc=OlNHAh3m0qMQ7kNvwE3ZxSb&_nc_oc=AdpCGY_4ALN58f7DJDvXA5OoU1APK3lv3AHI6X_QzBYcYBcKUB3ouysMYgilfSiwGkQ&_nc_zt=24&_nc_ht=scontent-iad3-2.xx&_nc_gid=dnEIMb3EZM3k3jsi5kkI-Q&_nc_ss=7c2a8&oh=00_AQBSmHiF1bQH6V8WmXFmh_EIFqqZrBAbKo-A0ecLOILB8w&oe=6A602B16","https://www.facebook.com/bastapusoangusapan","13","472402639467596","NEWS BREAK

43 patay, 9 nawawala sa flash flood sa ComVal — heneral
 
December 5, 2012 7:27am

 
Umabot na umano sa 43 ang kumpirmadong namatay, 25 ang sugatan, habang 9 naman ang patuloy pang pinaghahanap matapos rumagasa ang malakas na baha dala ng bagyong Pablo sa bayan ng New Bataan, Compostela Valley.

Ang siyam na nawawala ay mga sundalong sakay sa isang Army truck habang nagsasagawa ng rescue operations sa New Bataan, na matinding tinamaan ng bagyong Pablo.

""[Umaabot na] sa 43 ang accounted dead, 25 injured. Sa casualty ng sundalo nine ang missing, isa ang patay, isa ang injured,"" ayon kay Philippine Army 10th Infantry Division commander Major General Ariel Bernardo sa panayam ng dzBB nitong Miyerkules.

Ayon sa heneral, ang baha ay nagmula sa isang ""spring"" ng New Bataan, na kilala sa maraming waterfalls nito.

Pahirapan umano ang rescue operations dahil walang signal ang mga cellular sites sa lugar dahil na rin sa pagkawala ng kuryente sa buong Compostela Valley.

Sinabi ng opisyal na inaasahan nilang darating sa New Bataan nitong Miyerkules ang kanilang mga kagamitan at mga karagdagang rescuers para maipagpatuloy ang search and rescue operations. — 

SHARED BY MYRIN","93","93","40","1354672220000","https://www.facebook.com/photo.php?fbid=472402639467596&set=a.675538573947381&type=3"
,,,,"100003362383866","Gretchen Bautista Vidas","https://scontent-iad3-2.xx.fbcdn.net/v/t39.30808-1/662087140_26086314624397261_9214790693612932642_n.jpg?stp=cp0_dst-jpg_tt6&cstp=mx1365x1365&ctp=s40x40&_nc_cat=103&ccb=1-7&_nc_sid=1d2534&_nc_ohc=86UXr-gRCEYQ7kNvwHGoZ9-&_nc_oc=AdpyTdTV3kIAe7nQztnQcNkphUG32dxDNBxSyHnrLPFTRK3IyUm3R7NV9e0EZVN0uOE&_nc_zt=24&_nc_ht=scontent-iad3-2.xx&_nc_gid=dnEIMb3EZM3k3jsi5kkI-Q&_nc_ss=7c2a8&oh=00_AQASjSZps1u_AtEjma-ficH62q_Lz2qUo1_zvy-lgM6afw&oe=6A60207A","https://www.facebook.com/gretchenticketingservices","0","10151294465461473","Ang sa pagsabangan nga sapa kay taas na, ang asunci0n kay taga hawak na ang flo0d, paspas gyud magtaas ang dri sa pagsabangan hangtod sa la uni0n, baha jud day0n",,,"0","1354634795000","https://www.facebook.com/allan.rellon/posts/10151294465461473"
"No photo description available.","454090281292925","photo","https://www.facebook.com/photo/?fbid=454090281292925&set=a.193410029730221","100071836765893","Baha ka lang, Pinoy Kami","https://scontent-iad3-1.xx.fbcdn.net/v/t39.30808-1/307871368_193410053063552_3928856681465458841_n.png?stp=cp0_dst-png&cstp=mx500x500&ctp=s40x40&_nc_cat=110&ccb=1-7&_nc_sid=2d3e12&_nc_ohc=ITpO0eluTNAQ7kNvwGB7_TJ&_nc_oc=AdrJ59uLldswFzmLtsZiBRLbdUrc4SAdY-Kx87f1fJrb1wi2ZsNXxNKgn8zyALrYuvc&_nc_zt=24&_nc_ht=scontent-iad3-1.xx&_nc_gid=dnEIMb3EZM3k3jsi5kkI-Q&_nc_ss=7c2a8&oh=00_AQBiotXILAHvxdSZMaN7XO_ZrzKw4OIaoa4nuQxuRaVkSQ&oe=6A601956","https://www.facebook.com/BKLPK.AdmeenP","11","454090281292925","Nawawalang Ina ni Smugg xD


HireAdmin→University of Cute and Single ツ
Like→University of Cute and Single ツ

•|Paul Rosales II|•","29","29","3","1354677152000","https://www.facebook.com/photo.php?fbid=454090281292925&set=a.193410029730221&type=3"
"No photo description available.","453743021327651","photo","https://www.facebook.com/photo/?fbid=453743021327651&set=a.193410029730221","100071836765893","Baha ka lang, Pinoy Kami","https://scontent-iad3-1.xx.fbcdn.net/v/t39.30808-1/307871368_193410053063552_3928856681465458841_n.png?stp=cp0_dst-png&cstp=mx500x500&ctp=s40x40&_nc_cat=110&ccb=1-7&_nc_sid=2d3e12&_nc_ohc=ITpO0eluTNAQ7kNvwGB7_TJ&_nc_oc=AdrJ59uLldswFzmLtsZiBRLbdUrc4SAdY-Kx87f1fJrb1wi2ZsNXxNKgn8zyALrYuvc&_nc_zt=24&_nc_ht=scontent-iad3-1.xx&_nc_gid=u4zpXL1Z_qiE-qe4sQ46cw&_nc_ss=7c2a8&oh=00_AQA45HEur_483ua5l3elqJyY04AEUTjGIES4SEcP0Cmg8w&oe=6A601956","https://www.facebook.com/BKLPK.AdmeenP","4","453743021327651","Si Loonie xD Epic Face ! xD

HireAdmin→University of Cute and Single ツ
Like→University of Cute and Single ツ


•|Paul Rosales II|•","17","17","1","1354596529000","https://www.facebook.com/photo.php?fbid=453743021327651&set=a.193410029730221&type=3"
,,,,"100003362383866","Gretchen Bautista Vidas","https://scontent-iad3-2.xx.fbcdn.net/v/t39.30808-1/662087140_26086314624397261_9214790693612932642_n.jpg?stp=cp0_dst-jpg_tt6&cstp=mx1365x1365&ctp=s40x40&_nc_cat=103&ccb=1-7&_nc_sid=1d2534&_nc_ohc=86UXr-gRCEYQ7kNvwHGoZ9-&_nc_oc=AdpyTdTV3kIAe7nQztnQcNkphUG32dxDNBxSyHnrLPFTRK3IyUm3R7NV9e0EZVN0uOE&_nc_zt=24&_nc_ht=scontent-iad3-2.xx&_nc_gid=u4zpXL1Z_qiE-qe4sQ46cw&_nc_ss=7c2a8&oh=00_AQAXaLxxQcedLqZZgKyqqRz2AFUv85WfvMye3ui0qru75A&oe=6A60207A","https://www.facebook.com/gretchenticketingservices","0","10151294465091473","FORWARDED MESSAGE NOW LANG Paspas ang pagtaas sa baha sa asunci0n ug magsun0d gyud day0n nah sa pagsabangan, frnds kindly nform our fwnds @ pagsabangan ug padul0ng dri tagum 
nga leave der haws immediately!",,,"0","1354634780000","https://www.facebook.com/allan.rellon/posts/10151294465091473"
"No photo description available.","453736497994970","photo","https://www.facebook.com/photo/?fbid=453736497994970&set=a.193410029730221","100071836765893","Baha ka lang, Pinoy Kami","https://scontent-iad3-1.xx.fbcdn.net/v/t39.30808-1/307871368_193410053063552_3928856681465458841_n.png?stp=cp0_dst-png&cstp=mx500x500&ctp=s40x40&_nc_cat=110&ccb=1-7&_nc_sid=2d3e12&_nc_ohc=ITpO0eluTNAQ7kNvwGB7_TJ&_nc_oc=AdrJ59uLldswFzmLtsZiBRLbdUrc4SAdY-Kx87f1fJrb1wi2ZsNXxNKgn8zyALrYuvc&_nc_zt=24&_nc_ht=scontent-iad3-1.xx&_nc_gid=u4zpXL1Z_qiE-qe4sQ46cw&_nc_ss=7c2a8&oh=00_AQA45HEur_483ua5l3elqJyY04AEUTjGIES4SEcP0Cmg8w&oe=6A601956","https://www.facebook.com/BKLPK.AdmeenP","71","453736497994970","Anu Mas Maganda? Comment ! A or B .

HireAdmin→University of Cute and Single ツ
Like→University of Cute and Single ツ


•|Paul Rosales II|•","28","28","6","1354594680000","https://www.facebook.com/photo.php?fbid=453736497994970&set=a.193410029730221&type=3"
"No photo description available.","405100259559039","photo","https://www.facebook.com/photo/?fbid=405100259559039&set=a.462122675959066","100064840114389","Bagyo Baha Lindol atbp","https://scontent-iad3-1.xx.fbcdn.net/v/t39.30808-1/309114832_462122682625732_9046280945650065370_n.jpg?stp=c369.0.945.945a_cp0_dst-jpg_tt6&cstp=mx945x945&ctp=s40x40&_nc_cat=101&ccb=1-7&_nc_sid=2d3e12&_nc_ohc=5ItEz244B94Q7kNvwHN4DUe&_nc_oc=Adr7z16gpmnDB7PGQ0Twd2lgjGVSRMsbNmPH5ob0V3PnWHXIEfs60kQFu6dPKSoc3K8&_nc_zt=24&_nc_ht=scontent-iad3-1.xx&_nc_gid=u4zpXL1Z_qiE-qe4sQ46cw&_nc_ss=7c2a8&oh=00_AQC0asKqhizDr7rxDcJWXSEkF2rGcgA4uJlSoGq3rG7jSw&oe=6A600C5B","https://www.facebook.com/profile.php?id=100064840114389","0","405100259559039","Light rain over Metro Manila expected with Typhoon Pablo. Doppler radar image from Project Noah website at 12:02 p.m. today.",,"0","2","1354595274000","https://www.facebook.com/photo.php?fbid=405100259559039&set=a.462122675959066&type=3"
"No photo description available.","454160174619269","photo","https://www.facebook.com/photo/?fbid=454160174619269&set=a.193410029730221","100071836765893","Baha ka lang, Pinoy Kami","https://scontent-iad3-1.xx.fbcdn.net/v/t39.30808-1/307871368_193410053063552_3928856681465458841_n.png?stp=cp0_dst-png&cstp=mx500x500&ctp=s40x40&_nc_cat=110&ccb=1-7&_nc_sid=2d3e12&_nc_ohc=ITpO0eluTNAQ7kNvwGB7_TJ&_nc_oc=AdrJ59uLldswFzmLtsZiBRLbdUrc4SAdY-Kx87f1fJrb1wi2ZsNXxNKgn8zyALrYuvc&_nc_zt=24&_nc_ht=scontent-iad3-1.xx&_nc_gid=u4zpXL1Z_qiE-qe4sQ46cw&_nc_ss=7c2a8&oh=00_AQA45HEur_483ua5l3elqJyY04AEUTjGIES4SEcP0Cmg8w&oe=6A601956","https://www.facebook.com/BKLPK.AdmeenP","12","454160174619269","Tara Chat Tayo!!!! , Add Mo ko Accept Kita Agad <3
--> http://www.facebook.com/youhae <3","14","14","1","1354696788000","https://www.facebook.com/photo.php?fbid=454160174619269&set=a.193410029730221&type=3"
"No photo description available.","405050672897331","photo","https://www.facebook.com/photo/?fbid=405050672897331&set=a.462122675959066","100064840114389","Bagyo Baha Lindol atbp","https://scontent-iad3-1.xx.fbcdn.net/v/t39.30808-1/309114832_462122682625732_9046280945650065370_n.jpg?stp=c369.0.945.945a_cp0_dst-jpg_tt6&cstp=mx945x945&ctp=s40x40&_nc_cat=101&ccb=1-7&_nc_sid=2d3e12&_nc_ohc=5ItEz244B94Q7kNvwHN4DUe&_nc_oc=Adr7z16gpmnDB7PGQ0Twd2lgjGVSRMsbNmPH5ob0V3PnWHXIEfs60kQFu6dPKSoc3K8&_nc_zt=24&_nc_ht=scontent-iad3-1.xx&_nc_gid=u4zpXL1Z_qiE-qe4sQ46cw&_nc_ss=7c2a8&oh=00_AQC0asKqhizDr7rxDcJWXSEkF2rGcgA4uJlSoGq3rG7jSw&oe=6A600C5B","https://www.facebook.com/profile.php?id=100064840114389","0","405050672897331","As of 9:00 a.m. today, Typhoon Pablo by the Japan Meteorological Agency.",,"0","1","1354583908000","https://www.facebook.com/photo.php?fbid=405050672897331&set=a.462122675959066&type=3"
"No photo description available.","405098332892565","photo","https://www.facebook.com/photo/?fbid=405098332892565&set=a.462122675959066","100064840114389","Bagyo Baha Lindol atbp","https://scontent-iad3-1.xx.fbcdn.net/v/t39.30808-1/309114832_462122682625732_9046280945650065370_n.jpg?stp=c369.0.945.945a_cp0_dst-jpg_tt6&cstp=mx945x945&ctp=s40x40&_nc_cat=101&ccb=1-7&_nc_sid=2d3e12&_nc_ohc=5ItEz244B94Q7kNvwHN4DUe&_nc_oc=Adr7z16gpmnDB7PGQ0Twd2lgjGVSRMsbNmPH5ob0V3PnWHXIEfs60kQFu6dPKSoc3K8&_nc_zt=24&_nc_ht=scontent-iad3-1.xx&_nc_gid=d6r-dlY187wmU3ujTkllSw&_nc_ss=7c2a8&oh=00_AQAXNMO6Ap6bpjAiv3-uM0wiSJ8REJofB5gugnRuc9RbXg&oe=6A600C5B","https://www.facebook.com/profile.php?id=100064840114389","0","405098332892565","JMA image of Typhoon Pablo as of 11:00 a.m. today Manila time.","1","1","3","1354594846000","https://www.facebook.com/photo.php?fbid=405098332892565&set=a.462122675959066&type=3"
"No photo description available.","405059312896467","photo","https://www.facebook.com/photo/?fbid=405059312896467&set=a.462122675959066","100064840114389","Bagyo Baha Lindol atbp","https://scontent-iad3-1.xx.fbcdn.net/v/t39.30808-1/309114832_462122682625732_9046280945650065370_n.jpg?stp=c369.0.945.945a_cp0_dst-jpg_tt6&cstp=mx945x945&ctp=s40x40&_nc_cat=101&ccb=1-7&_nc_sid=2d3e12&_nc_ohc=5ItEz244B94Q7kNvwHN4DUe&_nc_oc=Adr7z16gpmnDB7PGQ0Twd2lgjGVSRMsbNmPH5ob0V3PnWHXIEfs60kQFu6dPKSoc3K8&_nc_zt=24&_nc_ht=scontent-iad3-1.xx&_nc_gid=d6r-dlY187wmU3ujTkllSw&_nc_ss=7c2a8&oh=00_AQAXNMO6Ap6bpjAiv3-uM0wiSJ8REJofB5gugnRuc9RbXg&oe=6A600C5B","https://www.facebook.com/profile.php?id=100064840114389","0","405059312896467","Typhoon Pablo as of 2 a.m. this morning December 4, 2012. From Weather Underground.",,"0","2","1354585654000","https://www.facebook.com/photo.php?fbid=405059312896467&set=a.462122675959066&type=3"
,,,,"348389881842374","Soldier's Heart","https://scontent-iad3-1.xx.fbcdn.net/v/t39.30808-1/308037708_148522724543316_3052288667174878454_n.jpg?stp=cp0_dst-jpg_tt6&cstp=mx480x480&ctp=s40x40&_nc_cat=110&ccb=1-7&_nc_sid=2d3e12&_nc_ohc=zV_PacPSgr8Q7kNvwE2bOZs&_nc_oc=Adqp2Mp-8txIQH-RN1FJb4Rhr98D-1vbdIIojFS0VVpTLfu-R9MjzMHL34OFl8ZfUZE&_nc_zt=24&_nc_ht=scontent-iad3-1.xx&_nc_gid=d6r-dlY187wmU3ujTkllSw&_nc_ss=7c2a8&oh=00_AQC2PEcUMp44w1z14DJ210X_ZK-wXe_7Ek7o6g3xZcW5nQ&oe=6A6022DE","https://www.facebook.com/profile.php?id=100081567665891","3","571410846217658","Umabot na umano sa 43 ang kumpirmadong namatay, 25 ang sugatan, habang siyam naman ang patuloy pang pinaghahanap matapos rumagasa ang malakas na baha dala ng bagyong Pablo sa bayan ng New Bataan, Compostela Valley.

Ang siyam na nawawala ay mga sundalong sakay sa isang Army truck habang nagsasagawa ng rescue operations sa New Bataan, na matinding tinamaan ng bagyong Pablo.
","17","17","3","1354667860000","https://www.facebook.com/permalink.php?story_fbid=571410846217658&id=348389881842374"
,,,,"100002837710704","Daisy Umpad","https://scontent-iad3-2.xx.fbcdn.net/v/t39.30808-1/456617590_7670346919736489_7967111564158273415_n.jpg?stp=c46.20.253.253a_cp0_dst-jpg_tt6&cstp=mx253x253&ctp=s40x40&_nc_cat=105&ccb=1-7&_nc_sid=1d2534&_nc_ohc=Kq22KSb7vTMQ7kNvwHlpsYz&_nc_oc=AdqznlKWZX8BZJIrmbVtJqkuQMyBqEWubHNUETR4jlGVqzK9XBd774fzbhpjDbc2QXk&_nc_zt=24&_nc_ht=scontent-iad3-2.xx&_nc_gid=d6r-dlY187wmU3ujTkllSw&_nc_ss=7c2a8&oh=00_AQBFrtQXVfTPPzeg-HvzMrteCihBgkPs52NqwSavhkNfqw&oe=6A6014FE","https://www.facebook.com/daisy.umpad","0","308195695951685","BAKIT KAYA HINDI KAYO GUMAWA NG BARKONG BAHAY PARA PAG MAY BAHA LULUTANG ANG BAHAY MO???...AT LEAST IT'S MUCH SAFETY IS IT...",,"0","0","1354615198000","https://www.facebook.com/daisy.umpad/posts/pfbid02Dv6kvmmfE2pjy49EuS6k7uiuGjWghHcF8NDoMbLvZb7NyWzPYJfyVFgU2QYKVgMl"
,,,,"100067181865799","Gising Kay Toto Causing","https://scontent-iad6-1.xx.fbcdn.net/v/t39.30808-1/309274933_431524095763649_5572378614552233326_n.jpg?stp=c24.0.1152.1152a_cp0_dst-jpg_tt6&cstp=mx1152x1152&ctp=s40x40&_nc_cat=106&ccb=1-7&_nc_sid=2d3e12&_nc_ohc=9r5h_MhMzxMQ7kNvwF4BeSS&_nc_oc=Adqeaqy1W4lpjdR7Uj-OZTD9RDqv3TqfUBgIjxMgV5yCgpYOoO2wV7BrjDqO-606z1g&_nc_zt=24&_nc_ht=scontent-iad6-1.xx&_nc_gid=d6r-dlY187wmU3ujTkllSw&_nc_ss=7c2a8&oh=00_AQBy8V3eeND6eL2adfXaREMhVGozREBRaUarKxvvPzinnQ&oe=6A60254F","https://www.facebook.com/profile.php?id=100067181865799","0","456595601063211","SA TUWING AAPRUBAHAN NILA ANG RH BILL, BAKIT NATATAON NA MAY BAHANG MALAKI AT BAGYO?

Noong unang pag-uusapan, ibinagsak ng langit ng Habagat na Bahay, walang pasok sa buong linggo.

Ngayong iniskedyul, ibinagsak din ng langit ang malaking baha at hangin ng Supertyphoon Pablo.

BAKIT KAYA?",,"0","0","1354715542000","https://www.facebook.com/permalink.php?story_fbid=pfbid0JGPNFf7bNDY9ZPFK7JjHGXQdHervQeq6CzSKGTU7nwUyYgf8mniSjrLi8ewGmiECl&id=100067181865799"
"No photo description available.","405054612896937","photo","https://www.facebook.com/photo/?fbid=405054612896937&set=a.462122675959066","100064840114389","Bagyo Baha Lindol atbp","https://scontent-iad3-1.xx.fbcdn.net/v/t39.30808-1/309114832_462122682625732_9046280945650065370_n.jpg?stp=c369.0.945.945a_cp0_dst-jpg_tt6&cstp=mx945x945&ctp=s40x40&_nc_cat=101&ccb=1-7&_nc_sid=2d3e12&_nc_ohc=5ItEz244B94Q7kNvwHN4DUe&_nc_oc=Adr7z16gpmnDB7PGQ0Twd2lgjGVSRMsbNmPH5ob0V3PnWHXIEfs60kQFu6dPKSoc3K8&_nc_zt=24&_nc_ht=scontent-iad3-1.xx&_nc_gid=HE-_NX54x_bdCO0D2KyfNw&_nc_ss=7c2a8&oh=00_AQAap1-u1hS5G3WvDrWrPxB5xj6HY4GEG3ALtjeZkndcKA&oe=6A600C5B","https://www.facebook.com/profile.php?id=100064840114389","0","405054612896937","Typhoon Pablo tracking, 5-day forecast, ensemble model from Weather Underground.",,"0","9","1354584780000","https://www.facebook.com/photo.php?fbid=405054612896937&set=a.462122675959066&type=3"
,,,,"100083584509138","Cooler tats Blog","https://scontent-iad6-1.xx.fbcdn.net/v/t39.30808-1/441409017_416250447837769_2194000877446432692_n.jpg?stp=cp0_dst-jpg_tt6&cstp=mx480x483&ctp=s40x40&_nc_cat=107&ccb=1-7&_nc_sid=2d3e12&_nc_ohc=piIsH5rEy64Q7kNvwFUjxC4&_nc_oc=AdrtOSS5ikKyW6zbr-DJXpODm_xRW3ODmXDVieroGXoipRdlSI1yOBpOPafihPCRYk8&_nc_zt=24&_nc_ht=scontent-iad6-1.xx&_nc_gid=HE-_NX54x_bdCO0D2KyfNw&_nc_ss=7c2a8&oh=00_AQD4qRWStaCxHrB3_C8bqGSGNjT1eR8DQ2_ByFDG-iZqdw&oe=6A603D2D","https://www.facebook.com/Tatsblogger","0","536353443043112","Baha, brownout, stranded dahil kay 'Pablo'
Written by Elmar Acol
Tuesday, 04 December 2012 16:08

Dalawa na ang kumpirmadong patay dahil sa pananalasa ng bagyong Pablo.

Sinabi ngayon National Disaster Risk Reduction and Management Council (NDRRMC) Executive Director Benito Ramos na kaninang tanghali lang ay kaniyang natanggap ang report mula sa Office of Civil Defense Region 11.

Kinilala ang nas
awi na si Erlinda Balate, 50, ng Davao Oriental.

Nabagsakan umano ang biktima ng natumbang puno ng niyog.

Patay din ang isang lalaking nakamotorsiklo nang matumbahan ng puno sa Misamis Oriental.

Kinilala ang biktima na si Jeger Gumunit, 30, ng Panaon, Misamis Oriental.

Patuloy pang inaalam ng NDRRMC kung may casualties naman sa nangyaring landslide sa Compostela Valley matapos napaulat na isang bahay ang natabunan ng gumuhong lupa.

Muli namang nagbabala ang Provincial Disaster Risk Reduction and Management Council (PDRRMC) sa lahat ng mga residente na iwasan muna ang pagbiyahe.

Ito'y matapos maraming mga tulay ang nag-overflow habang patuloy din ang pagtaas ng tubig-baha.

Ayon kay Teddy Sabugaa ng PDRRMC, nag-overflow na ang spill-way sa Balingasag Misamis Oriental, tumaas na rin ang tubig ng Molugan highway at hindi na passable.

Marami ring malalaking mall sa syudad ang nagsara bunsod ng walang tigil na pag-ulan at malakas na ihip ng hangin.

Nag-panic buying naman ang ilang mga residente sa mga pagkain, tubig at gasolina.

Napag-alaman na maraming mga residente ang nabahala at nag-panic dahil sa malakas na hangin kung saan maraming mga bubungan ng kanilang mga bahay ang lumipad at may mga kahoy din na natumba.

Tumaas din ang tubig ng dalawang malaking ilog dito sa lungsod, ang Cagayan de Oro at Iponan river.

Sa El Salvador City, nakatanggap ng report ang Bombo Radyo na tatlong bahay ang tinamaan ng buhawi kung saan patuloy pang inaalam ngayon ng PDRRMC kung may nasaktan o casualty.

Samantala sa Bukidnon, maraming mga residente ang nagsabing umapaw ang tubig-baha sa kanilang mga ilog partikular sa Libona at Cabanglasan.

Nakaranas din ng matinding pag-ulan at hangin ang mga residente kung kaya't simula kaninang umaga ay nawalan na sila ng koryente.

Mahigit naman 50,000 residente na sa Cagayan de Oro at mga barangay na sakop sa Misamis Oriental ang nasa evacuation centers.

Marami sa mga barangay ng syudad ang nakaranas ng total power black out.

Naramdaman na rin sa lalawigan ng Cebu ang hagupit ng bagyong Pablo.

Ilang mga residente ng southern part sa probinsiya ng Cebu ang nag-evacuate na dahil sa naranasang mga pag-ulan, malakas na hangin at ang mataas na alon sa dagat.

Pansamantalang pinutol ng Visayan Electric Company ang suplay ng koryente ng Talisay City dahil sa malakas na hangin, habang inutos naman ni Lapu-Lapu Mayor Paz Radaza ang forced evacuation sa mga tao na nakatira sa flashflood at landslide prone areas.

Samantala, nagdeklara na ng suspensyon sa trabaho ang Lapu-Lapu City at Mandaue City sa mga tanggapan ng gobyerno maliban na lang sa mga emergency personnel na naka-heightened alert status dahil sa paghagupit ng bagyong Pablo.

Una rito, sinuspendi ni Cebu City Mayor Micheal Rama at Cebu Governor Gwendolyn Garcia ang pasok sa lahat ng antas ng paaralan sa buong lalawigan ng Cebu upang maiwasan ang sakuna at hindi malagay sa peligro ang buhay ng mga estudyante.

Umabot naman sa 143 na mga pasaheros at 77 na mga sasakyang pandagat ang stranded sa mga pantalan sa Southern Leyte dahil sa sama ng panahon dulot ni bagyong Pablo.

Sa nakuhang impormasyon ng Bombo Radyo Tacloban kay Petty Officer 1st Class, Romulo Alob ng Coast Guard Detachment Lilioan, napag-alaman na umabot sa tatlo ang stranded sa mga ferry terminal, isang fishing boat, 10 motor boats at 10 rolling cargoes sa Liloan, port area kung saan tinatayang nasa 38 na mga pasaheros ang stranded.

Sa Benit, San Ricardo, Southern, Leyte naman umabot sa 105 na mga pasaheros ang na-stranded at 53 na mga rolling cargoes.

Samantala sa kabila ng mahinang ulan sa Southern, Leyte, hindi pa rin nagkumpiyansa ang Provincial Disaster Risk Reduction and Management Council (PDRRMC) dahil sa pangamba na magkaroon ng landslides sa St. Bernard, Southern, Leyte partikular ang Barangay Guin-saugon.

Umabot naman sa 1,257 ang isinailalim sa pre-emptive evacuation sa St. Bernard, Southern Leyte.

Normal naman ang operasyon ng lahat ng mga flights dito sa lungsod ng Tacloban maliban lamang sa Tacloban to Cebu, vice versa, via Cebu Pacific flight.

Iniulat naman ni Philippine Coast Guard (PCG) spokesman Lt. Cmdr. Armand Balilo, bumaba na ang ang bilang ng mga stranded passengers ay dahil sa karamihan sa mga ito ay nagpasya na lamang na magsiuwian sa kanilang mga tahanan.

Hindi rin aniya makakabiyahe ang mga ito dahil sa hindi pa pinapayagang maglakbay ang anumang uri ng sasakyang dagat dahil sa bagyo.

Sa datos ng PCG, umaabot sa 2,960 ang kabuuang bilang ng pasahero ang kanilang naitala, 267 rolling cargoes, 132 vessel, 61 motorbanca, at 10 naman ang nag-take shelter.

Patuloy naman ang paalala ng PCG sa mga mangingisda na huwag munang pumalaot habang ang mga pasahero at mga sasakyan ay pinayuhan naman na iwasan na lamang pagtungo sa mga pantalan upang hindi na makadagdag pa sa bilang ng mga stranded na pasahero.",,"0","1","1354618740000","https://www.facebook.com/Tatsblogger/posts/pfbid0UR2da38qHBkGmwdMmbVFQzDyuMNUvQd65xXpNVVD3RVoDCPrkPaKBbK9hPZBxmd3l"
,,,,"100064615666947","Bandila","https://scontent-iad6-1.xx.fbcdn.net/v/t39.30808-1/352524397_6551217134899673_7148408169278467741_n.jpg?stp=cp0_dst-jpg_tt6&cstp=mx960x960&ctp=s40x40&_nc_cat=109&ccb=1-7&_nc_sid=2d3e12&_nc_ohc=3pYTKcJDQqMQ7kNvwHZC4I0&_nc_oc=Adp9UFCpa1sUs6rXnswTLfy6Ol7uKhJQOJs5B92rHx9F3zXIr3urQdJ378SEf6xk25o&_nc_zt=24&_nc_ht=scontent-iad6-1.xx&_nc_gid=HE-_NX54x_bdCO0D2KyfNw&_nc_ss=7c2a8&oh=00_AQA5JSgLu4YY1Z55XT3KgX6qIO3yTWEeDGYAjoYh8CCvqw&oe=6A603374","https://www.facebook.com/Bandila.OFFICIAL","8","10151285596947661","NGAYON SA #Bandila Daan-daang apektado ng baha at landslide sa New Bataan, pansamantalang sumisilong sa gymnasium","16","16","0","1354718592000","https://www.facebook.com/Bandila.OFFICIAL/posts/pfbid02phf6SMkW6zEW6cvbYfpKjbEhDD15WYoCGSP5y6YQSmKbNDAuhFSyCUUHHUhpGp8ol"
,,,,"100064926720554","Disaster Information Service - Philippines","https://scontent-iad3-1.xx.fbcdn.net/v/t39.30808-1/313198148_499379358902951_88691280234451512_n.jpg?stp=cp0_dst-jpg_tt6&cstp=mx882x882&ctp=s40x40&_nc_cat=110&ccb=1-7&_nc_sid=2d3e12&_nc_ohc=Ioj-oV5VRBkQ7kNvwGf-FvP&_nc_oc=Adrx_KfHXD0jdicE-6oNMESkBaU3Dkzfa-v2SgUNs6IR_X2UciGdSsWu8hCGvsKgO2s&_nc_zt=24&_nc_ht=scontent-iad3-1.xx&_nc_gid=HE-_NX54x_bdCO0D2KyfNw&_nc_ss=7c2a8&oh=00_AQCQlw_x3N0HzA_mrXIhvpdCDmUJnpKVB63Yrv98xDdWfw&oe=6A602831","https://www.facebook.com/dis.pia.gov.ph","0","441044515944250","DZIQ: Hindi pa makumpirma ni NDRRMC Exec Dir Benito Ramos ang ulat kaugnay pagkatangay sa baha ng isang truck na may sakay na mahigit na 20 katao sa New Bataan, Compostela Valley. Samantala, sinabi naman ng commander ng Disaster Response Task group ng AFP Mindanao Command na natanggap din nila ang ulat na may isang sundalong sakay ng truck ang namatay samantalang isang army official naman ang nasugatan.",,"0","0","1354615740000","https://www.facebook.com/dis.pia.gov.ph/posts/pfbid02L7Qow3rZjnWWWPewbi9ufrCuMqcTqgAo1hsGnbFjQLyTqDUdEraw7SJcKqa8n5tcl"
,,,,"100003362383866","Gretchen Bautista Vidas","https://scontent-iad3-2.xx.fbcdn.net/v/t39.30808-1/662087140_26086314624397261_9214790693612932642_n.jpg?stp=cp0_dst-jpg_tt6&cstp=mx1365x1365&ctp=s24x24&_nc_cat=103&ccb=1-7&_nc_sid=1d2534&_nc_ohc=86UXr-gRCEYQ7kNvwHGoZ9-&_nc_oc=AdpyTdTV3kIAe7nQztnQcNkphUG32dxDNBxSyHnrLPFTRK3IyUm3R7NV9e0EZVN0uOE&_nc_zt=24&_nc_ht=scontent-iad3-2.xx&_nc_gid=HE-_NX54x_bdCO0D2KyfNw&_nc_ss=7c2a8&oh=00_AQCNkMQJEWreYaKVUYVBCZwbqrtmG7FhcionqxbgLYhY-w&oe=6A60207A","https://www.facebook.com/gretchenticketingservices","0","560824450610432","FORWARDED MESSAGE NOW LANG :::Paspas ang pagtaas sa baha sa asunci0n ug magsun0d gyud day0n nah sa pagsabangan, frnds kindly nform our fwnds @ pagsabangan ug padul0ng dri tagum nga leave der haws immediately!",,"0","0","1354632565000","https://www.facebook.com/groups/196879530338261/permalink/560824450610432/"
,,,,"100004106505816","Alzon Rodolfo","https://scontent-iad6-1.xx.fbcdn.net/v/t39.30808-1/450335618_3500750876738428_5690046055112530661_n.jpg?stp=c45.45.568.568a_cp0_dst-jpg_tt6&cstp=mx568x568&ctp=s40x40&_nc_cat=100&ccb=1-7&_nc_sid=e99d92&_nc_ohc=m2wZj_6zZgIQ7kNvwH9q-0f&_nc_oc=AdowFeyQdQohaVD2bjK0KXVwgivdKIPsqmzUdmnEwKhbFvgv0qtGmZej4vxG1GsTRzs&_nc_zt=24&_nc_ht=scontent-iad6-1.xx&_nc_gid=HE-_NX54x_bdCO0D2KyfNw&_nc_ss=7c2a8&oh=00_AQBOzFRRd0F_z2h048HzUXKzaKIya6k0YAN_dUvHPQnR1w&oe=6A601218","https://www.facebook.com/profile.php?id=100004106505816","0","174178716062344","Kawawa naman ang mga napinsala ng bagyong Pablo. Kawawa naman ang mga namatay sa bagyong Pablo. Marunong din yoong bagyong Pablo na yan. Ang pinuntirya niyang salantain ay ang Visayas at Mindanao. Pero kung sa Metro Manila siya bumanat at magtangkang maminsala at pumatay ng maraming tao. Sinisiguro ko na hindi siya magtatagumpay. Bihasa yata at eksperto yata ako sa pagtataboy ng malalakas na bagyo at magpahinto ng malalakas na ulan. Yoong ' Hangin Habagat nga dati hindi nakaporma sa lugar ko at teritoryo ko. Hindi niya nagawang magbuhos ng napakalakas na ulan para pabahain kami ng todo todo. Tablado siya kaya dahil napahiya siya, sa ibang lugar siya nagpabaha ng todo. Dahil alam niya sa mga lugar na iyon walang taong katulad ko na kayang magpahinto ng malakas na ulajn. Dapat siguro mag training sa akin ang mga taga Local Government Unit at mga NDRRCC para ma train ko sila kung paano labanan ang ganitong klaseng bagyo na malakas. Eh kung marami lang akong pera di sana pumunta na ako sa Visayas at Mindanao kung saan mag la land fall yang bagyong Pablo na yan ng sa ganoon ay mawasak ko ang bagyong ito at hindi na makapaminsala pa. Saka kung pupunta naman ako sa mga LGU at sa NDRCC at sabihin kong tutulungan ko sila na itaboy ang malakas na bagyong Pablo at pahintuin ang malalakas nitong ulan baka hindi naman sila maniwala sa akin, huwag na lang. Noon nga noong hindi ko pa nadidiskubre na may powers pala akong itaboy ang malakas na bagyo at pahintuin ang malalakas na ulan bugbog sarado din ang lugar ko sa malakas na ulan at baha. Pero nang madiskubre ko na may powers pala ako para magtaboy ng malalalakas na bagyo at ulan hindi na makaporma yang malalakas na bagyo na yan at ulan. Kaya yang mga malalakas na bagyo na yan pinag pa praktisan ko lang mga yan, laruan ko lang mga yan. Hindi makaporma sa akin ang mga bagyong iyan. Actually , hindi naman Diyos ang mga likha ng malalakas na bagyo na yan, yan ay work of the evil spirits para patayin ang mga tao at manira ng mga ari arian. Kung dito dumiretso sa Metro Manila yang bagyong Pablo na yan mapapahiya na naman sa akin ang bagyo na yan. Hindi ko siya papopormahin pa. Kaya ba niya ang powers namin ni LORD Jesus Christ. Hindi! Si Jesus ay dumating sa mundong ito at namatay at muling nabuhay para wasakin ang gawa ng mga dimonyo at kadiliman. Nagpunta Siya sa mudong ito para magdala ng kapayapaan, tagumpay, buhay na walang hanggan at liwanag. At lahat ng nasa dilim ay dapat na dalhin sa liwanag.",,,"0","1354685134000","https://www.facebook.com/permalink.php?story_fbid=pfbid02qhsDUP2NvU8SnY2hDoJ3FeQtg5EzKpxae713uiodsz6QkS1XfC7h4Mviq93pLfvCl&id=100004106505816"
,,,,"100064458593664","PHLRC Riders","https://scontent-iad3-2.xx.fbcdn.net/v/t39.30808-1/498234248_1078747727617170_7531220253892465575_n.jpg?stp=c90.300.539.539a_cp0_dst-jpg_tt6&cstp=mx539x539&ctp=s40x40&_nc_cat=105&ccb=1-7&_nc_sid=2d3e12&_nc_ohc=r43jYYAjsQoQ7kNvwHm9fJL&_nc_oc=AdqwgclgQtqz07xtkJEImw_NL7fe5w6bsQnzGJyieeZmQQah_Xn5o_-MplKRRh3w8N8&_nc_zt=24&_nc_ht=scontent-iad3-2.xx&_nc_gid=ka4YMwC_UvEY1MV8wzcZuw&_nc_ss=7c2a8&oh=00_AQDAQ3Uf3184afGUKvkYyZAy7eqgf_WUnvLbo8JNzMu8nA&oe=6A601805","https://www.facebook.com/PHLRC2022","17","382320068522922","(Breaking news) Mahigit 30 patay narekober sa ComVal; marami pa missing - report

Mahigit sa 30 mga bangkay na ang narekober at dinala sa gym ng Brgy. Andap, New Bataan, Compostela Valley province matapos ang nangyaring flashflood dahil sa bagyong Pablo.

Sinasabing karamihan sa mga biktima ay naging biktima ng flashflood kung saan rumagasa ang tubig-baha na may mga dalang mga troso.

Ang iba sa mga ito ay mga bata at matatanda.

Pahirapan din ang daan patungo sa lugar dahil sa maputik.

Sinasabing maraming bilang pa ng patay ang hindi pa nakukuha.

Kasama rin sa mga biktima ay mga sundalo.","32","32","25","1354623770000","https://www.facebook.com/PHLRC2022/posts/pfbid02qYoW8o2Bi7u43atUfvQXzM22R5Uz5VEfqLgTwvCUEtqMhbugq8m8atF6Bd1pLDxxl"
,,,,"100044567640415","Martin Andanar","https://scontent-iad3-1.xx.fbcdn.net/v/t39.30808-1/449628475_1034715451357367_4038666464946520067_n.jpg?stp=cp0_dst-jpg_tt6&cstp=mx960x960&ctp=s40x40&_nc_cat=110&ccb=1-7&_nc_sid=2d3e12&_nc_ohc=Yzx-N6pmSm4Q7kNvwEfmCJG&_nc_oc=Adpy-nX5Vq39Mj74V8QXxiMaZFpFjVOw9Ub-_Ljgx_WJVA7ttp4SUoCIzAKvzmM5Pts&_nc_zt=24&_nc_ht=scontent-iad3-1.xx&_nc_gid=ka4YMwC_UvEY1MV8wzcZuw&_nc_ss=7c2a8&oh=00_AQA0V3EGNocovQoaaZWafnjzpxqGSmbsPtx7Gv6t1PswXA&oe=6A6033DB","https://www.facebook.com/martinmandanar","0","554278671255532","Cagayan De Oro na sinalanta noon nni Bagyong Sendong, nalubog ulit sa baha! Mga tulay naputol! Mga motorista, stranded!-Andar sa AksyonTV-12/5/12","4","4","0","1354718082000","https://www.facebook.com/martinmandanar/posts/pfbid0aByadcucb7QoGgQ1eTEb6F4z7BywqjAwWYkN7E8oH1Hf39iVTEsSXNfeaPHf4TB9l"
"No photo description available.","446004755454727","photo","https://www.facebook.com/photo/?fbid=446004755454727&set=a.301187534966105","100052245828583","Pinoy  Bestfriend","https://scontent-iad3-2.xx.fbcdn.net/v/t1.6435-1/121151516_3363150723740101_5994652740358334763_n.jpg?stp=cp0_dst-jpg_tt6&cstp=mx850x849&ctp=s40x40&_nc_cat=111&ccb=1-7&_nc_sid=2d3e12&_nc_ohc=ADhaLHwaXaQQ7kNvwEFSwva&_nc_oc=AdoP6vc6dpy9spGQtS8UPJwlbNXI8BknipHwvlJVwW1fqxue73dRoSOksCLEXaVF2cY&_nc_zt=24&_nc_ht=scontent-iad3-2.xx&_nc_gid=ka4YMwC_UvEY1MV8wzcZuw&_nc_ss=7c2a8&oh=00_AQBGfxp92ys3HHpeR3jo4HIkkhD-4czLIOpvUwikXopCCg&oe=6A81DFB2","https://www.facebook.com/pinoybestfriendglobal","7","446004755454727","'May dumagundong, flashflood na pala'
 
Kanya kanya ng mga kuwento ang mga residenteng nakaligtas sa nangyaring flashflood sa New Bataan sa Compostela Valley province na dala ng bagyong Pablo.
 
Sa kwento sa Bombo Radyo ni Emmanuel Mahilo, 44
, ng Purok 5, Brgy. Poblacion, New Bataan, sinabi nito na dakong alas-4:00 ng madaling araw kahapon nang maramdaman nila ang malakas na hangin at ulan.
 
Pagdating umano ng alas-6:00 ng umaga ay tumindi pa ang lakas ng hangin hanggang sa liparin na ang bubong na yero ng kanilang bahay.
 
Sinabayan ito ng mabilis na pagtaas ng tubig-baha dala ang napakakapal na putik hanggang pagsapit ng alas-9:00 ng umaga ay lampas tao na ang taas ng baha.
 
Liban sa kanyang bahay na na-washout at walang natirang gamit, tatlo pang katabing bahay nila ang sinira rin ng rumagasang baha.
 
""Walang natira sa bahay namin. Na-washout,"" ani Mahilo. ""Mabilis ang pagtaas ng tubig. Malakas ang hangin. 'Yong ibang bahay itinumba. Pata mga puno ng niyog at mga sinaunang punongkahoy.""
 
Ayon naman kay Ramon Pesadilla, residente ng Purok 7, napakalas umano ng hangin kung saan habang lumilikas sila ay ginamit nila ang lubid at naghawak hawak.
 
Nakita pa umano ni Pesadiila kung paano natumbahan ng puno ang kanya kapitbahay.
 
Ibinahagi rin ni Gildo Gabato, residente ng Purol 1, na nakarinig sila ng sobrang malakas na dagundong na hindi nila akalain ay flashflood na pala.
 
Sa ulat naman mula sa site ni Bombo Rado Allohado, sinabi nito na nakakaawa ang lugar na dinaanan ng bagyo kung saan winasak ang mga bahay ng baha ang mga nakatira sa lugar pa lamang ng Purok 1, Purok 4, Purok 7, Purok 6, Purok 8, Purok 14, Purok 17, Purok 18, sa Barangay Poblacion.
 
Nabanggit naman ni Mahilo na sa tagal na panahon nila na paninirahan sa ComVal, pati ang kanyang ina na 72-anyos ay ngayon lamang sila binagyo.
 
Minsan umano ay nakakaranas ila ng baha pero ang nakakagulat umano ay may kasamang bagyo.
 
Hindi naman aniya kalbo ang kanilang kabundukan kundi umapaw ang mga ilog na siyang rumagasa na may halong mga putik.
 
Suwerte umano na nakalikas ang kanyang mag-anak, habang siya naman ay nagpaiwan sa kanilang bahay hanggang gabi sa pagtila ng ulan.
 
Inamin din nito na Lunes pa lamang ay merong na ring abiso na lumikas sila para sa preemptive evacuation kaya ang iba nilang kabarangay ay nasa gym na.
 
Nang makapanayam ng Bombo Radyo si Mahilo ay hindi pa raw siya kumakain at nagtamo pa ito ng sugat sa paa dahil sa tumamang yero.
 
Namamaga rin ito dahil sa sugat mula sa naapakang pako.
 
Si Pesadilla naman na kahit nawalan ng bahay ay nagpapasalamat pa rin at buhay siya.
 

*dachi*","17","17","15","1354699951000","https://www.facebook.com/photo.php?fbid=446004755454727&set=a.301187534966105&type=3"
,,,,"100064458593664","PHLRC Riders","https://scontent-iad3-2.xx.fbcdn.net/v/t39.30808-1/498234248_1078747727617170_7531220253892465575_n.jpg?stp=c90.300.539.539a_cp0_dst-jpg_tt6&cstp=mx539x539&ctp=s40x40&_nc_cat=105&ccb=1-7&_nc_sid=2d3e12&_nc_ohc=r43jYYAjsQoQ7kNvwHm9fJL&_nc_oc=AdqwgclgQtqz07xtkJEImw_NL7fe5w6bsQnzGJyieeZmQQah_Xn5o_-MplKRRh3w8N8&_nc_zt=24&_nc_ht=scontent-iad3-2.xx&_nc_gid=ka4YMwC_UvEY1MV8wzcZuw&_nc_ss=7c2a8&oh=00_AQDAQ3Uf3184afGUKvkYyZAy7eqgf_WUnvLbo8JNzMu8nA&oe=6A601805","https://www.facebook.com/PHLRC2022","2","382266478528281","Baha, brownout, stranded dahil kay 'Pablo'

Dalawa na ang kumpirmadong patay sa pananalasa ng bagyong Pablo.

Sinabi ngayon National Disaster Risk Reduction and Management Council (NDRRMC) Executive Director Benito Ramos na kaninang tanghali lang ay kaniyang natanggap ang report mula sa Office of Civil Defense Region 11.

Kinilala ang nasawi na si Erlinda Balate, 50, ng Davao Oriental.

Nabagsakan umano ang biktima ng natumbang puno ng niyog.

Patay din ang isang lalaking nakamotorsiklo nang matumbahan ng puno sa Misamis Oriental.

Kinilala ang biktima na si Jeger Gumunit, 30, ng Panaon, Misamis Oriental.

Patuloy pang inaalam ng NDRRMC kung may casualties naman sa nangyaring landslide sa Compostela Valley matapos napaulat na isang bahay ang natabunan ng gumuhong lupa.

Muli namang nagbabala ang Provincial Disaster Risk Reduction and Management Council (PDRRMC) sa lahat ng mga residente na iwasan muna ang pagbiyahe.

Ito'y matapos maraming mga tulay ang nag-overflow habang patuloy din ang pagtaas ng tubig-baha.

Ayon kay Teddy Sabugaa ng PDRRMC, nag-overflow na ang spill-way sa Balingasag Misamis Oriental, tumaas na rin ang tubig ng Molugan highway at hindi na passable.

Marami ring malalaking mall sa syudad ang nagsara bunsod ng walang tigil na pag-ulan at malakas na ihip ng hangin.

Nag-panic buying naman ang ilang mga residente sa mga pagkain, tubig at gasolina.

Napag-alaman na maraming mga residente ang nabahala at nag-panic dahil sa malakas na hangin kung saan maraming mga bubungan ng kanilang mga bahay ang lumipad at may mga kahoy din na natumba.

Tumaas din ang tubig ng dalawang malaking ilog dito sa lungsod, ang Cagayan de Oro at Iponan river.

Sa El Salvador City, nakatanggap ng report ang Bombo Radyo na tatlong bahay ang tinamaan ng buhawi kung saan patuloy pang inaalam ngayon ng PDRRMC kung may nasaktan o casualty.

Samantala sa Bukidnon, maraming mga residente ang nagsabing umapaw ang tubig-baha sa kanilang mga ilog partikular sa Libona at Cabanglasan.

Nakaranas din ng matinding pag-ulan at hangin ang mga residente kung kaya't simula kaninang umaga ay nawalan na sila ng koryente.

Mahigit naman 50,000 residente na sa Cagayan de Oro at mga barangay na sakop sa Misamis Oriental ang nasa evacuation centers.

Marami sa mga barangay ng syudad ang nakaranas ng total power black out.

Naramdaman na rin sa lalawigan ng Cebu ang hagupit ng bagyong Pablo.

Ilang mga residente ng southern part sa probinsiya ng Cebu ang nag-evacuate na dahil sa naranasang mga pag-ulan, malakas na hangin at ang mataas na alon sa dagat.

Pansamantalang pinutol ng Visayan Electric Company ang suplay ng koryente ng Talisay City dahil sa malakas na hangin, habang inutos naman ni Lapu-Lapu Mayor Paz Radaza ang forced evacuation sa mga tao na nakatira sa flashflood at landslide prone areas.

Samantala, nagdeklara na ng suspensyon sa trabaho ang Lapu-Lapu City at Mandaue City sa mga tanggapan ng gobyerno maliban na lang sa mga emergency personnel na naka-heightened alert status dahil sa paghagupit ng bagyong Pablo.

Una rito, sinuspendi ni Cebu City Mayor Micheal Rama at Cebu Governor Gwendolyn Garcia ang pasok sa lahat ng antas ng paaralan sa buong lalawigan ng Cebu upang maiwasan ang sakuna at hindi malagay sa peligro ang buhay ng mga estudyante.","5","5","1","1354609422000","https://www.facebook.com/PHLRC2022/posts/pfbid02vcU74Xs4FkfNSbWw9hVqcxv1dJuUbYLcCFUnBLk4Zqg1A6tujNtSXhmcYeZ47VoSl"
,,,,"100064458593664","PHLRC Riders","https://scontent-iad3-2.xx.fbcdn.net/v/t39.30808-1/498234248_1078747727617170_7531220253892465575_n.jpg?stp=c90.300.539.539a_cp0_dst-jpg_tt6&cstp=mx539x539&ctp=s40x40&_nc_cat=105&ccb=1-7&_nc_sid=2d3e12&_nc_ohc=r43jYYAjsQoQ7kNvwHm9fJL&_nc_oc=AdqwgclgQtqz07xtkJEImw_NL7fe5w6bsQnzGJyieeZmQQah_Xn5o_-MplKRRh3w8N8&_nc_zt=24&_nc_ht=scontent-iad3-2.xx&_nc_gid=ka4YMwC_UvEY1MV8wzcZuw&_nc_ss=7c2a8&oh=00_AQDAQ3Uf3184afGUKvkYyZAy7eqgf_WUnvLbo8JNzMu8nA&oe=6A601805","https://www.facebook.com/PHLRC2022","3","382354355186160","43 na patay sa ComVal dahil sa bagyong Pablo

(Update) DAVAO CITY - Umakyat na sa 43 ang kumpirmadong patay sa nangyaring flashflood sa Compostella Valley Province dahil sa bagyong Pablo na ngayon ay dinala na sa gym ng Brgy. Andap, New Bataan, sa nasabing probinsya.

Ayon kay Lt. Lyndon Panisa, spokesman ng 10th IB Philippine Army, karamihan sa mga naging biktima ng flashflood ay namatay dahil sa pagkalunod at natabunan ng rumagasang tubig-baha na may mga troso.

Sinabi pa ni Panisa, posibleng tataas pa ang bilang ng mga nasawi dahil hindi pa nila nagalugad nang mabuti ang pinangyarihan naman ng pagguho ng lupa.

Maliban sa bilang ng mga namatay, umabot din sa 23 ang sugatan.

Sa ngayon pahirapan ang daan patungo sa lugar dahil sa maputik maliban pa sa kawalan ng suplay ng koryente sa lugar.

Ipagpapatuloy naman bukas ang gagawing search and rescue operations sa Brgy. Andap, New Bataan, Compostela Valley.

Una rito, nilinaw ng 10th Infantry Battalion (IB) na dahil sa pagtama ng buhawi ang dahilan sa pagkamatay ng isang sundalo, isang opisyal na sugatan at mahigit 20 bilang ang missing.

Sinabi sa Bombo Radyo Davao ni Lt. Lyndon Panisa, spokesman ng 10th IB Phil. Army, tinamaan umano ng malakas na buhawi ang headquarters ng 66th IB na nasa harap lamang ng munisipyo sa Brgy. Andap, New Bataan, ComVal province.

Ang ilang mga sundalo ay unaccounted pa matapos anurin sila ng flashflood.

Una rito, lumabas ang report na nakatanggap ng impormasyon si ComVal province Gov. Arturo Uy na isang residente ang nagsabi na nakita niya ang six-by-six-truck na inanod ng tubig-baha.

Iniulat naman ni Balisa na ang namatay ay isang sarhento na hindi muna pinangalanan, habang sugatan ang isang Lt. Zialcita matapos tangayin ng baha.

Sa impormasyon namang nakarating kay NDRRMC Executive Director Benito Ramos, hindi nila ma-contact ang may dalawang platoon ng mga sundalo sa New Bataan.

Ang dalawang platoon ay binubuo ng mahigit sa 60 mga sundalo.

Umaasa siya na dahil lamang sa problema sa kuminikasyon kung kaya't 'di ma-contact ang mga ito.","13","13","8","1354629614000","https://www.facebook.com/PHLRC2022/posts/pfbid02ykjrxnWuhdTAxJRQMfitfjtGEwfdaZbDBEWGtYd4V6mPhnSpZ8j8v7ywPMMNCPQFl"
,,,,"100000521170542","Sonny A Alarcon","https://scontent-iad3-1.xx.fbcdn.net/v/t39.30808-1/541421038_25005726102361417_3150182988163507152_n.jpg?stp=cp0_dst-jpg_tt6&cstp=mx1024x1029&ctp=s24x24&_nc_cat=104&ccb=1-7&_nc_sid=1d2534&_nc_ohc=Nz_JaYkvS7QQ7kNvwGSdw0Y&_nc_oc=AdqTOdO0ffDoCvcqVMVHa1VmvHy6-vP91ox2EpWOiGQRpTlZWSM_fUTJmy5kW4GpOSg&_nc_zt=24&_nc_ht=scontent-iad3-1.xx&_nc_gid=eGZvXbF2xstlINeLeO17CQ&_nc_ss=7c2a8&oh=00_AQDA7HEDinMcC_oTrRzYCK-TFFGOD35KOocXj43qcddHTQ&oe=6A601F6B","https://www.facebook.com/silence.sniper.7","6","390024824410143","Breaking News:

UMAKYAT na sa 83 katao ang naitatalang namatay sa pananalasa ng bagyong Pablo sa Mindanao, partikular sa Bgy. Andap, New Bataan, Compostela Valley province.
 
Nauna nang narekober ang mahigit 30 bangkay na agad dinala sa gym ng Brgy. Andap, matapos ang flashflood dahil sa bagyong Pablo.
 
Karamihan sa mga biktima ay dahil sa flashflood nang umapaw ang isang ilog sa nasabing lugar na sinabayan pa ng pagragasa ng tubig-baha na may mga dalang troso.
 
Kabilang sa mga biktima ay mga sundalo, mga bata at mga matatanda.
 
Kasalukuyan nang nasa lugar ang mga rescue team na kinabibilangan ng operatiba mula sa PCG, PA at PNP.","9","9","0","1354680100000","https://www.facebook.com/groups/ofwjoinforce/permalink/390024824410143/"
,,,,"697261885","Berteni Cataluña Causing","https://scontent-iad3-2.xx.fbcdn.net/v/t39.30808-1/321943740_3392997337581197_5707550276860722132_n.jpg?stp=c0.0.689.689a_cp0_dst-jpg_tt6&cstp=mx689x689&ctp=s24x24&_nc_cat=111&ccb=1-7&_nc_sid=1d2534&_nc_ohc=Xuu9-ewPI9QQ7kNvwEX6qKk&_nc_oc=AdoP-ZU9jp6ne2yY0C5jdCnyCULpoXQV6NFi1bbOegdqwnwFZz6pYUxaW2jZEHfkKbw&_nc_zt=24&_nc_ht=scontent-iad3-2.xx&_nc_gid=eGZvXbF2xstlINeLeO17CQ&_nc_ss=7c2a8&oh=00_AQDGa-es5QGrGKQ2YCY3IJXoJn95p5GvK67loG4JrQhvXg&oe=6A601A2E","https://www.facebook.com/berteni.c.causing","3","504434832933894","SA TUWING AAPRUBAHAN NILA ANG RH BILL, BAKIT NATATAON NA MAY BAHANG MALAKI AT BAGYO?

Noong unang pag-uusapan, ibinagsak ng langit ng Habagat na Bahay, walang pasok sa buong linggo.

Ngayong iniskedyul, ibinagsak din ng langit ang malaking baha at hangin ng Supertyphoon Pablo.

BAKIT KAYA?","2","2","0","1354715394000","https://www.facebook.com/groups/319513714759341/permalink/504434832933894/"
,,,,"100081334181098","TFG Vlogs Etc.","https://scontent-iad6-1.xx.fbcdn.net/v/t39.30808-1/499067386_698411256213341_2966844871659226694_n.jpg?stp=cp0_dst-jpg_tt6&cstp=mx556x561&ctp=s40x40&_nc_cat=102&ccb=1-7&_nc_sid=2d3e12&_nc_ohc=hMYuGC7ZyUcQ7kNvwHIj6Iq&_nc_oc=Adp0J5u5BnpYDpPb2VeFjcmDSGHhvAgkm1my-y4aU12FvL-d6nIyjpEp_OX7W5pFqXo&_nc_zt=24&_nc_ht=scontent-iad6-1.xx&_nc_gid=eGZvXbF2xstlINeLeO17CQ&_nc_ss=7c2a8&oh=00_AQB_zwQfG7Bc_kCpVErhknxiPKE1kZATBqjNDJ79bokCQQ&oe=6A602055","https://www.facebook.com/thefilipinoglobalTFG","10","406238729453250","TFG NEWS UPDATE:

43 na patay sa ComVal dahil sa bagyong Pablo

Tuesday, 04 December 2012 21:24

DAVAO CITY - Umakyat na sa 43 ang kumpirmadong patay sa nangyaring flashflood sa Compostella Valley Province dahil sa bagyong Pablo na ngayon ay dinala na sa gym ng Brgy. Andap, New Bataan, sa nasabing probinsya.

Ayon kay Lt. Lyndon Panisa, spokesman ng 10th IB Philippine Army, karamihan sa mga naging biktima ng flashflood ay namatay dahil sa pagkalunod at natabunan ng rumagasang tubig-baha na may mga troso.

Sinabi pa ni Panisa, posibleng tataas pa ang bilang ng mga nasawi dahil hindi pa nila nagalugad nang mabuti ang pinangyarihan naman ng pagguho ng lupa.

Maliban sa bilang ng mga namatay, umabot din sa 23 ang sugatan.

Sa ngayon pahirapan ang daan patungo sa lugar dahil sa maputik maliban pa sa kawalan ng suplay ng koryente sa lugar.

Ipagpapatuloy naman bukas ang gagawing search and rescue operations sa Brgy. Andap, New Bataan, Compostela Valley.

Una rito, nilinaw ng 10th Infantry Battalion (IB) na dahil sa pagtama ng buhawi ang dahilan sa pagkamatay ng isang sundalo, isang opisyal na sugatan at mahigit 20 bilang ang missing.

Sinabi sa Bombo Radyo Davao ni Lt. Lyndon Panisa, spokesman ng 10th IB Phil. Army, tinamaan umano ng malakas na buhawi ang headquarters ng 66th IB na nasa harap lamang ng munisipyo sa Brgy. Andap, New Bataan, ComVal province.

Ang ilang mga sundalo ay unaccounted pa matapos anurin sila ng flashflood.

Una rito, lumabas ang report na nakatanggap ng impormasyon si ComVal province Gov. Arturo Uy na isang residente ang nagsabi na nakita niya ang six-by-six-truck na inanod ng tubig-baha.

Iniulat naman ni Balisa na ang namatay ay isang sarhento na hindi muna pinangalanan, habang sugatan ang isang Lt. Zialcita matapos tangayin ng baha.

Sa impormasyon namang nakarating kay NDRRMC Executive Director Benito Ramos, hindi nila ma-contact ang may dalawang platoon ng mga sundalo sa New Bataan.

Ang dalawang platoon ay binubuo ng mahigit sa 60 mga sundalo.

Umaasa siya na dahil lamang sa problema sa kuminikasyon kung kaya't 'di ma-contact ang mga ito.bombo radyo

TFG TEAM","25","25","6","1354645884000","https://www.facebook.com/thefilipinoglobalTFG/posts/pfbid02LSQxYKBMGxPVUnS2pGGPJTCEiyn9BqMYxoCR8WJ1SWxcnh9QBKqi4JpBpwL56Pw2l"
,,,,"75112798586","Rhea Santos","https://scontent-iad3-1.xx.fbcdn.net/v/t39.30808-1/706527279_1531565338328668_8016142563776307318_n.jpg?stp=cp0_dst-jpg_tt6&cstp=mx1664x1664&ctp=s40x40&_nc_cat=104&ccb=1-7&_nc_sid=2d3e12&_nc_ohc=Mn7BLWtxCasQ7kNvwFY4bkj&_nc_oc=AdoVYse93SNZwjQFdc8q0KzX_PzURW3YEooesZ4jnfgyboFYo6cdcEYKTebn-G78G3o&_nc_zt=24&_nc_ht=scontent-iad3-1.xx&_nc_gid=eGZvXbF2xstlINeLeO17CQ&_nc_ss=7c2a8&oh=00_AQDPgfLljkdxoNOFSdwb_jKw-WSmpcwjzOYHHwcES8xB4Q&oe=6A60142A","https://www.facebook.com/msrheasantos","0","314368801996230","","7","7","0","1354720778000","https://www.facebook.com/msrheasantos/posts/314368801996230"
,,,,"100000482471430","Yapmuj Annika Arianne","https://scontent-iad3-1.xx.fbcdn.net/v/t39.30808-1/325987298_502617632004460_3239602788330507543_n.jpg?stp=c48.0.307.307a_cp0_dst-jpg_tt6&cstp=mx307x307&ctp=s24x24&_nc_cat=108&ccb=1-7&_nc_sid=e99d92&_nc_ohc=5QU_viqjNBQQ7kNvwFAAkhB&_nc_oc=AdrR2W-sPNy7Jf-tDh2AryTcch4SHfeoleP4aDKMMsyLv8ZAfQu-R5B8ye4SB8d-hqM&_nc_zt=24&_nc_ht=scontent-iad3-1.xx&_nc_gid=eGZvXbF2xstlINeLeO17CQ&_nc_ss=7c2a8&oh=00_AQAicU-E1zfCS_nBRrvQQyInCEEiLYno3deIXZ1eAkTmjQ&oe=6A6021E7","https://www.facebook.com/yapmuj.annika.arianne","2","183264571811599","RED CROSS 143

Frequently Asked Questions
Nursing Corps Fact Sheet

Ano ang Red Cross 143?

Ang Red Cross 143 ay programa ng Philippine Red Cross na nagtuturo sa mga mamamayan na kumalinga sa kanilang komunidad. Ito ay nagbibigay-kapangyarihan sa bawat barangay na maging handa sa pagtugon sa anumang uri ng sakuna.

Ang 143 ay naglalayong magkaroon ng 44 volunteers sa isang barangay, isang pinuno at 43 kasapi na syang magsisilbing mata, tenga, kamay at paa ng Red Cross sa bawat komunidad.

Ang mga 143 volunteer ay pinagbuklod at hinasa sa tatlong aspeto -- (disaster preparedness and response, health and welfare at voluntary blood donation.)

Ang Red Cross 143 ay may layunin na bumuo ng network ng volunteer na magbibigay ng mahahalagang impormasyon at maaring pakilusin para sa mabilisang pagtugon sa alinmang kalamidad o sakuna.

 

Tungkulin ng 143 Volunteers

a. PREDICT (Alamin) – alamin ang mga posibleng banta sa iyong komunidad (hal. baha, bagyo, lindol, pagputok ng bulkan, sunog, landslide o armadong labanan).

b. PLAN (Magplano) - planuhin ang mga dapat gawin sa oras ng sakuna.

c. PREPARE (Maghanda) - ihanda ang komunidad sa mga bagay na kakailanganin (hal. pagkain, tubig, gamot na di-kinakailangan ng reseta, first aid kit, survival kit, mga damit at kagamitang pantulog, at mga gamit pangkalinisan).

d. PRACTICE (Magsanay) – magsagawa ng pagsasanay sa komunidad (hal. paunang lunas at emergency evacuation drill).

e. REPORT (I-report) - mangalap at ipagbigay-alam sa Red Cross ang mga pangunahing impormasyon tungkol sa emergency or disaster.

f. RESPONSE (Tumugon) – tumugon sa mga posibleng pangangailangan (hal. First Aid, health and hygiene promotion, voluntary blood donation, psychological support, tracing at relief operation).","6","6","0","1354600379000","https://www.facebook.com/groups/FilipinoEMS/permalink/183264571811599/"
,,,,"100000821541680","Erika Rodriguez Boco","https://scontent-iad6-1.xx.fbcdn.net/v/t39.30808-1/731131609_27260950186848998_1942509364318549762_n.jpg?stp=cp6_dst-jpg_tt6&cstp=mx2048x2048&ctp=s24x24&_nc_cat=100&ccb=1-7&_nc_sid=e99d92&_nc_ohc=2kl2_n851_wQ7kNvwF69Qpw&_nc_oc=AdqRcH07y2-8Oa6D9LKBnNGvYguXPJa57wBuTH57QSMHMEbEeNVfQlgRfhzxIdc7rIo&_nc_zt=24&_nc_ht=scontent-iad6-1.xx&_nc_gid=eGZvXbF2xstlINeLeO17CQ&_nc_ss=7c2a8&oh=00_AQDw53k4RK1qx_KL-B6ne6nVbwi0fgJCOKnNWWe8PYYn6Q&oe=6A6011D8","https://www.facebook.com/erikaboco08","0","434668243254449","Ms. Universe
Intro:
gutom aq,
gutom kau,
gutom taung lhat!
HUNGARY!

ola viola kaserola tinola.
saranggola arinola ni lola!
VENEZUELA!

MALAY MO,
malay nya,
malay nating lhat!
MALAYSIA!

BAHA DUN,
baha d2,
baha sa buong.
mundo!
BAHAMAS!

hinde sakin,
hindi sau,
kanino sya?
KENYA!

1 way 2way thers no other way!
NORWAY!

mula sa lupaing.
kulang sa bigas,
mataas ang gas,
sandamakmak na
mandurugas!
PILIPINAS!!!

 ~ !xDD !~","1","1","0","1354611201000","https://www.facebook.com/groups/397124237008850/permalink/434668243254449/"
"No photo description available.","410472249025723","photo","https://www.facebook.com/photo/?fbid=410472249025723&set=a.410468695692745","100001888535369","Marieius Infinity","https://scontent-iad3-1.xx.fbcdn.net/v/t39.30808-1/493711319_29457247850588110_7911875858886863395_n.jpg?stp=cp0_dst-jpg_tt6&cstp=mx653x658&ctp=s40x40&_nc_cat=110&ccb=1-7&_nc_sid=1d2534&_nc_ohc=Dn8FWEr8oFUQ7kNvwEY63iS&_nc_oc=Adp9kYAMCmGA5W1Wb13dymp7sMlQsEFkJDRh8VjYNOLcHIHCz5Hco79-iS12o1lTXvc&_nc_zt=24&_nc_ht=scontent-iad3-1.xx&_nc_gid=x2boU5uR8NIkDVbmNe7L1g&_nc_ss=7c2a8&oh=00_AQBVi7WtfcVbpFU7bm-GFk-IBEdgoKfR9yPWtHxS2ifJNQ&oe=6A603B65","https://www.facebook.com/mariedrei.manalo","0","410472249025723","after ng baha ,ngayon pa lng ako nglagay ulit ng mga display dito sa hagdan..aha...",,"0","0","1354690052000","https://www.facebook.com/photo.php?fbid=410472249025723&set=a.410468695692745&type=3"
"No photo description available.","536752419669881","photo","https://www.facebook.com/photo/?fbid=536752419669881&set=a.128859979910152","100083584509138","Cooler tats Blog","https://scontent-iad6-1.xx.fbcdn.net/v/t39.30808-1/441409017_416250447837769_2194000877446432692_n.jpg?stp=cp0_dst-jpg_tt6&cstp=mx480x483&ctp=s40x40&_nc_cat=107&ccb=1-7&_nc_sid=2d3e12&_nc_ohc=piIsH5rEy64Q7kNvwFUjxC4&_nc_oc=AdrtOSS5ikKyW6zbr-DJXpODm_xRW3ODmXDVieroGXoipRdlSI1yOBpOPafihPCRYk8&_nc_zt=24&_nc_ht=scontent-iad6-1.xx&_nc_gid=x2boU5uR8NIkDVbmNe7L1g&_nc_ss=7c2a8&oh=00_AQAwTVwmm8NTvihHEmQ6t8v7uU0xcDuk-DHK3BmFuzmCKA&oe=6A603D2D","https://www.facebook.com/Tatsblogger","0","536752419669881","May dumagundong, flashflood na pala'

Kanya kanya ng mga kuwento ang mga residenteng nakaligtas sa nangyaring flashflood sa New Bataan sa Compostela Valley province na dala ng bagyong Pablo.

Sa kwento sa Bombo Radyo ni Emmanuel Mahilo, 44
, ng Purok 5, Brgy. Poblacion, New Bataan, sinabi nito na dakong alas-4:00 ng madaling araw kahapon nang maramdaman nila ang malakas na hangin at ulan.

Pagdating umano ng alas-6:00 ng umaga ay tumindi pa ang lakas ng hangin hanggang sa liparin na ang bubong na yero ng kanilang bahay.

Sinabayan ito ng mabilis na pagtaas ng tubig-baha dala ang napakakapal na putik hanggang pagsapit ng alas-9:00 ng umaga ay lampas tao na ang taas ng baha.

Liban sa kanyang bahay na na-washout at walang natirang gamit, tatlo pang katabing bahay nila ang sinira rin ng rumagasang baha.

""Walang natira sa bahay namin. Na-washout,"" ani Mahilo. ""Mabilis ang pagtaas ng tubig. Malakas ang hangin. 'Yong ibang bahay itinumba. Pata mga puno ng niyog at mga sinaunang punongkahoy.""

Ayon naman kay Ramon Pesadilla, residente ng Purok 7, napakalas umano ng hangin kung saan habang lumilikas sila ay ginamit nila ang lubid at naghawak hawak.

Nakita pa umano ni Pesadiila kung paano natumbahan ng puno ang kanya kapitbahay.

Ibinahagi rin ni Gildo Gabato, residente ng Purol 1, na nakarinig sila ng sobrang malakas na dagundong na hindi nila akalain ay flashflood na pala.

Sa ulat naman mula sa site ni Bombo Rado Allohado, sinabi nito na nakakaawa ang lugar na dinaanan ng bagyo kung saan winasak ang mga bahay ng baha ang mga nakatira sa lugar pa lamang ng Purok 1, Purok 4, Purok 7, Purok 6, Purok 8, Purok 14, Purok 17, Purok 18, sa Barangay Poblacion.

Nabanggit naman ni Mahilo na sa tagal na panahon nila na paninirahan sa ComVal, pati ang kanyang ina na 72-anyos ay ngayon lamang sila binagyo.

Minsan umano ay nakakaranas ila ng baha pero ang nakakagulat umano ay may kasamang bagyo.

Hindi naman aniya kalbo ang kanilang kabundukan kundi umapaw ang mga ilog na siyang rumagasa na may halong mga putik.

Suwerte umano na nakalikas ang kanyang mag-anak, habang siya naman ay nagpaiwan sa kanilang bahay hanggang gabi sa pagtila ng ulan.

Inamin din nito na Lunes pa lamang ay merong na ring abiso na lumikas sila para sa preemptive evacuation kaya ang iba nilang kabarangay ay nasa gym na.

Nang makapanayam ng Bombo Radyo si Mahilo ay hindi pa raw siya kumakain at nagtamo pa ito ng sugat sa paa dahil sa tumamang yero.

Namamaga rin ito dahil sa sugat mula sa naapakang pako.

Si Pesadilla naman na kahit nawalan ng bahay ay nagpapasalamat pa rin at buhay siya.

http://www.bomboradyo.com/story-of-the-day/142929-may-dumagundong-flashflood-na-pala",,"0","0","1354702011000","https://www.facebook.com/photo.php?fbid=536752419669881&set=a.128859979910152&type=3"
"No photo description available.","394861297259135","photo","https://www.facebook.com/photo/?fbid=394861297259135&set=a.606236751075629","100050679270538","You're My Everything","https://scontent-iad6-1.xx.fbcdn.net/v/t39.30808-1/296483272_606236781075626_2180003026963621474_n.jpg?stp=cp0_dst-jpg_tt6&cstp=mx600x600&ctp=s40x40&_nc_cat=106&ccb=1-7&_nc_sid=2d3e12&_nc_ohc=8YCoWzOu5aYQ7kNvwE77f7t&_nc_oc=AdrZIgtQMJAF_WDacbSIk-4gIcV9LvIzbLaNbOQCWjAVhzYsk2zKtXKy88y_BnAPMBQ&_nc_zt=24&_nc_ht=scontent-iad6-1.xx&_nc_gid=x2boU5uR8NIkDVbmNe7L1g&_nc_ss=7c2a8&oh=00_AQBrMdwE9ZW9WkrjdT3VJ3E1-w374tT7-E_x9OD2HLH_hQ&oe=6A603922","https://www.facebook.com/iYoureMyEverything","0","394861297259135","Repost viA NDRRMC


NDRRMC: 274 patay, 279 patuloy na nawawala sa pananalasa ni 'Pablo'

Hindi pa rin maawat ang pag-akyat ng bilang ng mga naapektuhan sa ilang araw nang pananalasa ni Typhoon Pablo sa bansa kung saan umaabot na sa hindi bababa sa 274 ang bilang ng mga nasawi habang daan-daan ang patuloy na pinaghahanap.

Kinumpirma ito ng National Disaster Risk Reduction and Management Council (NDRRMC) sa kanilang pinakahuling press briefing kaninang alas-6:55 ng gabi.

Sinabi naman ni Lt. Col. Lyndon Paniza, tagapagsalita ng 10th Infantry Batallion ng Armed Forces of the Philippines, sa panayam ng DZMM TeleRadyo na sa pinakahuli nilang tala kaninang alas-5:30 ng hapon, 151 na ang mga namatay sa Compostela Valley pa lang, 175 ang sugatan at 57 ang patuloy na nawawala.

Tumutugma ito sa bilang na inilahad ng NDRRMC.

Sa bilang ng mga nasawi, apat dito ay pawang mga sundalo kabilang si Sgt. Maximo Oliveares, miyembro ng Charlie Company ng 66th Infantry Batallion ng Philippine Army.

Ayon kay Paniza, nasa operasyon ng paglilikas ang mga sundalo sa Barangay Andap, New Bataan at isasakay na sana ang ilang sibilyan sa truck nang gumuho ang lupang kanilang kinatatayuan at anurin ng rumaragasang baha.

""Nandun sila sa area para mag-conduct po ng rescue operation. Yung kanilang company headquarters ay nandun din sa lugar na iyon at kasama nila ang mga sibilyan na pilit sana nilang nililikas, itawid nila sa ilog,"" ayon kay Paniza.

Bagama't nakaligtas, sugatan naman ang nasa 23 sundalo at kasalukuyan nang ginagamot habang pito pa ang pinaghahanap.

Sa bahagi naman ng Davao Oriental, nasa 116 na ang napa-ulat na nasawi, 151 ang sugatan at 21 ang nawawala.

Hindi naman bababa sa pito ang nasawi sa iba pang bahagi ng Mindanao at Visayas na sinalanta rin ni Pablo.

Sa kabuuan, sinabi ng NDRRMC na nasa 279 ang patuloy pa ring nawawala.

Lawak ng pinsala

Unti-unti nang nalalantad ang kabuuang pinsalang dulot ni Pablo.

Sa paglilibot ni Interior and Local Government Secretary Mar Roxas sa mga sinalantang lugar gaya ng New Bataan, Compostela Valley.

""Talagang nakakapagdamdam in na entire families may have been washed away,"" sinabi ni Roxas sa panayam ng ABS-CBN News Channel.

Ayon kay Roxas, halos buong bayan ng New Bataan ay balot ng hindi bababa sa anim na pulgadang kapal ng putik na nanggaling sa kabundukan.

Halos lahat din aniya ng mga istraktura ay nawasak sa lakas ng bagsik ni Pablo.

Ikinuwento pa ng kalihim ang nakita niyang ekta-ektaryang lupain kung saan makikitang nagbagsakan ay libo-libong mga puno ng niyog.

""Left and right of the helicopter was just hectares and hectares, as far as i can see, of felled coconut trees and felled banana trees. Talagang wiped out,"" ayon pa kay Roxas. (photo courtesy of Dennis Datu, Radyo Patrol 42)



kikay","4","4","1","1354720580000","https://www.facebook.com/photo.php?fbid=394861297259135&set=a.606236751075629&type=3"
"No photo description available.","389483824468125","photo","https://www.facebook.com/photo/?fbid=389483824468125&set=a.575986908023005","100068351035575","Sa Ngalan Ng Gobyerno","https://scontent-iad3-1.xx.fbcdn.net/v/t39.30808-1/352173072_3695302394025220_1289691263157025792_n.jpg?stp=cp0_dst-jpg_tt6&cstp=mx409x409&ctp=s40x40&_nc_cat=110&ccb=1-7&_nc_sid=2d3e12&_nc_ohc=ILSoosLTIIkQ7kNvwFY0hEr&_nc_oc=AdoJh2v84RUlFzQF9OlWsBbYqif9PxsjpOtpZaA2bCDdmk0VijWe6l4xk-q3CYjm_eQ&_nc_zt=24&_nc_ht=scontent-iad3-1.xx&_nc_gid=x2boU5uR8NIkDVbmNe7L1g&_nc_ss=7c2a8&oh=00_AQAIwkilGeRH2OzpU5APLI33apryOgH5Fac1sLFozUisqA&oe=6A601A01","https://www.facebook.com/snngpage","6","389483824468125","anong baha?!
[eloi]","34","34","10","1354602030000","https://www.facebook.com/photo.php?fbid=389483824468125&set=a.575986908023005&type=3"
"No photo description available.","446140525441150","photo","https://www.facebook.com/photo/?fbid=446140525441150&set=a.301187534966105","100052245828583","Pinoy  Bestfriend","https://scontent-iad3-2.xx.fbcdn.net/v/t1.6435-1/121151516_3363150723740101_5994652740358334763_n.jpg?stp=cp0_dst-jpg_tt6&cstp=mx850x849&ctp=s40x40&_nc_cat=111&ccb=1-7&_nc_sid=2d3e12&_nc_ohc=ADhaLHwaXaQQ7kNvwEFSwva&_nc_oc=AdoP6vc6dpy9spGQtS8UPJwlbNXI8BknipHwvlJVwW1fqxue73dRoSOksCLEXaVF2cY&_nc_zt=24&_nc_ht=scontent-iad3-2.xx&_nc_gid=x2boU5uR8NIkDVbmNe7L1g&_nc_ss=7c2a8&oh=00_AQCw-2qeRIfWOuZO4hgkmr5fs8iVk7BDQRwLPBdOhvYSMQ&oe=6A81DFB2","https://www.facebook.com/pinoybestfriendglobal","16","446140525441150","NDRRMC: 274 patay, 279 patuloy na nawawala sa pananalasa ni 'Pablo'

(UPDATE)

Hindi pa rin maawat ang pag-akyat ng bilang ng mga naapektuhan sa ilang araw nang pananalasa ni Typhoon Pablo sa bansa. U

maabot na sa hindi bababa sa 274 ang bilang ng mga nasawi habang daan-daan ang patuloy na pinaghahanap.

Kinumpirma ito ng National Disaster Risk Reduction and Management Council (NDRRMC) sa kanilang pinakahuling press briefing alas-6:55 Miyerkules ng gabi.

Sinabi naman ni Lt. Col. Lyndon Paniza, tagapagsalita ng 10th Infantry Batallion ng Armed Forces of the Philippines, sa panayam ng DZMM TeleRadyo na sa pinakahuli nilang tala alas-5:30 Miyerkules ng hapon, 151 na ang mga namatay sa Compostela Valley pa lang, 175 ang sugatan at 57 ang patuloy na nawawala.

Tumutugma ito sa bilang na inilahad ng NDRRMC.

Sa bilang ng mga nasawi, apat dito ay pawang mga sundalo kabilang si Sgt. Maximo Olivares, miyembro ng Charlie Company ng 66th Infantry Batallion ng Philippine Army.

Ayon kay Paniza, nasa operasyon ng paglilikas ang mga sundalo sa Barangay Andap, New Bataan at isasakay na sana ang ilang sibilyan sa truck nang gumuho ang lupang kanilang kinatatayuan at anurin ng rumaragasang baha.

""Nandun sila sa area para mag-conduct po ng rescue operation. 'Yung kanilang company headquarters ay nandun din sa lugar na iyon at kasama nila ang mga sibilyan na pilit sana nilang inililikas, itatawid nila sa ilog,"" ayon kay Paniza.

Bagama't nakaligtas, sugatan naman ang 23 sundalo habang pito pa ang pinaghahanap.

Sa bahagi naman ng Davao Oriental, nasa 116 na ang napaulat na nasawi, 151 ang sugatan at 21 ang nawawala.

Hindi naman bababa sa pito ang nasawi sa iba pang bahagi ng Mindanao at Visayas na sinalanta rin ni Pablo.

Sa kabuuan, sinabi ng NDRRMC na nasa 279 ang patuloy pa ring nawawala.

Lawak ng pinsala

Samantala, unti-unti nang nalalantad ang kabuuang pinsalang dulot ni Pablo matapos maglilibot si Interior and Local Government Secretary Mar Roxas sa mga sinalantang lugar gaya ng New Bataan, Compostela Valley.

""Talagang nakakabagbag-damdamin na entire families may have been washed away,"" sinabi ni Roxas sa panayam ng DZMM TeleRadyo.

Ayon kay Roxas, halos buong bayan ng New Bataan ay balot ng hindi bababa sa anim na pulgadang kapal ng putik na nanggaling sa kabundukan.

Halos lahat din aniya ng mga istraktura ay nawasak sa lakas ng bagsik ni Pablo.

Ikinuwento pa ng kalihim ang nakita niyang ekta-ektaryang lupain kung saan makikitang nagbagsakan ay libo-libong mga puno ng niyog.

""Left and right of the helicopter was just hectares and hectares, as far as i can see, of felled coconut trees and felled banana trees. Talagang wiped out,"" ayon pa kay Roxas. (photo courtesy of Dennis Datu, Radyo Patrol 42)



kulet","16","16","17","1354723499000","https://www.facebook.com/photo.php?fbid=446140525441150&set=a.301187534966105&type=3"
"No photo description available.","382290998525829","photo","https://www.facebook.com/photo/?fbid=382290998525829&set=a.455140506644565","100064458593664","PHLRC Riders","https://scontent-iad3-2.xx.fbcdn.net/v/t39.30808-1/498234248_1078747727617170_7531220253892465575_n.jpg?stp=c90.300.539.539a_cp0_dst-jpg_tt6&cstp=mx539x539&ctp=s40x40&_nc_cat=105&ccb=1-7&_nc_sid=2d3e12&_nc_ohc=r43jYYAjsQoQ7kNvwHm9fJL&_nc_oc=AdqwgclgQtqz07xtkJEImw_NL7fe5w6bsQnzGJyieeZmQQah_Xn5o_-MplKRRh3w8N8&_nc_zt=24&_nc_ht=scontent-iad3-2.xx&_nc_gid=x2boU5uR8NIkDVbmNe7L1g&_nc_ss=7c2a8&oh=00_AQASR7suxvT5J1gitJ1OXb_1gTzRDKGQ6FYj34vh3UAhnw&oe=6A601805","https://www.facebook.com/PHLRC2022","7","382290998525829","4 patay sa pananalasa ni 'Pablo'


Apat na ang patay sa pananalasa ng Bagyong Pablo sa Mindanao at Visayas.

Sa press briefing ni National Disaster Risk Reduction and Management Council (NDRRMC) Executive Director Benito Ramos, iniulat nito na nasawi si Erlinda Bolante, 60-anyos matapos mabagsakan ng puno sa Manay, Davao Oriental.

Nabagsakan din ng puno habang nagmomotorsiklo si Jigger Gomonit sa Panaon, Misamis Oriental gayundin si Elberto Daniel, 23-anyos ng Siquijor.

Ika-apat nang sundalong si Sgt. Olivarez ng Charlie Company ng 66th Infantry Batallion ng 10th Infantry Division. Nasugatan naman ang kaniyang commanding officer na isang Lt. Giaceta,

Batay sa report, nasa command post ang dalawang sundalo nang magkaroon ng flashflood sa Barangay Andap, New Bataan, Compostela Valley kung saan tinangay ng agos ang dalawa.

Narekober na walang malay si Giaceta pero sinawimpalad na malunod si Rosales.

Nagsasagawa pa ng serach and rescue ang mga sundalo dahil pinangangambahang hindi lang sila ang naroon nang maganap ang pagragasa ng baha.

Dalawa pa naman ang nasugatan sa Siquijor kabilang si Leticia Benitez na tinamaan ng lumilipad na yero at isang hindi pa nakikilala.","39","39","24","1354616863000","https://www.facebook.com/photo.php?fbid=382290998525829&set=a.455140506644565&type=3"
"No photo description available.","445618155493387","photo","https://www.facebook.com/photo/?fbid=445618155493387&set=a.301187534966105","100052245828583","Pinoy  Bestfriend","https://scontent-iad3-2.xx.fbcdn.net/v/t1.6435-1/121151516_3363150723740101_5994652740358334763_n.jpg?stp=cp0_dst-jpg_tt6&cstp=mx850x849&ctp=s40x40&_nc_cat=111&ccb=1-7&_nc_sid=2d3e12&_nc_ohc=ADhaLHwaXaQQ7kNvwEFSwva&_nc_oc=AdoP6vc6dpy9spGQtS8UPJwlbNXI8BknipHwvlJVwW1fqxue73dRoSOksCLEXaVF2cY&_nc_zt=24&_nc_ht=scontent-iad3-2.xx&_nc_gid=x2boU5uR8NIkDVbmNe7L1g&_nc_ss=7c2a8&oh=00_AQCw-2qeRIfWOuZO4hgkmr5fs8iVk7BDQRwLPBdOhvYSMQ&oe=6A81DFB2","https://www.facebook.com/pinoybestfriendglobal","7","445618155493387","4 patay sa pananalasa ni 'Pablo'
By dzmm.com.ph | 17:53 PM 12/04/2012 




Apat na ang patay sa pananalasa ng Bagyong Pablo sa Mindanao at Visayas.

Sa press briefing ni National Disaster Risk Reduction and Management Council (NDRRMC) Executive Director Benito Ramos, iniulat nito na nasawi si Erlinda Bolante, 60-anyos matapos mabagsakan ng puno sa Manay, Davao Oriental.

Nabagsakan din ng puno habang nagmomotorsiklo si Jigger Gomonit sa Panaon, Misamis Oriental gayundin si Elberto Daniel, 23-anyos ng Siquijor.

Ika-apat nang sundalong si Sgt. Olivarez ng Charlie Company ng 66th Infantry Batallion ng 10th Infantry Division. Nasugatan naman ang kaniyang commanding officer na isang Lt. Giaceta,

Batay sa report, nasa command post ang dalawang sundalo nang magkaroon ng flashflood sa Barangay Andap, New Bataan, Compostela Valley kung saan tinangay ng agos ang dalawa.

Narekober na walang malay si Giaceta pero sinawimpalad na malunod si Rosales.

Nagsasagawa pa ng serach and rescue ang mga sundalo dahil pinangangambahang hindi lang sila ang naroon nang maganap ang pagragasa ng baha.

Dalawa pa naman ang nasugatan sa Siquijor kabilang si Leticia Benitez na tinamaan ng lumilipad na yero at isang hindi pa nakikilala. Report from Edwin Sevidal, Radyo Patrol 37




kulet","39","39","29","1354620020000","https://www.facebook.com/photo.php?fbid=445618155493387&set=a.301187534966105&type=3"
"No photo description available.","455262137844076","photo","https://www.facebook.com/photo/?fbid=455262137844076&set=a.475242127981640","100064875690360","Barkadahan ng mga astig","https://scontent-iad3-1.xx.fbcdn.net/v/t39.30808-1/309446567_475242164648303_4285928689759431012_n.jpg?stp=cp0_dst-jpg_tt6&cstp=mx638x637&ctp=s40x40&_nc_cat=104&ccb=1-7&_nc_sid=2d3e12&_nc_ohc=snXXdCwRW_UQ7kNvwFdOCJr&_nc_oc=AdpBvNR88tYqV6gfPFiYj2KGHEn9oj4HZv3ITFKE_ABfbWU1o8xOi_WyY5vRkXTE0tY&_nc_zt=24&_nc_ht=scontent-iad3-1.xx&_nc_gid=xLZTThawh6lSejKyE8n-1w&_nc_ss=7c2a8&oh=00_AQA0Yls3HpzSvEw7Wy3KMD37F7N5BKynTWM3elBtems78g&oe=6A60295E","https://www.facebook.com/profile.php?id=100064875690360","3","455262137844076","NDRRMC: 274 patay, 279 patuloy na nawawala sa pananalasa ni 'Pablo'

(UPDATE) 

Hindi pa rin maawat ang pag-akyat ng bilang ng mga naapektuhan sa ilang araw nang pananalasa ni Typhoon Pablo sa bansa. U

maabot na sa hindi bababa sa 274 ang bilang ng mga nasawi habang daan-daan ang patuloy na pinaghahanap.

Kinumpirma ito ng National Disaster Risk Reduction and Management Council (NDRRMC) sa kanilang pinakahuling press briefing alas-6:55 Miyerkules ng gabi.

Sinabi naman ni Lt. Col. Lyndon Paniza, tagapagsalita ng 10th Infantry Batallion ng Armed Forces of the Philippines, sa panayam ng DZMM TeleRadyo na sa pinakahuli nilang tala alas-5:30 Miyerkules ng hapon, 151 na ang mga namatay sa Compostela Valley pa lang, 175 ang sugatan at 57 ang patuloy na nawawala.

Tumutugma ito sa bilang na inilahad ng NDRRMC.

Sa bilang ng mga nasawi, apat dito ay pawang mga sundalo kabilang si Sgt. Maximo Olivares, miyembro ng Charlie Company ng 66th Infantry Batallion ng Philippine Army.

Ayon kay Paniza, nasa operasyon ng paglilikas ang mga sundalo sa Barangay Andap, New Bataan at isasakay na sana ang ilang sibilyan sa truck nang gumuho ang lupang kanilang kinatatayuan at anurin ng rumaragasang baha.

""Nandun sila sa area para mag-conduct po ng rescue operation. 'Yung kanilang company headquarters ay nandun din sa lugar na iyon at kasama nila ang mga sibilyan na pilit sana nilang inililikas, itatawid nila sa ilog,"" ayon kay Paniza.

Bagama't nakaligtas, sugatan naman ang 23 sundalo habang pito pa ang pinaghahanap.

Sa bahagi naman ng Davao Oriental, nasa 116 na ang napaulat na nasawi, 151 ang sugatan at 21 ang nawawala.

Hindi naman bababa sa pito ang nasawi sa iba pang bahagi ng Mindanao at Visayas na sinalanta rin ni Pablo.

Sa kabuuan, sinabi ng NDRRMC na nasa 279 ang patuloy pa ring nawawala.

Lawak ng pinsala

Samantala, unti-unti nang nalalantad ang kabuuang pinsalang dulot ni Pablo matapos maglilibot si Interior and Local Government Secretary Mar Roxas sa mga sinalantang lugar gaya ng New Bataan, Compostela Valley.

""Talagang nakakabagbag-damdamin na entire families may have been washed away,"" sinabi ni Roxas sa panayam ng DZMM TeleRadyo.

Ayon kay Roxas, halos buong bayan ng New Bataan ay balot ng hindi bababa sa anim na pulgadang kapal ng putik na nanggaling sa kabundukan.

Halos lahat din aniya ng mga istraktura ay nawasak sa lakas ng bagsik ni Pablo.

Ikinuwento pa ng kalihim ang nakita niyang ekta-ektaryang lupain kung saan makikitang nagbagsakan ay libo-libong mga puno ng niyog.

""Left and right of the helicopter was just hectares and hectares, as far as i can see, of felled coconut trees and felled banana trees. Talagang wiped out,"" ayon pa kay Roxas. (photo courtesy of Dennis Datu, Radyo Patrol 42)



kidlat","9","9","5","1354723412000","https://www.facebook.com/photo.php?fbid=455262137844076&set=a.475242127981640&type=3"
,,,,"100081334181098","TFG Vlogs Etc.","https://scontent-iad6-1.xx.fbcdn.net/v/t39.30808-1/499067386_698411256213341_2966844871659226694_n.jpg?stp=cp0_dst-jpg_tt6&cstp=mx556x561&ctp=s40x40&_nc_cat=102&ccb=1-7&_nc_sid=2d3e12&_nc_ohc=hMYuGC7ZyUcQ7kNvwHIj6Iq&_nc_oc=Adp0J5u5BnpYDpPb2VeFjcmDSGHhvAgkm1my-y4aU12FvL-d6nIyjpEp_OX7W5pFqXo&_nc_zt=24&_nc_ht=scontent-iad6-1.xx&_nc_gid=xLZTThawh6lSejKyE8n-1w&_nc_ss=7c2a8&oh=00_AQDCf_L1XKTj5Zf64ZkxqgwCJEHAg5z28UK9e3_4qoXe_Q&oe=6A602055","https://www.facebook.com/thefilipinoglobalTFG","9","406481876095602","TFG UPDATE:

'May dumagundong, flashflood na pala'

Kanya kanya ng mga kuwento ang mga residenteng nakaligtas sa nangyaring flashflood sa New Bataan sa Compostela Valley province na dala ng bagyong Pablo.

Sa kwento sa Bombo Radyo ni Emmanuel Mahilo, 44, ng Purok 5, Brgy. Poblacion, New Bataan, sinabi nito na dakong alas-4:00 ng madaling araw kahapon nang maramdaman nila ang malakas na hangin at ulan.

Pagdating umano ng alas-6:00 ng umaga ay tumindi pa ang lakas ng hangin hanggang sa liparin na ang bubong na yero ng kanilang bahay.

Sinabayan ito ng mabilis na pagtaas ng tubig-baha dala ang napakakapal na putik hanggang pagsapit ng alas-9:00 ng umaga ay lampas tao na ang taas ng baha.

Liban sa kanyang bahay na na-washout at walang natirang gamit, tatlo pang katabing bahay nila ang sinira rin ng rumagasang baha.

""Walang natira sa bahay namin. Na-washout,"" ani Mahilo. ""Mabilis ang pagtaas ng tubig. Malakas ang hangin. 'Yong ibang bahay itinumba. Pata mga puno ng niyog at mga sinaunang punongkahoy.""

Ayon naman kay Ramon Pesadilla, residente ng Purok 7, napakalas umano ng hangin kung saan habang lumilikas sila ay ginamit nila ang lubid at naghawak hawak.

Nakita pa umano ni Pesadiila kung paano natumbahan ng puno ang kanya kapitbahay.

Ibinahagi rin ni Gildo Gabato, residente ng Purol 1, na nakarinig sila ng sobrang malakas na dagundong na hindi nila akalain ay flashflood na pala.

Sa ulat naman mula sa site ni Bombo Rado Allohado, sinabi nito na nakakaawa ang lugar na dinaanan ng bagyo kung saan winasak ang mga bahay ng baha ang mga nakatira sa lugar pa lamang ng Purok 1, Purok 4, Purok 7, Purok 6, Purok 8, Purok 14, Purok 17, Purok 18, sa Barangay Poblacion.

Nabanggit naman ni Mahilo na sa tagal na panahon nila na paninirahan sa ComVal, pati ang kanyang na 72-anyos na ina ay ngayon lamang sila binagyo.

Minsan umano ay nakakaranas ila ng baha pero ang nakakagulat umano ay may kasamang bagyo.

Hindi naman aniya kalbo ang kanilang kabundukan kundi umapaw ang mga ilog na siyang rumagasa na may halong mga putik.

Suwerte umano na nakalikas ang kanyang mag-anak, habang siya naman ay nagpaiwan sa kanilang bahay hanggang gabi na tumila ang ulan.

Inamin din nito na Lunes pa lamang ay merong na ring abiso na lumikas sila para sa preemptive evacuation kaya ang iba nilang kabarangay ay nasa gym na.

Nang makapanayam ng Bombo Radyo si Mahilo ay hindi pa raw siya kumakain at nagtamo pa ito ng sugat sa paa dahil sa tumamang yero.

Namamaga rin ito dahil sa sugat mula sa naapakang pako.

Si Pesadilla naman na kahit nawalan ng bahay ay nagpapasalamat pa rin at buhay siya.bombo radyo

jP","21","21","4","1354698488000","https://www.facebook.com/thefilipinoglobalTFG/posts/pfbid02ckHM1cwPtEN6CHPt4hifBFVocrsRFi9dt3629vejjctk3FwD9a5mZiEtbAw9bf5Yl"
"No photo description available.","454811647889125","photo","https://www.facebook.com/photo/?fbid=454811647889125&set=a.475242127981640","100064875690360","Barkadahan ng mga astig","https://scontent-iad3-1.xx.fbcdn.net/v/t39.30808-1/309446567_475242164648303_4285928689759431012_n.jpg?stp=cp0_dst-jpg_tt6&cstp=mx638x637&ctp=s40x40&_nc_cat=104&ccb=1-7&_nc_sid=2d3e12&_nc_ohc=snXXdCwRW_UQ7kNvwFdOCJr&_nc_oc=AdpBvNR88tYqV6gfPFiYj2KGHEn9oj4HZv3ITFKE_ABfbWU1o8xOi_WyY5vRkXTE0tY&_nc_zt=24&_nc_ht=scontent-iad3-1.xx&_nc_gid=xLZTThawh6lSejKyE8n-1w&_nc_ss=7c2a8&oh=00_AQA0Yls3HpzSvEw7Wy3KMD37F7N5BKynTWM3elBtems78g&oe=6A60295E","https://www.facebook.com/profile.php?id=100064875690360","2","454811647889125","4 patay sa pananalasa ni 'Pablo'
By dzmm.com.ph | 17:53 PM 12/04/2012 




Apat na ang patay sa pananalasa ng Bagyong Pablo sa Mindanao at Visayas.

Sa press briefing ni National Disaster Risk Reduction and Management Council (NDRRMC) Executive Director Benito Ramos, iniulat nito na nasawi si Erlinda Bolante, 60-anyos matapos mabagsakan ng puno sa Manay, Davao Oriental.

Nabagsakan din ng puno habang nagmomotorsiklo si Jigger Gomonit sa Panaon, Misamis Oriental gayundin si Elberto Daniel, 23-anyos ng Siquijor.

Ika-apat nang sundalong si Sgt. Olivarez ng Charlie Company ng 66th Infantry Batallion ng 10th Infantry Division. Nasugatan naman ang kaniyang commanding officer na isang Lt. Giaceta,

Batay sa report, nasa command post ang dalawang sundalo nang magkaroon ng flashflood sa Barangay Andap, New Bataan, Compostela Valley kung saan tinangay ng agos ang dalawa.

Narekober na walang malay si Giaceta pero sinawimpalad na malunod si Rosales.

Nagsasagawa pa ng serach and rescue ang mga sundalo dahil pinangangambahang hindi lang sila ang naroon nang maganap ang pagragasa ng baha.

Dalawa pa naman ang nasugatan sa Siquijor kabilang si Leticia Benitez na tinamaan ng lumilipad na yero at isang hindi pa nakikilala. Report from Edwin Sevidal, Radyo Patrol 37





kidlat","7","7","2","1354619958000","https://www.facebook.com/photo.php?fbid=454811647889125&set=a.475242127981640&type=3"
"No photo description available.","452128694822389","photo","https://www.facebook.com/photo/?fbid=452128694822389&set=a.155802740403934","100079226269684","MGA TULA","https://scontent-iad3-2.xx.fbcdn.net/v/t39.30808-1/307511642_155802773737264_4580911993393767727_n.jpg?stp=c0.0.824.824a_cp0_dst-jpg_tt6&cstp=mx824x824&ctp=s40x40&_nc_cat=103&ccb=1-7&_nc_sid=2d3e12&_nc_ohc=zxxOFR4vvDIQ7kNvwE31YwX&_nc_oc=AdrCvIg4QrmNrf2ZynWWiEKk8qmj1JAdS7VLJj-6OoF03baVUNg82rr8CcPENfpSfus&_nc_zt=24&_nc_ht=scontent-iad3-2.xx&_nc_gid=xLZTThawh6lSejKyE8n-1w&_nc_ss=7c2a8&oh=00_AQA3xARg6rEYOYWga20KSPlbNCNm2MdJ7FIBHL32qXeheQ&oe=6A6012A0","https://www.facebook.com/alingDoray","16","452128694822389","MGA TULA kwento atbp

NOVEMBER QUEST present

POETRY BATTLE 
level 2 w/

REal Prince vs. Contemptuous Lynch

REVIEW/vote

Rules;

 ROUND 1. sabayang bagsak 

* gagawa ng TULA 8 saknong na may x 4na taludtud w/ 4miminum words every lines tungkol sa ibinigay na pic.

ROUND 2 & 3. interval ( 25 lines walang sosobra )

* paangasan kung bakit ung tula nyo ang dapat manalo. RAPTYPE with DISS

TOPIC/PIC: UPUAN
****************************

R1: Real Prince

 =alaala=

sa tuwing nakikita itong lumang silya,
punong-puno ng magagandang alaala,
luma na at malapit ng masira,
pero ang alaala nya ay sariwa pa,

mula pa nung bata pa,
lagi kitang nakikita jan sa silya,
masasayang bagay na nakatatak sa aking gunita,
kahit matagal na masarap balik balikan pa,

di man natin kaya na ibalik ang panahon,
di parin naman ako nagbabago mula pa noon,
kung sinu si Real Prince ay ganun parin ngayon,

kaya inaalagaan ang naiwang alaala mo,
silyang nanganganib na masira ay pilit kinukumpuni ko,
dahil sa memorya, saya na nakapaloob dito,
sana lahat din ay maalala mo,

sabihin mang hangal di na maikubli,
dahil lang hiling sa may kapal ay makasama kang muli,
dahil hindi ko na kaya pang ikubli,
dahil mga alaala natin ay mananatili,

ilang taon o ilang dekada,
ilang oras at minuto pa,
di na magbabago pa,
na akoy laging umaasa pa,

kaya tayo na mangarap tayong dalawa,
okey lng yan basta tayn ay magkasama,
may ngiti at ligaya,
lahat ay damang dama basta ikaw ang kasama,

di ako papayag na hanggang dito na lang,
maghihintay ako kaht magmukhang timang,
itong damdamin ko sayo ay laging nagaabang,
kasama ng lumang silya at ating nakaraan.

C.Lynch

 Lumang Upuan
Tapakan ng tao ang bato sa gitna ng daan…
Ngunit pag napapagod, 
yaring uupo sa lumang upuan…
Lumang upuan, na kinauupuan ng mga taong ganid sa kasakiman…

Taong mahalal, ay sisikapin na makaupo sa 
Lumang Upuan ng ating bayan…
Uupo sa Upuan, lalapastanganin ang kaban ng bayan…
Sasayangin, sisirain ang pangako sa lupang sinilangan…

Ma-araw man o gabi paglulugatiang matamo 
ang minimit-hing kasarinlan…
Lumang Upuan para nga ba sa taong,
hahayop-hayopin itong ating bayan???

Bagkos di na nga tayo!!!
makahinga sa tinatamasang kahirapan…
Habang sila na nasa Upuan 
Sumasamsam sa kasaganaan…

Nasan nab a ang laya???
Na noon atin pinaglalaban???
Lumang Upuan na mapakahoy man o bakal…
Ay aanayin lang pag ang nakaupo’y isang hangal…

Ano pat uupo ka man lang din,
ay umupo kang may pagmamahal…
Dahil ang Lumang Upuan,
ay para sa dakila at banal…

Lumang Upuan yaong nasa,
Inyo ding mga tahanan…
Nasa sulok kahit luma ay,
may kagandahan…

Upuan ka nga na di pwedeng pabayaan…
Yaman na ating mapanghahawakan...
Upuan na maiiwan mo dahil buhay ,
ay tungo sa kamatayan…

******************************

R2

C.Lynch

Ang akng akda ay likha ng mabantayog kong isipan...
Pagiging mkata ko'y nasa dugo ay may kabuluhan...
Animoy sang bulaklak na may halimuyak at kagandahan...
Tong kalaban kumg lugmok sa putik ng kamangmangan...
Mag aklas ka man, d mo ako mahahadlangan...
Akda ko,y dugo na bubuhay sa agaw buhay na dwa ng sansinakuban...

Akda koy magiliw na animoy indayog ng musika...
Yong sau, mapanirang bagyo at mapaminsalang Peste pa...
Di mo matatapatan, ang akn khit gamitan mo man ng kulam o itim na mahika...
Di mo malulupig kahit tapatan man ng wikang banyaga...
Sa nakulong mong diwa, ako mzmo ang magpapalaya...
Mababaw kalang, kung sa kng baha, gang taga hita...
Na animoy novena, lng sa iyong mga panata...

Mga akda mo'y mahina, na tulad mong marupok...
Na para lng nagkakata ang makatang may sira ang tuktok...
At ang mga Akda, moy nangangamoy putok...
Kahit pakainin pa kta ng talinghaga at sa utak mo isuksok...
Mga Akda mo,y
kulang sa damdaming, di man lang mapusok...

Akda, koy magsisilbng pangaral...
Isang akda na kinasasaya ng akng puri at dangal...
Alis, bawal dito ang MAKATANG LAMPA, YATOT, at HANGAL...
Nagaastang magalng, gaung isa namang BASAHANG KUPAL...

Real Prince

Digmaan ng tula, di puro abang at amba,
mali ata ang iyong anitong sinamba,
kaya sa pagtula maagang matutumba,

kumpara sa tula kong ginawa ""FULL OF MAGIC""
gawa mong tula ang pangit daig pa ang nadali sa TRAGIC,

mga ginagawa kong tula ""sapol sa puso ng kababaehan""
ginawa mo naman ""panira sa lipunan""

puro kababawan, kalukuhan at malabong hangaan,
masaklap na parusa parang nakakita ng nagbanggaan,

tula ni lynch vs tula ni real prince? Parang namamalimos sa kanto vs baltasar,
humihingi ka na lang ng awa sa mambabasa kaya wag ka sanang maasar,

kaya please, paki alis, ang utak ipis na walang ginawa kundi mang-inis,
di man ito purediss, tula ko miss ang tutugis kaya ako ay sobrang bless,

kasi alam ko na panalo na ako,
alam ng mga hurado na sa tula nakakalamang na ako,

kapag real prince ang naglatag ng tula mga tao ay kinikilig,
kapag si lynch ang gumawa walang magandang naririnig,

tula ko nabasa nila ""wow matindi""
tula mo naman ""eew walang nakakaintindi""

dahil sa gawa ko ay di mabigat pero nakakaangat tumatagos sa puso,
kumpara sayo nakikiusn walang may gusto dahl retaso,

ito pa another comparison,
parang hinahangaang chicks sa harison,
perfect formula na gawa ni thomas edison,
kaya ang manalo ka? Come on, magtanim ka na lang ng kamote doon,

time!

************************
r3
Real prince

 Ok r3

bakit nakakalamang tula ko? Ito kasi yon parang ""advil"" can relieve the pain,
parang ""centrum"" makes you complete again,

itoy ""enervon"" that can give you energy,
""myra e"" keeps you glowing everyday,

tulang parang ""coke"" na nagbibigay ng happiness,
parang ""coffemate"" dahil tula ko made it perfect,

gaya ng ""nescafe"" na pangtanggal ng puyat,
may pag aalala gaya ng biogesic ""ingat""

dahil akoy ""lactum"" kaya 100% akong panatag na mananalo,
sasaya ang feeling katulad ng rebisco,

dito mo malalaman ang magaling sa nagmamagaling,

pagbinasa ang tula mo malungkot parang eksina sa libing,
kaya kung feeling mo na mananalo ka pwes nagkakamali ka,
dahil sa tula di pahabaan ng ginawa,
sa tula makikita kung gaanu nahasa,
dahil tula ko masa malalim pa sa sociology,
di man maipapaliwanag ng science & technology,
pero mababasa ang chemistry, patok sa mamabasa ang aking poetry,
di na uusad tula mo parang phil. Economy, 
dahil pagbasa ng tula ko parang novela na ""florante at ni laura""
iniidolo ng marami gaya ng tambalan ni john lloyd at ni bea,
maiituturing na alamat gaya ni adan atsaka ni eva,
kaya magsisisi ka sa tula battle ako pa ang nakapareha,

time...


C.Lynch

 Kung Wala mang nakakaintindi, nag-iisa lng yon- IKAW...
Yang AKDA mo Lahat BASURA, LINALANGAW, BINABANGAW...
Masyado kng MAPANG-ILUSYON, na TRONO ko'y PILIT INAAGAW...

Lahat ng AKDA mö PATAPON at RINESIKULO sa BASURA...
Na akng TAPUNAN ng DURA...
Walang MAMANGHA, sa AKDA, ng mga ISIP UHUGING TALANGKA...
Naging MAKATA kalng ngaun kasi sakn ka BINANGGA...

Mga akda ko'y di kayang TIBAGIN ng MASO...
Huwag kng magpaka PILOSOPO TASYO...
Dahil utak mo, sang WALANG lamang BASYO...
Akda moy, WINASAK ko na parang BUHANGING KASTILYO...
Ngunit mga AKDA mö'y nagdadala lamang ng DELUBYO...
Sa kang MAKA-TANGA, !!! D kba maiinsulto???

Akda ko'y simulo ng FILIPINONG PANITIKAN...
Akda ko'y may BAHID ng MAKATANG BATIKAN...
Na di mo Kayang PALITAN...
Akda, ko'y medisina sa PUSONG NASASAKTAN...

Agwat ng DUNONg, natin pagdating sa PANITIKAN...
Ay langit at LUPA ang PAGITAN...
Huwag kang MAGMALAKI, dahil di mo KAYANG BUHAYIN, ang taong PUSO'Y nasa BINGIT ng KAMATAYAN...
Kw ay akng Disipulong tSONGGONG TURUAN...
Na sa mga kamay koy kayang-kaya kung PAGLARUAN.....
Akda ko'y animoy' bituing Makinang na ka'y gandang PAGMASDAN...
Magsisilbng ilaw at gabay sa PARIWARA MONG DAAN...


**********************

Judges:

Admins and me

Please Vote na para matapos salamat ng madami

ALIng Doray","12","12","0","1354588238000","https://www.facebook.com/photo.php?fbid=452128694822389&set=a.155802740403934&type=3"
