"attachments/0/accessibilityCaption","attachments/0/id","attachments/0/type","attachments/0/url","attachments/1/accessibilityCaption","attachments/1/id","attachments/1/type","attachments/1/url","attachments/2/accessibilityCaption","attachments/2/id","attachments/2/type","attachments/2/url","author/id","author/name","author/profilePicture","author/profileUrl","commentsCount","postId","postText","reactions/anger","reactions/haha","reactions/like","reactions/love","reactions/sorry","reactions/wow","reactionsCount","sharesCount","timestamp","url"
,"2564248467139422","video",,,,,,,,,,"100064849986224","GMA News","https://scontent-iad3-1.xx.fbcdn.net/v/t39.30808-1/658216539_1459297662908553_7892569438724908023_n.jpg?stp=cp0_dst-jpg_tt6&cstp=mx1200x1200&ctp=s40x40&_nc_cat=1&ccb=1-7&_nc_sid=2d3e12&_nc_ohc=_9Kw3PkUnsIQ7kNvwFZYCIH&_nc_oc=AdoZqgAWhO5Q9BozI0Yc-9nCXi9RPdvORF0f8iWYwGqo9m1LjuAh51Jtjuigv3XNWRQ&_nc_zt=24&_nc_ht=scontent-iad3-1.xx&_nc_gid=5xQh-Tk0v19y9xW-bNJkiw&_nc_ss=7c2a8&oh=00_AQAiQufll33H1Q5zNB6JnHE3VluXAreuwl0GZ5dWR9H-9g&oe=6A5FC37F","https://www.facebook.com/gmanews","4118","10158118899966977","WATCH: Baha na sa bahaging ito ng Mauban, Quezon dahil sa pagtaas at pag-apaw ng mga alon dulot ng bagyong Tisoy. Ayon kay YouScooper Ralph Llamas, pinalikas na kagabi ang mga residente sa lugar.
 
BASAHIN: http://bit.ly/2OGVDKU","19","16","5670","68","3652","575","10000","28444","1575345714000","https://www.facebook.com/gmanews/videos/2564248467139422/"
,"441418433453420","video",,,,,,,,,,"100064773907046","TV Patrol","https://scontent-iad3-1.xx.fbcdn.net/v/t39.30808-1/608518829_1379498824219235_6894079646221905019_n.jpg?stp=cp0_dst-jpg_tt6&cstp=mx1079x1079&ctp=s40x40&_nc_cat=1&ccb=1-7&_nc_sid=2d3e12&_nc_ohc=eBZ3DoBYorkQ7kNvwH_OZej&_nc_oc=AdpSWlp44FT8xB5iEw99vpnd5t43ts5MzzOE2TzPYMUTB3x3PFrML2e9_N8P9fGt5aQ&_nc_zt=24&_nc_ht=scontent-iad3-1.xx&_nc_gid=5xQh-Tk0v19y9xW-bNJkiw&_nc_ss=7c2a8&oh=00_AQDc-zew7YxbZ3JMmEnwvGFO-2TohGZJjLbCLsyDefNhgw&oe=6A5FC88F","https://www.facebook.com/tvpatrol.abscbn","35","2686620974726608","#TVPatrol Hindi naging madali para sa ilang opisyal ng lokal na pamahalaan sa Metro Manila na palikasin ang ilang residente bilang paghahanda sa bagyong #TisoyPH. May mga pinili pa rin talagang huwag lumikas hanggat hindi pa tuluyang tumataas ang baha.","1","2","728","6","34","3","774","23","1575375568000","https://www.facebook.com/tvpatrol.abscbn/videos/441418433453420/"
,"2564250183805917","video",,,,,,,,,,"100064382721603","YouScoop","https://scontent-iad3-1.xx.fbcdn.net/v/t39.30808-1/672686201_1384438830378861_7963717717836307265_n.jpg?stp=c0.135.1080.1080a_cp0_dst-jpg_tt6&cstp=mx1080x1080&ctp=s40x40&_nc_cat=110&ccb=1-7&_nc_sid=2d3e12&_nc_ohc=7c3sa59BRfEQ7kNvwFKWj5n&_nc_oc=AdqA9nRyaQ-BzYInc6NHX1bVM6V6mlr8tjgLy07IYM_-symEH9p2we-W-bnG0rnKf0w&_nc_zt=24&_nc_ht=scontent-iad3-1.xx&_nc_gid=5xQh-Tk0v19y9xW-bNJkiw&_nc_ss=7c2a8&oh=00_AQCS06qcLBNyrh5Ven1FfYnJTLSSfBYCJ78XVEfbv7OXoA&oe=6A5F9E4F","https://www.facebook.com/youscoop","68","2667662633271546","WATCH: Baha na sa bahaging ito ng Mauban, Quezon dahil sa pagtaas at umapaw na mga alon dulot ng bagyong Tisoy. Ayon kay YouScooper Ralph Llamas, pinalikas na kagabi ang mga residente sa lugar.
 
BASAHIN: http://bit.ly/2OGVDKU",,,"235","2","233","76","546","323","1575345791000","https://www.facebook.com/youscoop/videos/2564250183805917/"
,"747948322282161","video",,,,,,,,,,"100064849986224","GMA News","https://scontent-iad3-1.xx.fbcdn.net/v/t39.30808-1/658216539_1459297662908553_7892569438724908023_n.jpg?stp=cp0_dst-jpg_tt6&cstp=mx1200x1200&ctp=s40x40&_nc_cat=1&ccb=1-7&_nc_sid=2d3e12&_nc_ohc=_9Kw3PkUnsIQ7kNvwFZYCIH&_nc_oc=AdoZqgAWhO5Q9BozI0Yc-9nCXi9RPdvORF0f8iWYwGqo9m1LjuAh51Jtjuigv3XNWRQ&_nc_zt=24&_nc_ht=scontent-iad3-1.xx&_nc_gid=5xQh-Tk0v19y9xW-bNJkiw&_nc_ss=7c2a8&oh=00_AQAiQufll33H1Q5zNB6JnHE3VluXAreuwl0GZ5dWR9H-9g&oe=6A5FC37F","https://www.facebook.com/gmanews","6","10158130106011977","Isinailalim na sa state of calamity ang Camarines Sur at Albay. Lubog pa rin sa baha ang ilang bahagi ng Camarines Sur. Malawak din ang pinsalang iniwan ng bagyo sa agrikultura.",,,"95","2","57","2","156","23","1575476725000","https://www.facebook.com/gmanews/videos/747948322282161/"
"No photo description available.","10157728420365168","photo","https://www.facebook.com/photo.php?fbid=10157728420365168&set=a.650104283831498&type=3","No photo description available.","10157728420410168","photo","https://www.facebook.com/photo.php?fbid=10157728420410168&set=a.650104283831498&type=3","No photo description available.","10157728420500168","photo","https://www.facebook.com/photo.php?fbid=10157728420500168&set=a.650104283831498&type=3","100064957951102","ABS-CBN News","https://scontent-iad3-1.xx.fbcdn.net/v/t39.30808-1/612193561_1385784586930127_8766501501849307524_n.jpg?stp=cp0_dst-jpg_tt6&cstp=mx513x511&ctp=s40x40&_nc_cat=1&ccb=1-7&_nc_sid=2d3e12&_nc_ohc=jjMlUL_Ip04Q7kNvwFv9Z3T&_nc_oc=Adrpv72IN0atEszVpgdBXO15o5NBoqvS6RJEHQmsFo3FniHeINs5lOY7vQYj44XlgB0&_nc_zt=24&_nc_ht=scontent-iad3-1.xx&_nc_gid=5xQh-Tk0v19y9xW-bNJkiw&_nc_ss=7c2a8&oh=00_AQDPThD-MR8DtgLIVA_bGuPzxNzGPqY0m2BQpsO2jJc2FQ&oe=6A5F9E5C","https://www.facebook.com/abscbnNEWS","115","10157728422015168","Halos umabot na sa ika-2 palapag ng mga bahay ang baha sa Lope de Vega sa Northern Samar dahil sa ulang dala ni #TisoyPH. Sharon Evite, ABS-CBN News (Kuha ni Jhonas de Gabriel)","1","3","1637","5","1639","71","3356","732","1575349704000","https://www.facebook.com/abscbnNEWS/posts/pfbid027oBEPbtWCffxeUeLk6F2bn2u14C7CWC9eVcJVHxN5Vgb9gGt4BQT53iBDkGT5xLJl"
"No photo description available.","10157087722704620","photo","https://www.facebook.com/photo.php?fbid=10157087722704620&set=a.637057921788155&type=3","No photo description available.","10157087722714620","photo","https://www.facebook.com/photo.php?fbid=10157087722714620&set=a.637057921788155&type=3","No photo description available.","10157087722734620","photo","https://www.facebook.com/photo.php?fbid=10157087722734620&set=a.637057921788155&type=3","100064518591460","DZMM Radyo Patrol 630","https://scontent-iad3-1.xx.fbcdn.net/v/t39.30808-1/668587708_1384714187022521_8343581617824766493_n.jpg?stp=c33.0.1012.1012a_cp6_dst-jpg_tt6&cstp=mx1012x1012&ctp=s40x40&_nc_cat=1&ccb=1-7&_nc_sid=2d3e12&_nc_ohc=SNb0wvffI00Q7kNvwEHrkJ5&_nc_oc=AdpsryXuoTrf2aSWepOgiHEVoasfbPQa8vldwmcgwnoXsFU2CYXwNBcKxgmYTCRtcH4&_nc_zt=24&_nc_ht=scontent-iad3-1.xx&_nc_gid=NQcudxJT-MbPcEmTrnZ1Zg&_nc_ss=7c2a8&oh=00_AQCdQ-x9oJYa8Q_uLWgwvvDd5-xfE7PQoebN4nuug5MWFA&oe=6A5F9BD6","https://www.facebook.com/DZMMRadyo630","12","10157087722999620","Halos umabot na sa ika-2 palapag ng mga bahay ang baha sa Lope de Vega sa Northern Samar dahil sa ulang dala ni #TisoyPH. Sharon Evite, ABS-CBN News (Kuha ni Jhonas de Gabriel)",,"1","180","2","123","18","324","73","1575351023000","https://www.facebook.com/DZMMRadyo630/posts/pfbid0qVrWqJuLETMpUtirk97fpX15vnPBy1SddVGAEihkDPtZH95n77wF52fCTq9ERJ6il"
"No photo description available.","1010548592645531","photo","https://www.facebook.com/photo/?fbid=1010548592645531&set=a.417330993762985",,,,,,,,,"100064582636945","We Love Philippines","https://scontent-iad6-1.xx.fbcdn.net/v/t39.30808-1/295075520_417331027096315_263704660825668421_n.jpg?stp=cp0_dst-jpg_tt6&cstp=mx960x960&ctp=s40x40&_nc_cat=100&ccb=1-7&_nc_sid=2d3e12&_nc_ohc=0Y8veLCMpv0Q7kNvwGhow82&_nc_oc=Adow6_GaAewfWDB5qEMNvzb8zq68HFuzoQvDUm3Iq3pg32AzNfDWE2Yg--b9w-0NFZM&_nc_zt=24&_nc_ht=scontent-iad6-1.xx&_nc_gid=NQcudxJT-MbPcEmTrnZ1Zg&_nc_ss=7c2a8&oh=00_AQBhCmONWA2KxLIYibeRWvLAkX4NLrv60da1gR65BvUzkQ&oe=6A5FAF3F","https://www.facebook.com/WeLovePHofficial","8","1010548779312179","Baha ka lang, tsismosa kami. 😂✌️","2","65","36","1","1","2","107","39","1575419423000","https://www.facebook.com/WeLovePHofficial/posts/pfbid0ghWrzF2VxvozRAqWUjCVTqMLRNvbSWk3BUKk2eeJa8pUVTJ5L35mTQro8mwew1ool"
"No photo description available.","576128199865108","photo","https://www.facebook.com/photo/?fbid=576128199865108&set=a.172084895347059",,,,,,,,,"100076366483696","Stance Culture Phil. - Stance Silang","https://scontent-iad3-1.xx.fbcdn.net/v/t39.30808-1/276046686_1149580055853250_5886926657606867502_n.jpg?stp=cp0_dst-jpg_tt6&cstp=mx960x947&ctp=s40x40&_nc_cat=104&ccb=1-7&_nc_sid=2d3e12&_nc_ohc=aAMd3aMZy60Q7kNvwEi9i3i&_nc_oc=AdpsW6D7OhnCd0MenkQ-ugGSGbzaqnuLHBmv-ElnKk6JdXgZ8bR4Jl9v0e4jApyY0fM&_nc_zt=24&_nc_ht=scontent-iad3-1.xx&_nc_gid=NQcudxJT-MbPcEmTrnZ1Zg&_nc_ss=7c2a8&oh=00_AQDp3q6HtxQwJCZJ73x5i-4GcBZjn2NMiVpEQPkL-Hkxuw&oe=6A5FABAD","https://www.facebook.com/StanceSilang","0","576128349865093","Baha ka lang jetski kame 😂😂

Welcome to BAGONG SILANg",,"55","36","1","5","2","99","30","1575364353000","https://www.facebook.com/StanceSilang/posts/pfbid02cvf4wdztEw9CtqfTveBY1bGGfikB7QaaMU2vn7UdaMoZpn6LTqGxq7yYJFdW21VSl"
"No photo description available.","1265755993631150","photo","https://www.facebook.com/photo/?fbid=1265755993631150&set=a.591308435946601",,,,,,,,,"100052023497315","Pak Boy","https://scontent-iad3-2.xx.fbcdn.net/v/t39.30808-1/315598152_668318114912299_2517071695518670467_n.jpg?stp=cp0_dst-jpg_tt6&cstp=mx949x960&ctp=s40x40&_nc_cat=111&ccb=1-7&_nc_sid=2d3e12&_nc_ohc=32B41kxtL1sQ7kNvwFo0C_n&_nc_oc=AdoO7PYyuCkMx7UA9hygVKTkAwZ5T8X-_0rAmGbodyEROeV_zIBuBIrTX2V5wzTVvXE&_nc_zt=24&_nc_ht=scontent-iad3-2.xx&_nc_gid=NQcudxJT-MbPcEmTrnZ1Zg&_nc_ss=7c2a8&oh=00_AQCmXlRsxIGNOKts49wj1gp5KQsfzN5JKe7L1Ok-Hqd8ww&oe=6A5FBD90","https://www.facebook.com/profile.php?id=100052023497315","3","1265756016964481","Wag basta basta lulusong sa baha baka matuklaw kayo ng ahas
#ctto",,"54","27",,,"1","82","29","1575403775000","https://www.facebook.com/permalink.php?story_fbid=pfbid024zZdPq65rqpG9TiDWBS1Sz2WJZwWUvYq9RmyMp4fFe4ZcP5a3bGMPpVi8jL1uFrxl&id=100052023497315"
"No photo description available.","2919240434753856","photo","https://www.facebook.com/photo/?fbid=2919240434753856&set=a.226209779545802",,,,,,,,,"100064703437033","Department of Health (Philippines)","https://scontent-iad3-1.xx.fbcdn.net/v/t39.30808-1/441896707_873041984862575_1120508048550319341_n.jpg?stp=cp0_dst-jpg_tt6&cstp=mx2047x2048&ctp=s40x40&_nc_cat=1&ccb=1-7&_nc_sid=2d3e12&_nc_ohc=MBfgBoOFLwUQ7kNvwFGrTyB&_nc_oc=AdqMUjbhrcL3E3famP9aoNoWhA2jZNPO7fYlqvoyO3j7Qxsdnf2yd2YuBErntmt98Zw&_nc_zt=24&_nc_ht=scontent-iad3-1.xx&_nc_gid=NQcudxJT-MbPcEmTrnZ1Zg&_nc_ss=7c2a8&oh=00_AQD5EoDmpbRxg3uadLHFM8XuD5JKQspEnYGMj2b45TpUIw&oe=6A5F9BDB","https://www.facebook.com/DOHgovPH","4","2919243108086922","Alamin ang sintomas ng LEPTOSPIROSIS!

Lumusong ka sa baha? May sugat man o wala.
Magpakonsulta na!",,,"122","3",,"1","126","165","1575457220000","https://www.facebook.com/DOHgovPH/posts/pfbid02qHx2dzjjcNdAJZNDbPvDwSZ7vXFus24bSvkzyECdBJhTG47GeNntGaGzQ7Q1f9kQl"
"No photo description available.","479732606010583","photo","https://www.facebook.com/photo/?fbid=479732606010583&set=a.404511544371106",,,,,,,,,"100044367911951","TPB","https://scontent-iad3-1.xx.fbcdn.net/v/t39.30808-1/439018222_1001059611382960_4166529207739228310_n.jpg?stp=cp0_dst-jpg_tt6&cstp=mx1080x1080&ctp=s40x40&_nc_cat=1&ccb=1-7&_nc_sid=2d3e12&_nc_ohc=Qd4-q79Djh0Q7kNvwH6dKiP&_nc_oc=AdopGuz8LvmLVexe-A1rqnAHJ7M0RdfjTxd4F7-xlQtnc68UsLFBjWjB9mshrZt42HQ&_nc_zt=24&_nc_ht=scontent-iad3-1.xx&_nc_gid=R2x-ynF0sIG7TkMYB3ykZg&_nc_ss=7c2a8&oh=00_AQC0oUGC-Y7MMiH7dyoGLklFunndWrkGbMKh_YXX4XW0yQ&oe=6A5FAE2B","https://www.facebook.com/PromodiserBlog","66","479732632677247","BAGYO ka Lang,Promodiser Kami kaya kahit lumusong pa sa baha...papasok parin Kami.","4","398","823","17","124","8","1374","677","1575334423000","https://www.facebook.com/PromodiserBlog/posts/pfbid0Wy1TGeoTDnYPVwh4LfLwou2bv3wup2JajU7xbqr3uuBNzPhVbvaJjCp94t2TWQAal"
"No photo description available.","2879653592079334","photo","https://www.facebook.com/photo.php?fbid=2879653592079334&set=gm.2453930488062051&type=3","No photo description available.","2879653638745996","photo","https://www.facebook.com/photo.php?fbid=2879653638745996&set=gm.2453930488062051&type=3",,,,,"100001041644100","John Louis Borreo","https://scontent-iad3-1.xx.fbcdn.net/v/t39.30808-1/713423405_27613036634981020_7064479218179382126_n.jpg?stp=c0.7.481.481a_cp0_dst-jpg_tt6&cstp=mx481x481&ctp=s24x24&_nc_cat=101&ccb=1-7&_nc_sid=1d2534&_nc_ohc=P1z-0IzT72sQ7kNvwHAVFyM&_nc_oc=AdqOTfLk-JjdH18sYRIsy0fCtu5yRBarEae_SG83ZlcKkLHZAC9frDLbGEqFCr_1tHE&_nc_zt=24&_nc_ht=scontent-iad3-1.xx&_nc_gid=R2x-ynF0sIG7TkMYB3ykZg&_nc_ss=7c2a8&oh=00_AQCv7J1TAisgXv1jFHLGyhSqk0yBAKyrUMGdh2kNzg1z4g&oe=6A5FC57A","https://www.facebook.com/johnlouis.borreo.3","24","2453930488062051","PAKIUSAP: 😔😔✋
Sa ganitong panahon wag nyo pong itali ang mga aso kung kailangan nyong lumikas sa baha...🌊🌊🌧🌧
Hindi nyo man sila maisama sa evacuation centers, May pag-asa silang lumangoy para maisalba ang buhay nila..😥😥❤
🐕🐕🐕
Pls. Let them FREE to SAVE the LIFE of a DOG.","85",,"84","1","396","1","567","253","1575346794000","https://www.facebook.com/groups/furbabiestlc/permalink/2453930488062051/"
"No photo description available.","1424832764353320","photo","https://www.facebook.com/photo/?fbid=1424832764353320&set=a.569848771849472",,,,,,,,,"100064730617493","Courageous BPO Aspirants","https://scontent-iad6-1.xx.fbcdn.net/v/t39.30808-1/327302971_732606111618497_9040863047774748554_n.jpg?stp=cp0_dst-jpg_tt6&cstp=mx726x720&ctp=s40x40&_nc_cat=102&ccb=1-7&_nc_sid=2d3e12&_nc_ohc=XEZp0-6mA4gQ7kNvwEn1tSm&_nc_oc=Adq5_8_fMYFlJTrncr7AF1Zpu299JnNoS7zUPk13V26NCCMy_cytrdJbBU96B35hCIg&_nc_zt=24&_nc_ht=scontent-iad6-1.xx&_nc_gid=R2x-ynF0sIG7TkMYB3ykZg&_nc_ss=7c2a8&oh=00_AQCvWlZVJp1QoeYw-2nO4o5u3tr45oJEWcl4ZIOgHEV5dA&oe=6A5FAEC6","https://www.facebook.com/Courageous.Bpo.Aspirants","10","1424832797686650","Buhay call center Agent... 
Kahit bagyo pumapasok kasi Wala 
naman bagyo sa country na sinusuport mo.
Kinabukasan paglabas mo ng office stranded ka kasi baha na sa buong metro manila. 
The only recognition you can get from 
going to work despite the storm is a 
certificate of appreciation or free meal. 
Ok na kesa wala, di ba? 

Bagyo ka lang , WaterProof kami 🤣
#BagyongTisoy #BesafeEveryone",,"133","80","3","15","1","232","73","1575346003000","https://www.facebook.com/Courageous.Bpo.Aspirants/posts/pfbid0Sa7TodFUQXsvkCaNyKDMgy6gSkSWr4JYvXbyxrUPF1QXveGxKhru1E1hSUefUKEml"
"No photo description available.","1211777082344217","photo","https://www.facebook.com/photo/?fbid=1211777082344217&set=a.224633783034686",,,,,,,,,"100064641973939","DILG Philippines","https://scontent-iad3-1.xx.fbcdn.net/v/t39.30808-1/460468861_915691867262204_2482147990852243959_n.jpg?stp=cp0_dst-jpg_tt6&cstp=mx2048x2048&ctp=s40x40&_nc_cat=1&ccb=1-7&_nc_sid=2d3e12&_nc_ohc=fqnPURoJyTUQ7kNvwGQXWoU&_nc_oc=AdoEbSO0c1lNxzVWRub7FEVhVtvNd4ZkpOqv9gRlw84fGAczOmqUAqK9oyKV5qKTi30&_nc_zt=24&_nc_ht=scontent-iad3-1.xx&_nc_gid=R2x-ynF0sIG7TkMYB3ykZg&_nc_ss=7c2a8&oh=00_AQAzUFe5vkg9XoBNE82tyHoopVgSAgIomxcW6_dg37lxIQ&oe=6A5FAD91","https://www.facebook.com/dilg.philippines","1","1211777619010830","MAGING HANDA SA BAHA

Baha na ba? Manatiling ligtas at #LagingListo ngayong tag-ulan. Narito ang ilang paalala upang makaiwas sa mga sakunang maaaring idulot nito.

Ingat po tayo! #TisoyPH

***
Ano nga ba ang pagbaha?

Ang baha o flooding ay ang hindi inaasahang pagtaas ng tubig sa isang lugar dulot ng tuloy tuloy na pag-ulan, storm-sruge, tsunami o high tide. Ito ay maaari ring dulot ng mga gawain ng tao tulad ng maling pangangasiwa ng basura at kanal, pagputol ng puno at pagpapakawala ng tubig sa dam.

Ano ang maaaring idulot nito?

• Pagpasok ng tubig-baha sa loob ng bahay
• Paglubog ng bahay sa baha
• Maaaring pagmulan ng ng sakit tulad ng leptospirosis, diarrhea at iba pa
• Pagkakuryente sa tubig-baha
• Pagkalunod
• Pagkatangay ng mga mapanganib na hayop o bagay tulad ng ahas at iba pang debris #OperationListo",,,"198","8","1",,"207","265","1575338230000","https://www.facebook.com/dilg.philippines/posts/pfbid0vYKTz45nQdHiBnV7yZKwtkkdY2r5B2wPimzpoqyyzmZJGwpyXMTsn1re2baP7zX3l"
"No photo description available.","569306720305421","photo","https://www.facebook.com/photo/?fbid=569306720305421&set=a.102402198358670",,,,,,,,,"100057666690251","Boss Badong Adventures","https://scontent-iad6-1.xx.fbcdn.net/v/t39.30808-1/234094685_265507088714846_8328304240609504995_n.jpg?stp=cp0_dst-jpg_tt6&cstp=mx1920x1920&ctp=s40x40&_nc_cat=106&ccb=1-7&_nc_sid=2d3e12&_nc_ohc=2WOvZHHQVDwQ7kNvwEQ6kRD&_nc_oc=AdrlSvLkIqSU-uYl_StQBT79ezlBZwmUD0jWwHOOGX6SiIpIzU17FsqwAtrn_0jxFW4&_nc_zt=24&_nc_ht=scontent-iad6-1.xx&_nc_gid=R2x-ynF0sIG7TkMYB3ykZg&_nc_ss=7c2a8&oh=00_AQBBfWSEEZt3b-F98TEsOSAV1NtnEd3pkhst5ANz8YgJBg&oe=6A5FB6C6","https://www.facebook.com/bossbadong28","14","569306880305405","Baha ka lang, Boss B ako 💪",,"242","107","37",,"3","389","0","1575412819000","https://www.facebook.com/bossbadong28/posts/pfbid0j42bVaSnRWhzfVThBkBVAvmWKn4aM1BzFEpWL1YxVGPhQqn3jm1RU2F72eQDk5mMl"
"No photo description available.","473865326618384","photo","https://www.facebook.com/photo.php?fbid=473865326618384&set=a.593514999229425&type=3","No photo description available.","473865363285047","photo","https://www.facebook.com/photo.php?fbid=473865363285047&set=a.593514999229425&type=3","No photo description available.","473865413285042","photo","https://www.facebook.com/photo.php?fbid=473865413285042&set=a.593514999229425&type=3","100057127912948","Ospital ng Sampaloc","https://scontent-iad3-1.xx.fbcdn.net/v/t39.30808-1/485778650_1173270451253874_1940813953766462054_n.jpg?stp=c422.422.1204.1204a_cp0_dst-jpg_tt6&cstp=mx1204x1204&ctp=s40x40&_nc_cat=104&ccb=1-7&_nc_sid=2d3e12&_nc_ohc=NVBe3iiCKP0Q7kNvwGrSNX4&_nc_oc=AdoREf1Rxy5aVM9ruZbuJIZ20ua5pepWtFqR9a3w9IjwT5EhT-5F499NmZp1UemFL_c&_nc_zt=24&_nc_ht=scontent-iad3-1.xx&_nc_gid=R2x-ynF0sIG7TkMYB3ykZg&_nc_ss=7c2a8&oh=00_AQA2iJXH_AK5_MDvdANgW8AFtBkUfcqMa8PGmrTQee8L_Q&oe=6A5FC04D","https://www.facebook.com/OspitalNgSampalocManila","9","473865436618373","LOOK: Konting ulan noon, baha na! Ilan lamang sa mga naging problema tuwing panahon ng tag-ulan.

Ikinatuwa ng mga pasyente at mga empleyado ng Ospital ng Sampaloc ang malaking pagbabago sa drainage system salamat sa Departament of Engineering and Public Works sa tuloy-tuloy na declogging of drainages.

Umulan at umaraw, may access tayo sa serbisyong pangkalusugan! 

(Ulat ni Mira Punzalan/Admitting)

#BagongMaynila 
#AngBagongOSSAM  #AwesomeOSSAM 
#ManilaImComingHome",,,"109","10",,,"119","12","1575355808000","https://www.facebook.com/OspitalNgSampalocManila/posts/pfbid0nSH8Pmhnhs9JzYzkFEspFsNzYUNNkRwMDm1wAHiWMP7LspnB6uzr4aXucRCbBDs4l"
"No photo description available.","10158589778453797","photo","https://www.facebook.com/photo/?fbid=10158589778453797&set=a.196361932220156",,,,,,,,,"100055390527306","Love Eat Wander","https://scontent-iad6-1.xx.fbcdn.net/v/t1.6435-1/209301988_272602921262723_929645625366431678_n.jpg?stp=cp0_dst-jpg_tt6&cstp=mx799x802&ctp=s40x40&_nc_cat=109&ccb=1-7&_nc_sid=2d3e12&_nc_ohc=EX9yLAq65JsQ7kNvwGlBF8U&_nc_oc=AdqBtYpGgf-UEykLcE0Z6vh_pDo4CDpVM9PPIacSAYcmwmmN8vKDU742oiArwlrRmOY&_nc_zt=24&_nc_ht=scontent-iad6-1.xx&_nc_gid=Xbuh8wU4Ea7YfnPBp-cVpQ&_nc_ss=7c2a8&oh=00_AQCWDx2adabKN5BD8x8y9nVSxUvDhXqiAe0lWbSPQI4_rA&oe=6A81510C","https://www.facebook.com/LoveEatWander","6","10158589782518797","In fairness sa baha sa Tondo, Maynila, ang linaw ha! 
Musta kayo mga kababayan. Kapit lang ha?!

Photo by: Dhon Oliva Abril",,"2","40","6",,"15","63","1","1575365621000","https://www.facebook.com/LoveEatWander/posts/pfbid02ywDwiEyGpswP6iNJodugtyDrsjDtfgenxSaTyFQ5dU3BtrHCu2PUAqmtVobAsdNwl"
,,,,,,,,,,,,"100000307908434","Jessie G Consulta","https://scontent-iad6-1.xx.fbcdn.net/v/t39.30808-1/588742407_25678930088367236_5785101019007560471_n.jpg?stp=cp0_dst-jpg_tt6&cstp=mx2048x2048&ctp=s40x40&_nc_cat=100&ccb=1-7&_nc_sid=1d2534&_nc_ohc=vGk6Yg0BO5EQ7kNvwGXhtHC&_nc_oc=AdqCs3A4zugNv-vBwmfFNXHbDVNa-8btb4Ccb0KcuE7yIp1M1KG99mbluh_hBD-Q0Fc&_nc_zt=24&_nc_ht=scontent-iad6-1.xx&_nc_gid=Xbuh8wU4Ea7YfnPBp-cVpQ&_nc_ss=7c2a8&oh=00_AQChhqCUDcauG91_aty4iS4VXTuBIK6m36oKm7exXSgqBg&oe=6A5FC3CF","https://www.facebook.com/consulta.jes","0","2738723869560328","sobrang nakakalungkot ang nangyari po sa amin sa barangay Manjumlad Matnog Sorsogon na iniwan ng bagyong Tisoy..ang palayan po ay parang naging dagat sa sobrang taas ng tubig baha..sana po matulungan niyo at matulungan ang aking mga kabarangay # GMA KAPUSO FOUNDATION.. salamat po ng marami🙏🙏🙏",,,"24",,"27",,"51","3","1575505108000","https://www.facebook.com/groups/youscoopgroup/permalink/2738723869560328/"
"No photo description available.","2467460913524396","photo","https://www.facebook.com/photo.php?fbid=2467460913524396&set=a.351075683690333&type=3","No photo description available.","2467460990191055","photo","https://www.facebook.com/photo.php?fbid=2467460990191055&set=a.351075683690333&type=3",,,,,"100063637123956","ASPIN tunay at tapat","https://scontent-iad3-1.xx.fbcdn.net/v/t39.30808-1/272656369_351075713690330_1920182975466971025_n.jpg?stp=cp0_dst-jpg_tt6&cstp=mx1440x1440&ctp=s40x40&_nc_cat=101&ccb=1-7&_nc_sid=2d3e12&_nc_ohc=M-KHfDY_oNMQ7kNvwGzeWIG&_nc_oc=Adr7q3RA5J0LD5irJh9ptBayLmBSSnEMpxcKVf0lUqBrVB-B15YpfNHr0TURfz8vKoo&_nc_zt=24&_nc_ht=scontent-iad3-1.xx&_nc_gid=Xbuh8wU4Ea7YfnPBp-cVpQ&_nc_ss=7c2a8&oh=00_AQD7PEQAZcIyIhewy-aHjBBwKv3rLrDq7c6VP2OYgTVMNw&oe=6A5FA4E8","https://www.facebook.com/aspintunayattapat","21","2467461020191052","Kaya namin lumusong sa baha at magpakabasa sa ulan para sa inyo mga anak 😊

#typhoon #tisoy",,,"143","126",,"2","271","4","1575350559000","https://www.facebook.com/aspintunayattapat/posts/pfbid0UQ9xWR6drRv38fVZdLUx6KrsqfWoZwTyFCLHs8YAEXDa25dijXaeqocszUey2khul"
,,,,,,,,,,,,"100044544154839","Tindero ng fishball na nag shishitpost","https://scontent-iad6-1.xx.fbcdn.net/v/t39.30808-1/254266988_423083032519832_4630585415800610139_n.jpg?stp=cp0_dst-jpg_tt6&cstp=mx1080x1080&ctp=s40x40&_nc_cat=102&ccb=1-7&_nc_sid=2d3e12&_nc_ohc=nEDTjbjrkm0Q7kNvwGroxUm&_nc_oc=AdrQfXLEBPZLbBB_9c-EPpy9VB1hqt5FHFxRbXh0Fe6eOLLjtD0qFbo41Mos62-zL0s&_nc_zt=24&_nc_ht=scontent-iad6-1.xx&_nc_gid=Xbuh8wU4Ea7YfnPBp-cVpQ&_nc_ss=7c2a8&oh=00_AQA72g0awVQ-jK2DWD8OyBWemPs-hU5DAN5C1WzCjRw3BA&oe=6A5FBB91","https://www.facebook.com/dessertpre","5","750166702131424","pinalangoy ko muna sa baha yung mga pisbol para fresh pag niluto",,"70","5",,"2",,"77","23","1575367358000","https://www.facebook.com/dessertpre/posts/pfbid02tLek1uu5iL9eeiTVLVLiBVF47fnG66Qy7Qhger7sq3cqyi5edr8S8TTN98m1p738l"
,,,,,,,,,,,,"883005076","Gerard Ang Ngo Ching","https://scontent-iad6-1.xx.fbcdn.net/v/t1.6435-1/96086532_10163758626765077_5097441511025410048_n.jpg?stp=cp0_dst-jpg_tt6&cstp=mx914x914&ctp=s24x24&_nc_cat=106&ccb=1-7&_nc_sid=e99d92&_nc_ohc=x9M5K3hF1N8Q7kNvwEUGU6i&_nc_oc=AdoO9K0t46B-EnXGOOL9SOqNFhPeoZbdKUFBLz5QKg7ulKY0QobdcNjFCk90rMJEa0s&_nc_zt=24&_nc_ht=scontent-iad6-1.xx&_nc_gid=Xbuh8wU4Ea7YfnPBp-cVpQ&_nc_ss=7c2a8&oh=00_AQB98roQCCTyK-upHoazyX54AyCVyClJVhl7hY85tXtHKw&oe=6A815BA0","https://www.facebook.com/gerard.a.ching","16","1505239699632801","Sana huminto na ang Pug-ulan... Lubog na kasi kami sa baha... Oishii🤣",,"143","128","90","2","1","364","0","1575348302000","https://www.facebook.com/groups/dog.ph/permalink/1505239699632801/"
,,,,,,,,,,,,"883005076","Gerard Ang Ngo Ching","https://scontent-iad6-1.xx.fbcdn.net/v/t1.6435-1/96086532_10163758626765077_5097441511025410048_n.jpg?stp=cp0_dst-jpg_tt6&cstp=mx914x914&ctp=s24x24&_nc_cat=106&ccb=1-7&_nc_sid=e99d92&_nc_ohc=x9M5K3hF1N8Q7kNvwEUGU6i&_nc_oc=AdoO9K0t46B-EnXGOOL9SOqNFhPeoZbdKUFBLz5QKg7ulKY0QobdcNjFCk90rMJEa0s&_nc_zt=24&_nc_ht=scontent-iad6-1.xx&_nc_gid=Ata9qt2qQa4xkO56ClsFuQ&_nc_ss=7c2a8&oh=00_AQBZ3uKvWrMDKt8JwRjJd5TssRRGaN76_g_pv-VIYr2H6g&oe=6A815BA0","https://www.facebook.com/gerard.a.ching","46","2735252636531122","Sana huminto na ang Pug-ulan... Lubog na kasi kami sa baha... Oishii🤣",,"356","340","297","3","8","1004","18","1575343779000","https://www.facebook.com/groups/289423834447360/permalink/2735252636531122/"
,,,,,,,,,,,,"100064621212171","Ballislife PH","https://scontent-iad3-1.xx.fbcdn.net/v/t1.30497-1/453178253_471506465671661_2781666950760530985_n.png?stp=cp0_dst-png&cstp=mx2048x2048&ctp=s40x40&_nc_cat=1&ccb=1-7&_nc_sid=3e70f4&_nc_ohc=xrEZogmpOGwQ7kNvwE4prVJ&_nc_oc=AdqW7CHBRN8vKmsscm-RH9X7_hoHTk30a2B3IgGGTqUdF1WCOMiIdfL7umjbUz647Ck&_nc_zt=24&_nc_ht=scontent-iad3-1.xx&_nc_ss=7c2a8&oh=00_AQARyfTtIZQDSzNIMI63pdsWAVhBeRAdE_JOI3eHeN8evA&oe=6A81427A","https://www.facebook.com/Pinasballislife","51","3028504327176956","Kamusta ang mga Court sa inyo? 

Samin Baha na!",,"351","169","4","96","1","621","495","1575358488000","https://www.facebook.com/Pinasballislife/posts/pfbid02pmG853f4jhKcBm6vUUDN4u6LdF51YDF1XF7wVx4UKjxdfaWcTPHnpVxej7LD4EHJl"
"No photo description available.","10162903794055077","photo","https://www.facebook.com/photo/?fbid=10162903794055077&set=gm.2737355576320828",,,,,,,,,"883005076","Gerard Ang Ngo Ching","https://scontent-iad6-1.xx.fbcdn.net/v/t1.6435-1/96086532_10163758626765077_5097441511025410048_n.jpg?stp=cp0_dst-jpg_tt6&cstp=mx914x914&ctp=s24x24&_nc_cat=106&ccb=1-7&_nc_sid=e99d92&_nc_ohc=x9M5K3hF1N8Q7kNvwEUGU6i&_nc_oc=AdoO9K0t46B-EnXGOOL9SOqNFhPeoZbdKUFBLz5QKg7ulKY0QobdcNjFCk90rMJEa0s&_nc_zt=24&_nc_ht=scontent-iad6-1.xx&_nc_gid=Ata9qt2qQa4xkO56ClsFuQ&_nc_ss=7c2a8&oh=00_AQBZ3uKvWrMDKt8JwRjJd5TssRRGaN76_g_pv-VIYr2H6g&oe=6A815BA0","https://www.facebook.com/gerard.a.ching","15","2737355576320828","Ang bagal po humupa ng tubig baha dito sa amin... Oishii 🤣✌️",,"123","165","139",,,"427","5","1575430726000","https://www.facebook.com/groups/289423834447360/permalink/2737355576320828/"
,,,,,,,,,,,,"100064268816208","Ang Viral Mo","https://scontent-iad6-1.xx.fbcdn.net/v/t39.30808-1/309436629_465795132239443_961323041766849020_n.jpg?stp=c31.0.545.545a_cp0_dst-jpg_tt6&cstp=mx545x545&ctp=s40x40&_nc_cat=106&ccb=1-7&_nc_sid=2d3e12&_nc_ohc=H-AsaA658sMQ7kNvwHpNRhC&_nc_oc=AdqReu77F30LOfoRNTn_1mbOOjQ8AdnhX38BuICFvHEjy9iHRwqhGEBcLCYgyG0wvcE&_nc_zt=24&_nc_ht=scontent-iad6-1.xx&_nc_gid=Ata9qt2qQa4xkO56ClsFuQ&_nc_ss=7c2a8&oh=00_AQBGN-MnB-RVx5iKfzFdvRJBiBJW0DccN9XY4D1d9FyYEg&oe=6A5FBEC6","https://www.facebook.com/angviralmo.ph","1","512106272981046","Freediving with a mission 🧜🧜🧜",,"47","4","2",,,"53","6","1575340231000","https://www.facebook.com/Myhpfins/posts/pfbid0qdPaFHynHnXbFVBxGBivPAyAFDGaXMn5bPreV91841GwjBQBcCbDMJiaS7QUW5gnl"
"No photo description available.","127527368694205","photo","https://www.facebook.com/photo/?fbid=127527368694205&set=a.538518124740802",,,,,,,,,"100057478568250","Estupidyante","https://scontent-iad6-1.xx.fbcdn.net/v/t39.30808-1/298652396_538518151407466_7601600983604317524_n.png?stp=cp0_dst-png&cstp=mx576x576&ctp=s40x40&_nc_cat=107&ccb=1-7&_nc_sid=2d3e12&_nc_ohc=bpCSgkjkRwcQ7kNvwEsOSzz&_nc_oc=AdqbN4hqx1_zMyPDs8YK8J141Ev7AjiXViuVOzIO1phpdvEyiCrx0s9nlKDNNJfzqgo&_nc_zt=24&_nc_ht=scontent-iad6-1.xx&_nc_gid=Ata9qt2qQa4xkO56ClsFuQ&_nc_ss=7c2a8&oh=00_AQAgj4-V9BoCHItO7YeEvXAHHDGAPmxE8EkMUhoZaVRCPQ&oe=6A5FB883","https://www.facebook.com/Estupidyanteinaction","0","127527395360869","MAG-INGAT!
ISDANG MAY PAKPAK NATAGPUAN SA BAHA

#TISAY",,"4","6",,,,"10","5","1575428233000","https://www.facebook.com/Estupidyanteinaction/posts/pfbid0grUGNrv267asFskHdMBeBuo5x3ahsTfVN4sfVe718UmntGo1n1XXBVRjgYcyF9JXl"
,"2304764579815013","video",,,,,,,,,,"100057834571669","Ned Adriano Vlogs","https://scontent-iad3-1.xx.fbcdn.net/v/t39.30808-1/469620397_987845016486642_4494017151115584987_n.jpg?stp=cp0_dst-jpg_tt6&cstp=mx1440x1440&ctp=s40x40&_nc_cat=1&ccb=1-7&_nc_sid=2d3e12&_nc_ohc=h7NySPeu8D4Q7kNvwF4_ziY&_nc_oc=Ado49c8df1hkMMq0mhSYRskdL4vxj_iYi4QRe0KbZcQ98DJ3p4x682A9PS5mAlgFEkM&_nc_zt=24&_nc_ht=scontent-iad3-1.xx&_nc_gid=Ata9qt2qQa4xkO56ClsFuQ&_nc_ss=7c2a8&oh=00_AQCeOpSgAj1J8E1HqwGTaJmi21GRoxadP0lieJYOyDbJGA&oe=6A5FAB8F","https://www.facebook.com/nedadrianovlogs","0","155694249146414","Dami ko ng nadaanang baha dito sa Sta. Rosa, Laguna wala lang akong dalang action camera. Mag ingat po ang lahat at kung maari wag ng lumabas muna ng bahay malakas ang hangin. Let's all pray for our safety lalo sa ibang lugar.",,,"6",,,"1","7","5","1575356887000","https://www.facebook.com/nedadrianovlogs/videos/2304764579815013/"
,,,,,,,,,,,,"100064849986224","GMA News","https://scontent-iad3-1.xx.fbcdn.net/v/t39.30808-1/658216539_1459297662908553_7892569438724908023_n.jpg?stp=cp0_dst-jpg_tt6&cstp=mx1200x1200&ctp=s40x40&_nc_cat=1&ccb=1-7&_nc_sid=2d3e12&_nc_ohc=_9Kw3PkUnsIQ7kNvwFZYCIH&_nc_oc=AdoZqgAWhO5Q9BozI0Yc-9nCXi9RPdvORF0f8iWYwGqo9m1LjuAh51Jtjuigv3XNWRQ&_nc_zt=24&_nc_ht=scontent-iad3-1.xx&_nc_gid=d1z98LyjGV4ftJo-wKHTXg&_nc_ss=7c2a8&oh=00_AQDvc5KeRlkA7qNIVmZ6XAGm7qo2bljdOXFHQikZdyUjsw&oe=6A5FC37F","https://www.facebook.com/gmanews","0","2618162201632540","Mag ingat po tayong lahat mga boss",,,"3",,"1",,"4","4","1575346937000","https://www.facebook.com/unitedcarclubsph/posts/pfbid02d3eUsqwZVenNiEzCdKJX1mTHGatxxVsVc3mZwBN7bXZtBv7v9Scg27CtYaLzxZ2rl"
,,,,,,,,,,,,"100063766537755","Benzgnk","https://scontent-iad6-1.xx.fbcdn.net/v/t39.30808-1/696422794_1531348092334061_1830498434250086542_n.jpg?stp=cp0_dst-jpg_tt6&cstp=mx1448x1454&ctp=s40x40&_nc_cat=109&ccb=1-7&_nc_sid=2d3e12&_nc_ohc=f-qrcSjeRwAQ7kNvwFI2zcZ&_nc_oc=Adr2chtNLTfYgYhELpqZlHHzMlvZzL-VNHxJ5oYO1pq77oZNB91LpTK_o1sj-6F3suA&_nc_zt=24&_nc_ht=scontent-iad6-1.xx&_nc_gid=d1z98LyjGV4ftJo-wKHTXg&_nc_ss=7c2a8&oh=00_AQARFa8epo3GUh6jIGv_NwhaxLLdNUoXJ41oh5EP-E31SA&oe=6A5FCA40","https://www.facebook.com/Benzgnk","1","2404522026530353","Mga Kinahaharap ng mga 𝗘𝗺𝗽𝗹𝗲𝘆𝗮𝗱𝗼 pag may BAGYO 🌀😁.
▶️LAKAS ng ULAN.☔🌦
▶️BAHA.🌊
▶️Walang masasakyan. 🚕
▶️Maputik na daanan🚧
▶️ MALIGO🛀
▶️𝗠𝗔𝗕𝗔𝗛𝗢𝗡𝗚 𝗦𝗔𝗣𝗔𝗧𝗢𝗦👟😂👌
#IbarraKnows",,"4","5",,,,"9","2","1575348633000","https://www.facebook.com/Benzgnk/posts/pfbid0UPVxDCZzHGLfTyxeAafGZoLTqyCUqLBgLMbmyZSktoz3FaQKKUdLmbw95FQphsLLl"
,,,,,,,,,,,,"100064876470569","The deepest part of the Internet","https://scontent-iad6-1.xx.fbcdn.net/v/t39.30808-1/491800295_1106401141532425_7750778270325231791_n.jpg?stp=c43.43.938.938a_cp0_dst-jpg_tt6&cstp=mx938x938&ctp=s40x40&_nc_cat=102&ccb=1-7&_nc_sid=2d3e12&_nc_ohc=J3J1YUsoM5YQ7kNvwGmr8Cd&_nc_oc=Adp3yFdsQMis9gIa9OSQL9i3qbxNBUfncB5N9PNmnWVecuUvOb63ndQkIceUV_Tvpd8&_nc_zt=24&_nc_ht=scontent-iad6-1.xx&_nc_gid=d1z98LyjGV4ftJo-wKHTXg&_nc_ss=7c2a8&oh=00_AQBBw3mWS8i-SqN1HMc0qvNeZZ7PuZ4kF8wu-f5gD0i0Vg&oe=6A5FC6F6","https://www.facebook.com/TDPOTI","0","822380238218470","Guys, tag baha ngayon. Kapag may nalunod alam na this",,"3",,,,,"3","1","1575422347000","https://www.facebook.com/sneakerforge/posts/pfbid031U1cVmvwkdBPVErCt6wQgC6VAiZPALHvWyyY8PXt11RPt4UWif75NY2SfvEZVfSel"
,"1271925936343300","video",,,,,,,,,,"100050299217633","Anton Eder Vlogs","https://scontent-iad6-1.xx.fbcdn.net/v/t39.30808-1/252058873_1083838169087446_6139504771858081215_n.jpg?stp=cp0_dst-jpg_tt6&cstp=mx2048x2048&ctp=s40x40&_nc_cat=107&ccb=1-7&_nc_sid=2d3e12&_nc_ohc=PbE9-jj2BgkQ7kNvwFnOUSW&_nc_oc=AdqX3TuCoWlMfWZsFJX9g3QT-Okm15F5MqnVU94Qvhk6B0X9Ml9TybIUpQZDybOUg3E&_nc_zt=24&_nc_ht=scontent-iad6-1.xx&_nc_gid=d1z98LyjGV4ftJo-wKHTXg&_nc_ss=7c2a8&oh=00_AQDfO0edbr1FcAd1ZIqkVwWf2ccvDY7IQXqf_3UuEOdT_Q&oe=6A5FBEA9","https://www.facebook.com/antoneder24","4","587844268686841","WATCH: Baha na sa bahaging ito ng Mauban, Quezon dahil sa pagtaas at pag-apaw ng mga alon dulot ng bagyong 📸 Ralph",,,"6",,"4",,"10","3","1575350476000","https://www.facebook.com/antoneder24/videos/1271925936343300/"
,,,,,,,,,,,,"100044334434311","DYOSA POCKOH","https://scontent-iad3-1.xx.fbcdn.net/v/t39.30808-1/596390175_1390205349133933_8961448473819969156_n.jpg?stp=cp6_dst-jpg_tt6&cstp=mx2048x2048&ctp=s40x40&_nc_cat=1&ccb=1-7&_nc_sid=2d3e12&_nc_ohc=aLClxrb3hgEQ7kNvwE-vB6o&_nc_oc=AdoXRvG5j9_V2eTKcEKNHcfu_ashOP6Dt2zAtgHW_yfe1Rye1wo_BHdm5sPvNNCsOOA&_nc_zt=24&_nc_ht=scontent-iad3-1.xx&_nc_gid=d1z98LyjGV4ftJo-wKHTXg&_nc_ss=7c2a8&oh=00_AQBkOMGyjrGzaFS5keiar2-zan22q-pt881GYUzeqIFwWw&oe=6A5FC110","https://www.facebook.com/dyosapockoh12","0","1536985486440267","Ang pagmamahal ko sa’yo parang baha, lumalalim nang lumalalim sa oras oras.",,"8","7",,,,"15","1","1575336685000","https://www.facebook.com/dyosapockoh12/posts/pfbid0a4SVnQC4h3soEJWnYEvgtzytoNqzfkTfjsVHUXvw716hLY1DUP7XRkZ1uFH9ZZb4l"
,"543967252850136","video",,,,,,,,,,"100063927286729","OpinYon","https://scontent-iad3-1.xx.fbcdn.net/v/t39.30808-1/348433218_101905509582554_5659467952991012178_n.png?stp=cp0_dst-png&cstp=mx597x597&ctp=s40x40&_nc_cat=101&ccb=1-7&_nc_sid=2d3e12&_nc_ohc=fbtnLjn_8Z0Q7kNvwG_ezBQ&_nc_oc=Adr80fY9Ou9v0aenkhrrqPvoaN9j2XpTQroPlzWnbMqeUbh4T_GBjxOsGcgzlxEtRpw&_nc_zt=24&_nc_ht=scontent-iad3-1.xx&_nc_gid=d1z98LyjGV4ftJo-wKHTXg&_nc_ss=7c2a8&oh=00_AQCira6aq0GjhRiF2krxJKJT8neooh5f-jun5jfWUBN-dA&oe=6A5FC681","https://www.facebook.com/OpinYon","0","2830707133608925","#TRENDING Baha ka lang, college student ako!

VIDEO | CTTO",,"7","7","1",,,"15","1","1575345486000","https://www.facebook.com/OpinYon/videos/543967252850136/"
,,,,,,,,,,,,"100083451012011","Mga hugot lines","https://scontent-iad6-1.xx.fbcdn.net/v/t39.30808-1/295382456_112380971553603_8710664701200566379_n.jpg?stp=c170.0.1024.1024a_cp0_dst-jpg_tt6&cstp=mx1024x1024&ctp=s40x40&_nc_cat=100&ccb=1-7&_nc_sid=2d3e12&_nc_ohc=qrp5hPr4FvQQ7kNvwEzPJar&_nc_oc=Adq40IqTTf44kYmIyr20dMbITKjTTNvpCEheHqhCiRZf1T4HkV_AgfurYZ7gBRN3lKU&_nc_zt=24&_nc_ht=scontent-iad6-1.xx&_nc_gid=0SOj0JyseljVvkWYzTGqeg&_nc_ss=7c2a8&oh=00_AQAzh25f7ttTv6nXUOiPdZqICb85oRlMqvO-NiLBpHNJuQ&oe=6A5FC7FD","https://www.facebook.com/Shapiipi","0","795999407514229","keep safe nga pre
ingat po sa baha",,"20","3",,,,"23","2","1575381564000","https://www.facebook.com/jabememes6969/posts/pfbid0RcJhC4ae1cDEQSHc7TV2rXbPpsNhytaD2yYyfz35cPUDpShLe2M8rTxuP3opvU6Cl"
"No photo description available.","1840978389368319","photo","https://www.facebook.com/photo/?fbid=1840978389368319&set=a.479335200868486",,,,,,,,,"100063760310555","M3","https://scontent-iad3-1.xx.fbcdn.net/v/t39.30808-1/465787864_1096960199105980_7316837540621330017_n.jpg?stp=cp0_dst-jpg_tt6&cstp=mx983x983&ctp=s40x40&_nc_cat=104&ccb=1-7&_nc_sid=2d3e12&_nc_ohc=JAzi9s_6XQsQ7kNvwH3iqjG&_nc_oc=Adp1QxjsMAlyMZwN2AC4iXNNyGvW5_gm9W1GvSSe9aiDoHAbUv2ZFFGssY6UL5e-deU&_nc_zt=24&_nc_ht=scontent-iad3-1.xx&_nc_gid=0SOj0JyseljVvkWYzTGqeg&_nc_ss=7c2a8&oh=00_AQC7vQIB32ZAYrvx7m69uS1SU5jZcYrqfvco40ERfnisiA&oe=6A5FCBBF","https://www.facebook.com/w2w.cmagazine","9","1840978439368314","Employee: Sir, may pasok po ba tayo ngayon? Sobrang baha na kasi sa lugar namin.

Boss: Meron! And don't be late!

Employee: Ok sir, papunta na po. BUSET! 🐠🐟🦈🐋🦀
📷 Padoy Fajermo",,,,,,,"0","65","1575344159000","https://www.facebook.com/w2w.cmagazine/posts/pfbid0GRFWHc5aoHjxz7AWGM7XEkAWXpyiwFeqjsghXfYt3ZxAzm35iibwVQC8Jt1WawyEl"
"No photo description available.","2672330562827974","photo","https://www.facebook.com/photo.php?fbid=2672330562827974&set=a.133564280037961&type=3","No photo description available.","2672330672827963","photo","https://www.facebook.com/photo.php?fbid=2672330672827963&set=a.133564280037961&type=3",,,,,"100001531684201","Christian Agtay Diamante","https://scontent-iad3-1.xx.fbcdn.net/v/t39.30808-1/667807967_26581943024773393_8763182606792184385_n.jpg?stp=c0.0.1080.1080a_cp0_dst-jpg_tt6&cstp=mx1080x1080&ctp=s40x40&_nc_cat=101&ccb=1-7&_nc_sid=1d2534&_nc_ohc=4XvOj4fH-yMQ7kNvwEJjKIm&_nc_oc=AdpFfuiiGPZGeBRzeKlLZjeMsvOO5kRmO3EiOELK5CfApi1LDw2gNx9a4PsdexR2ZT4&_nc_zt=24&_nc_ht=scontent-iad3-1.xx&_nc_gid=0SOj0JyseljVvkWYzTGqeg&_nc_ss=7c2a8&oh=00_AQAIJ0_D_wVHI8mYSpmz5rhMyaHi1TKMoVJsKovahdHoLw&oe=6A5FB7F9","https://www.facebook.com/tianedz04","18","2672330719494625","Subukan mo kaya Tisoy n kumain ng naka paa..😤😤 maulan  baha sa daan.. sana po ay ligtas ang lahat.. 🙏🙏🙏🙏",,,"28",,"1",,"29","0","1575357434000","https://www.facebook.com/tianedz04/posts/pfbid0357Sd3Njiuuspnx4sxVQdeY2yTHpfeZEMTaKouBwA9CrW9qw7Tby2pgMiotVJiRNAl"
"No photo description available.","2467444746859346","photo","https://www.facebook.com/photo/?fbid=2467444746859346&set=a.351075683690333",,,,,,,,,"100063637123956","ASPIN tunay at tapat","https://scontent-iad3-1.xx.fbcdn.net/v/t39.30808-1/272656369_351075713690330_1920182975466971025_n.jpg?stp=cp0_dst-jpg_tt6&cstp=mx1440x1440&ctp=s40x40&_nc_cat=101&ccb=1-7&_nc_sid=2d3e12&_nc_ohc=M-KHfDY_oNMQ7kNvwGzeWIG&_nc_oc=Adr7q3RA5J0LD5irJh9ptBayLmBSSnEMpxcKVf0lUqBrVB-B15YpfNHr0TURfz8vKoo&_nc_zt=24&_nc_ht=scontent-iad3-1.xx&_nc_gid=0SOj0JyseljVvkWYzTGqeg&_nc_ss=7c2a8&oh=00_AQCDwjlpcxzwrPy-5ji_MbfKsiQsHNtL5s0kOv4M4dGQ9A&oe=6A5FA4E8","https://www.facebook.com/aspintunayattapat","1","2467444920192662","Napalusong kami sa baha dahil nasira ang bubong ng bubong ng bahay ng mga ampon na aso namin.. pasalamat at maliit na sira lang.. pero di pa din tapos ang bagyo.. sana naman tumigil kana bagyong #tisoy",,,"9",,"13",,"22","1","1575348837000","https://www.facebook.com/aspintunayattapat/posts/pfbid02fftLWN3Pe4W3JzNAyMQ2QFZiPbswkcBCK2qPMPCUBVCQPgvZgw8bNLDh7M3yBgKul"
"No photo description available.","114497783359748","photo","https://www.facebook.com/photo/?fbid=114497783359748&set=a.434186112056980",,,,,,,,,"100063967848443","Lace Down","https://scontent-iad3-2.xx.fbcdn.net/v/t39.30808-1/293025376_434186145390310_3686489700086961742_n.png?stp=cp0_dst-png&cstp=mx937x938&ctp=s40x40&_nc_cat=111&ccb=1-7&_nc_sid=2d3e12&_nc_ohc=5whXFGHGNxEQ7kNvwHkurRs&_nc_oc=AdoAwnDZQbJlLh18e7y3e9nCwQ0A0JY08oW2o1MwA2_2Ro-0zttOxBpjczXJvZNA3NY&_nc_zt=24&_nc_ht=scontent-iad3-2.xx&_nc_gid=0SOj0JyseljVvkWYzTGqeg&_nc_ss=7c2a8&oh=00_AQCfDw40u-8jbh0wH4B62NzUGP-hY0706LZ3iCOlIt5q0Q&oe=6A5FA295","https://www.facebook.com/LaceDownbyLD","0","114498736692986","When flex is life but it's ""baha"" outside <3 lol .. everyone stay dry",,,"3","2",,"1","6","1","1575346392000","https://www.facebook.com/LaceDownbyLD/posts/pfbid02URFEsDkDht2VKhGms4mJnyj5dzXvXvfW8BM8T44Siz9nCaLNFpfHutTCpk88BQYgl"
