url,text,likes,shares,comments,media_count,media_types,media_urls
https://www.facebook.com/PAGASA.DOST.GOV.PH/posts/pfbid02wPSrF6WNqXY3JWfSTbr4h8j3V3qXnt4Gt2CoScmDp5NVhJNMAtFaKkAiSBcucEj7l,"Pampanga River Basin Update as of 5:00 AM, 30 April 2026",51,7,,1,Photo,https://www.facebook.com/photo/?fbid=1428729302632052&set=a.365711365600523
https://www.facebook.com/PAGASA.DOST.GOV.PH/posts/pfbid03qpZSHY89szzVXDTMXNVqsX1uQYnDZ5HvegfNwrRAt2BQAC5R3HGrMd3pjk2i1tkl,"24-HOUR PUBLIC WEATHER FORECAST
Issued at 4:00 AM, 30 April 2026

SYNOPSIS: Easterlies affecting the country.

Forecast Weather Conditions

Area: Dinagat Islands, Surigao del Norte, Surigao del Sur, and Davao Oriental
Weather Condition: Cloudy skies with scattered rains and thunderstorms
Caused By: Easterlies
Impacts: Possible flash floods or landslides due to moderate to at times heavy rains

Area: Metro Manila and the rest of the country
Weather Condition: Partly cloudy to cloudy skies with isolated rainshowers or thunderstorms
Caused By: Easterlies
Impacts: Possible flash floods or landslides during severe thunderstorms

Forecast Wind and Coastal Water Conditions

Area: The eastern section of Mindanao
Wind Speed: Light to Moderate
Wind Direction: Northeast to North
Coastal Waters: Slight to Moderate / (0.6 to 1.8 meters)

Area: Northern Luzon
Wind Speed: Light to Moderate
Wind Direction: Southeast to Northeast
Coastal Waters: Slight to Moderate / (0.6 to 1.8 meters)

Area: The rest of the country
Wind Speed: Light to Moderate
Wind Direction: East to Northeast
Coastal Waters: Slight to Moderate / (0.6 to 1.8 meters)

Extremes of Temperature and Relative Humidity for The 24-hour Period Ending 8:00 PM YESTERDAY

Minimum Temperature: 26.9 °C ... 5:00 AM
Maximum Temperature: 36.1 °C... 3:00 PM

Minumum Relative Humidity: 42 % ... 3:00 PM
Maximum Relative Humidity: 76 % ... 5:00 AM

TIDES AND ASTRONOMICAL INFORMATION Over Metro Manila

sunrise today: 5:34AM
sunset today: 6:13PM
moonrise today: 5:04PM
moonset today: 4:16AM
illumination today: 99%

For other information about weather, please log on to pagasa.dost.gov.ph or bagong.pagasa.dost.gov.ph or call at (02)927-1335/(02)926-4258",121,68,1,1,Photo,https://www.facebook.com/photo/?fbid=1428685535969762&set=a.365711365600523
https://www.facebook.com/PAGASA.DOST.GOV.PH/posts/pfbid0ETf1dtr9PgUes8oTbdcahCLr7fJ7ybDKYZWS8nTpwRJWzmaiZcPSr28i32Hhtzyml,"As of 2:00 AM today, 30 April 2026, no Low Pressure Areas (LPA) are being monitored for Tropical Cyclone Formation.

All are advised to monitor updates from DOST-PAGASA.",648,108,12,1,Photo,https://www.facebook.com/photo/?fbid=1428668462638136&set=a.365711365600523
https://www.facebook.com/PAGASA.DOST.GOV.PH/posts/pfbid032bCBVqCa5rDeWDRus78p4kht8KpcPRjRjrX6tsN91B4CB4pYRE9XCeC8MCGzYZmTl,"As of 8:00 PM today, 29 April 2026, no Low Pressure Areas (LPA) are being monitored for Tropical Cyclone Formation.

All are advised to monitor updates from DOST-PAGASA.",541,57,8,1,Photo,https://www.facebook.com/photo/?fbid=1428394869332162&set=a.365711365600523
https://www.facebook.com/PAGASA.DOST.GOV.PH/posts/pfbid02o7U6pNStevU4kFwERKrhDE6cHWZJTvqmXsunEwaPbdta4na35xopWFupPoc2vkaTl,"Highest Computed 5-day Heat Index with 2-day Forecast 
Issued as of 5:00 PM, 29 April 2026 

For more information about the heat index: 
https://www.pagasa.dost.gov.ph/weather/heat-index 

Information from the DOH Philippines about heat-related illnesses during extremely hot weather:
https://bit.ly/DOHPhPublicHealthAdvisory 

Don't forget to take necessary precautions and stay cool and hydrated everyone! ☀️🌡️ 
#HeatIndex #AngInit",132,69,2,4,|Photo|Photo|Photo,https://www.facebook.com/PAGASA.DOST.GOV.PH/posts/pfbid02o7U6pNStevU4kFwERKrhDE6cHWZJTvqmXsunEwaPbdta4na35xopWFupPoc2vkaTl|||
https://www.facebook.com/PAGASA.DOST.GOV.PH/posts/pfbid0RQpfTr2UdLeqQsCT4YidPoRqbhWxRpBFvGj47mv5WzAcYCAorNdsoUNnjMByeqPNl,"SPECIAL WEATHER OUTLOOK ON LABOR DAY 2026
(01 May 2026)

The Easterlies will be the dominant weather system to affect the country on Labor Day.

It will bring cloudy skies with scattered rains and thunderstorms over Zamboanga Peninsula, Northern Mindanao, Caraga, Davao Region, Palawan, Southern Leyte, and Basilan. Meanwhile, partly cloudy to cloudy skies will be experienced over Metro Manila and the rest of the country, with the possibility of isolated rainshowers or thunderstorms.

Light to moderate easterly to northeasterly winds will prevail over the whole archipelago, with slight to moderate seas.

Warm and humid conditions will persist in most parts of the country. To avoid fatigue, heat cramps, and heat exhaustion: 

✅Drink water regularly 💧
✅Take breaks in shaded areas 🌳
✅Wear comfortable clothing 👕
✅Use sun protection (hats or umbrellas) 🧢☂️
🚫Avoid alcohol and caffeine as much as possible 🍺☕

For more details, read full outlook here:
https://www.pagasa.dost.gov.ph/article/210",243,84,,1,Photo,https://www.facebook.com/photo/?fbid=1428266046011711&set=a.365711365600523
https://www.facebook.com/PAGASA.DOST.GOV.PH/posts/pfbid023GjEyexFRbU5kS3LXznZx6wjc1uZYJbYeFLpirPWGGphUWP5XhqDaqrccFHTaTFXl,"Highest Computed 5-day Heat Index
Issued as of 5:00 PM, 29 April 2026 

For more information about the heat index: 
https://www.pagasa.dost.gov.ph/weather/heat-index 

Information from the DOH Philippines about heat-related illnesses during extremely hot weather:
https://bit.ly/DOHPhPublicHealthAdvisory 

Forecast for the next 2 days will be available at 6:30 PM.

Don't forget to take necessary precautions and stay cool and hydrated everyone! ☀️🌡️ 
#HeatIndex #AngInit",122,40,7,3,|Photo|Photo,https://www.facebook.com/PAGASA.DOST.GOV.PH/posts/pfbid023GjEyexFRbU5kS3LXznZx6wjc1uZYJbYeFLpirPWGGphUWP5XhqDaqrccFHTaTFXl||
https://www.facebook.com/PAGASA.DOST.GOV.PH/posts/pfbid02eTDCjY4UvTJ2h1JJEGaDuWHSy9B1S96GSkRj8SpCDDykx41v46apAMJT2dNaG3Kcl,"24-HOUR PUBLIC WEATHER FORECAST
Issued at 4:00 PM, 29 April 2026

SYNOPSIS: Easterlies affecting the country.

Forecast Weather Conditions

Area: Eastern Samar, Southern Leyte, Dinagat Islands, Surigao del Norte, Surigao del Sur, and Davao Oriental
Weather Condition: Cloudy skies with scattered rains and thunderstorms
Caused By: Easterlies
Impacts: Possible flash floods or landslides due to moderate to at times heavy rains

Area: Metro Manila and the rest of the country
Weather Condition: Partly cloudy to cloudy skies with isolated rainshowers or thunderstorms
Caused By: Easterlies
Impacts: Possible flash floods or landslides during severe thunderstorms

Forecast Wind and Coastal Water Conditions

Area: Northern Luzon
Wind Speed: Light to Moderate
Wind Direction: Southeast to Northeast
Coastal Waters: Slight to Moderate / (0.6 to 1.8 meters)

Area: The rest of the country
Wind Speed: Light to Moderate
Wind Direction: East to Northeast
Coastal Waters: Slight to Moderate / (0.6 to 1.8 meters)

Extremes of Temperature and Relative Humidity for The 24-hour Period Ending 4:00 PM TODAY

Minimum Temperature: 26.9 °C ... 5:00 AM
Maximum Temperature: 36.1 °C... 3:00 PM

Minumum Relative Humidity: 42 % ... 3:00 PM
Maximum Relative Humidity: 76 % ... 5:00 AM

TIDES AND ASTRONOMICAL INFORMATION Over Metro Manila

sunrise tomorrow: 5:34AM
sunset today: 6:13PM
moonrise tomorrow: 5:04PM
moonset tomorrow: 4:16AM
illumination tomorrow: 99%

For other information about weather, please log on to pagasa.dost.gov.ph or bagong.pagasa.dost.gov.ph or call at (02)927-1335/(02)926-4258",124,42,1,1,Photo,https://www.facebook.com/photo/?fbid=1428235012681481&set=a.365711365600523
https://www.facebook.com/PAGASA.DOST.GOV.PH/posts/pfbid02tkDzAkcaLSdWF6P3FVbgzsrtKkiQ5YdtNhS78P7vxCspn8LZki7WfkoZ3CtKjVWJl,"As of 2:00 PM today, 29 April 2026, no Low Pressure Areas (LPA) are being monitored for Tropical Cyclone Formation.

All are advised to monitor updates from DOST-PAGASA.",587,107,9,1,Photo,https://www.facebook.com/photo/?fbid=1428216636016652&set=a.365711365600523
https://www.facebook.com/PAGASA.DOST.GOV.PH/posts/pfbid02TnyKomE7kAJSEJiPQkfHr6AH8rpkgbAbWpzP2T2AivcvfwHCc6t8B1oa6sZK1LaHl,"As of 8:00 AM today, 29 April 2026, no Low Pressure Areas (LPA) are being monitored for Tropical Cyclone Formation.
All are advised to monitor updates from DOST-PAGASA.",618,104,14,1,Photo,https://www.facebook.com/photo/?fbid=1427967339374915&set=a.365711365600523
https://www.facebook.com/PAGASA.DOST.GOV.PH/posts/pfbid02Pqa4S9SEooKCxUGSPnVT6UFm57CFANTRD7FjcKR7aDb4wtCRTE1SD7thMQpdjDDl,"Hydrological Forecast for Cagayan River Basin   
Issued at 8:30AM, 29 April 2026",40,6,,1,Photo,https://www.facebook.com/photo/?fbid=1427956559375993&set=a.365711365600523
https://www.facebook.com/PAGASA.DOST.GOV.PH/posts/pfbid02ZYAxBLZc3Dv8GiuvuE7WAajeqctAVPcD9dGYziSgybSuyAsnRGn5BHcpQWcVKaf5l,"Hydrological Forecast for Agno River Basin   
Issued at 8:30AM, 29 April 2026",39,3,,1,Photo,https://www.facebook.com/photo/?fbid=1427938992711083&set=a.365711365600523
https://www.facebook.com/PAGASA.DOST.GOV.PH/posts/pfbid07AFPwPP1wTsRDY9C6xfzCwbnEuWy7S528Yxv7Pk9bApRmjNzFFNc1muskBViNGg7l,"Pampanga River Basin Update as of 5:00 AM, 29 April 2026",48,4,,1,Photo,https://www.facebook.com/photo/?fbid=1427849802720002&set=a.365711365600523
https://www.facebook.com/PAGASA.DOST.GOV.PH/posts/pfbid02kxXntX2ibg5ZfPv3xbqLwG9hH3fhj9JZdB81wQqmga9JXkhQEBxtsQjZwLuXkjC5l,"24-HOUR PUBLIC WEATHER FORECAST
Issued at 4:00 AM, 29 April 2026

SYNOPSIS: Easterlies affecting the country.

Forecast Weather Conditions

Area: Metro Manila and the rest of the country
Weather Condition: Partly cloudy to cloudy skies with isolated rainshowers or thunderstorms
Caused By: Easterlies
Impacts: Possible flash floods or landslides during severe thunderstorms

Forecast Wind and Coastal Water Conditions

Area: Luzon
Wind Speed: Light to Moderate
Wind Direction: East to Southeast
Coastal Waters: Slight to Moderate / (0.6 to 1.8 meters)

Area: The rest of the country
Wind Speed: Light to Moderate
Wind Direction: East to Northeast
Coastal Waters: Slight to Moderate / (0.6 to 1.8 meters)

Extremes of Temperature and Relative Humidity for The 24-hour Period Ending 8:00 PM YESTERDAY

Minimum Temperature: 26.4 °C ... 5:00 AM
Maximum Temperature: 35.0 °C... 3:00 PM

Minumum Relative Humidity: 44 % ... 3:00 PM
Maximum Relative Humidity: 80 % ... 5:00 AM

TIDES AND ASTRONOMICAL INFORMATION Over Metro Manila

sunrise today: 5:35AM
sunset today: 6:13PM
moonrise today: 4:15PM
moonset today: 3:41AM
illumination today: 95%

For other information about weather, please log on to pagasa.dost.gov.ph or bagong.pagasa.dost.gov.ph or call at (02)927-1335/(02)926-4258",197,76,3,1,Photo,https://www.facebook.com/photo/?fbid=1427810136057302&set=a.365711365600523
https://www.facebook.com/PAGASA.DOST.GOV.PH/posts/pfbid02uQ1ccskbZ3gVvENk9x5ZTpxjWEGdciRvcigJVVdHUsEjpTvwKwLBB5Yd8EVETosNl,"As of 2:00 AM today, 29 April 2026, no Low Pressure Areas (LPA) are being monitored for Tropical Cyclone Formation.

All are advised to monitor updates from DOST-PAGASA.",789,94,12,1,Photo,https://www.facebook.com/photo/?fbid=1427794259392223&set=a.365711365600523
https://www.facebook.com/PAGASA.DOST.GOV.PH/posts/pfbid02qodzEBicDvM4yhbhYBTbNqFUo4sGTHEGVAUvYMrtyr8U64KHp6NkCcRxTTtqfVrHl,"As of 8:00 PM today, 28 April 2026, no Low Pressure Areas (LPA) are being monitored for Tropical Cyclone Formation.

All are advised to monitor updates from DOST-PAGASA.",616,63,11,1,Photo,https://www.facebook.com/photo/?fbid=1427547976083518&set=a.365711365600523
https://www.facebook.com/PAGASA.DOST.GOV.PH/posts/pfbid0FWACaeFVPMKbxx9xBUEAJ1VB22uCEq8HP6VTYPvwB1x51Px8Co1o6AggudXN99Yul,"Highest Computed 5-day Heat Index with 2-day Forecast 
Issued as of 5:00 PM, 09 March 2026 

For more information about the heat index: 
https://www.pagasa.dost.gov.ph/weather/heat-index 

Information from the DOH Philippines about heat-related illnesses during extremely hot weather:
https://bit.ly/DOHPhPublicHealthAdvisory 

Don't forget to take necessary precautions and stay cool and hydrated everyone! ☀️🌡️ 
#HeatIndex #AngInit",187,86,5,4,|Photo|Photo|Photo,https://www.facebook.com/PAGASA.DOST.GOV.PH/posts/pfbid0FWACaeFVPMKbxx9xBUEAJ1VB22uCEq8HP6VTYPvwB1x51Px8Co1o6AggudXN99Yul|||
https://www.facebook.com/PAGASA.DOST.GOV.PH/posts/pfbid06cMpACzprk9CWC24vLMJhGNJxctpRwSC7zir19t9gwWuLUu7ii7HyTUjozgHrxgtl,"Pampanga River Basin Update as of 5:00 PM, 28 April 2026",41,4,,1,Photo,https://www.facebook.com/photo/?fbid=1427389556099360&set=a.365711365600523
https://www.facebook.com/PAGASA.DOST.GOV.PH/posts/pfbid021sFxqhZUhe2HYyqjgsXVNWDjvy7PWRWfCgtDRRmNeypu75JXvWejvEHrLiDf9y9wl,"Highest Computed 5-day Heat Index
Issued as of 5:00 PM, 28 April 2026 

For more information about the heat index: 
https://www.pagasa.dost.gov.ph/weather/heat-index 

Information from the DOH Philippines about heat-related illnesses during extremely hot weather:
https://bit.ly/DOHPhPublicHealthAdvisory 

Forecast for the next 2 days will be available at 6:30 PM.

Don't forget to take necessary precautions and stay cool and hydrated everyone! ☀️🌡️ 
#HeatIndex #AngInit",166,60,2,3,|Photo|Photo,https://www.facebook.com/PAGASA.DOST.GOV.PH/posts/pfbid021sFxqhZUhe2HYyqjgsXVNWDjvy7PWRWfCgtDRRmNeypu75JXvWejvEHrLiDf9y9wl||
https://www.facebook.com/PAGASA.DOST.GOV.PH/posts/pfbid08mqo15BsZ9B2pbDaKCUxnxtPsmdTgfVjMiEGVBCd9XnDb9WattrJxxSxftqvKSP1l,"24-HOUR PUBLIC WEATHER FORECAST
Issued at 4:00 PM, 28 April 2026

SYNOPSIS: Easterlies affecting the country.

Forecast Weather Conditions

Area: Zamboanga Peninsula, Palawan, Lanao del Norte, Lanao del Sur, Misamis Occidental, and Basilan
Weather Condition: Cloudy skies with scattered rains and thunderstorms
Caused By: Easterlies
Impacts: Possible flash floods or landslides due to moderate to at times heavy rains

Area: Metro Manila and the rest of the country
Weather Condition: Partly cloudy to cloudy skies with isolated rainshowers or thunderstorms
Caused By: Easterlies
Impacts: Possible flash floods or landslides during severe thunderstorms

Forecast Wind and Coastal Water Conditions

Area: Luzon
Wind Speed: Light to Moderate
Wind Direction: East to Southeast
Coastal Waters: Slight to Moderate / (0.6 to 1.8 meters)

Area: The rest of the country
Wind Speed: Light to Moderate
Wind Direction: East to Northeast
Coastal Waters: Slight to Moderate / (0.6 to 1.8 meters)

Extremes of Temperature and Relative Humidity for The 24-hour Period Ending 4:00 PM TODAY

Minimum Temperature: 26.4 °C ... 5:00 AM
Maximum Temperature: 35.0 °C... 3:00 PM

Minumum Relative Humidity: 44 % ... 3:00 PM
Maximum Relative Humidity: 80 % ... 5:00 AM

TIDES AND ASTRONOMICAL INFORMATION Over Metro Manila

sunrise tomorrow: 5:35AM
sunset today: 6:12PM
moonrise tomorrow: 4:15PM
moonset tomorrow: 3:41AM
illumination tomorrow: 95%

For other information about weather, please log on to pagasa.dost.gov.ph or bagong.pagasa.dost.gov.ph or call at (02)927-1335/(02)926-4258",129,63,1,1,Photo,https://www.facebook.com/photo/?fbid=1427346586103657&set=a.365711365600523
https://www.facebook.com/PAGASA.DOST.GOV.PH/posts/pfbid0QZ2FUCE9T3S6kRpgTENAz1RboJXpcWL6KS8btCeA7DpyJpG2pionh4q625W1N7tgl,"As of 2:00 PM today, 28 April 2026, no Low Pressure Areas (LPA) are being monitored for Tropical Cyclone Formation.
All are advised to monitor updates from DOST-PAGASA.",654,107,5,1,Photo,https://www.facebook.com/photo/?fbid=1427316816106634&set=a.365711365600523
https://www.facebook.com/PAGASA.DOST.GOV.PH/posts/pfbid0jTiCTrZ9pJS4JiQZP7ZsFfJhWqcA7B9ooawojBZryyZHZgMX7TVk8Nwe1Z2MFK1bl,"As of 8:00 AM today, 28 April 2026, no Low Pressure Areas (LPA) are being monitored for Tropical Cyclone Formation.
All are advised to monitor updates from DOST-PAGASA.",698,106,16,1,Photo,https://www.facebook.com/photo/?fbid=1427140056124310&set=a.365711365600523
https://www.facebook.com/PAGASA.DOST.GOV.PH/posts/pfbid0XRkPXNQQmUsNZHeWeipaqVtoQ678NTkHj2pGuYxA6YniZ6dH8nvwymrMduPYzsfGl,"Hydrological Forecast for Cagayan River Basin 
Issued at 8:30AM, 28 April 2026",28,3,,1,Photo,https://www.facebook.com/photo/?fbid=1427107059460943&set=a.365711365600523
https://www.facebook.com/PAGASA.DOST.GOV.PH/posts/pfbid023jV7mJs2srDWN7yCL39BPQqqxkW6kgyrAXFJwSXuSXfk6LEvyFuSmoy5Tb9Mqnqul,"Hydrological Forecast for Bicol River Basin  
Issued at 8:30AM, 28 April 2026",30,3,,1,Photo,https://www.facebook.com/photo/?fbid=1427099712795011&set=a.365711365600523
https://www.facebook.com/PAGASA.DOST.GOV.PH/posts/pfbid0zAeAjTPtYaAeLJ8Q7n5B4h3C1XJnyvYiTHvh9hPkJ81F2cMvpUSUofNs4TRLpv8Ql,"Hydrological Forecast for Agno River Basin  
Issued at 8:30AM, 28 April 2026",38,4,,1,Photo,https://www.facebook.com/photo/?fbid=1427099126128403&set=a.365711365600523
https://www.facebook.com/PAGASA.DOST.GOV.PH/posts/pfbid0P9LJZqKpsQspkc5Xkx3yHybJJKA2gJmkknb3BjXPb9kHrVfyHCQFmUgjt8z4rk9ul,"Dam Updates as of 8:00 AM, 28 April 2026",47,5,3,1,Photo,https://www.facebook.com/photo/?fbid=1427095809462068&set=a.365711365600523
https://www.facebook.com/PAGASA.DOST.GOV.PH/posts/pfbid02kHer3bz3wS7j7fY9N5V1D2k8bKgwZr9EJwgUtzc4dX9B5oHEJbCjjVSnwCHFa2VUl,"Pampanga River Basin Update as of 5:00 AM, 28 April 2026",51,6,,1,Photo,https://www.facebook.com/photo/?fbid=1427011176137198&set=a.365711365600523
https://www.facebook.com/PAGASA.DOST.GOV.PH/posts/pfbid0JzXRUx8mpMPdQiXDmEgSsV7pPQmqVUwjwGTGq65grEQ391byPEzsZkh3258kPsSJl,"24-HOUR PUBLIC WEATHER FORECAST
Issued at 4:00 AM, 28 April 2026

SYNOPSIS: Easterlies affecting the country.

Forecast Weather Conditions

Area: Lanao del Norte, Lanao del Sur, Maguindanao del Norte, Maguindanao del Sur, Zamboanga del Sur, and Misamis Occidental
Weather Condition: Cloudy skies with scattered rains and thunderstorms
Caused By: Easterlies
Impacts: Possible flash floods or landslides due to moderate to at times heavy rains

Area: Metro Manila and the rest of the country
Weather Condition: Partly cloudy to cloudy skies with isolated rainshowers or thunderstorms
Caused By: Easterlies
Impacts: Possible flash floods or landslides during severe thunderstorms

Forecast Wind and Coastal Water Conditions

Area: Southern Luzon, Visayas, and Mindanao
Wind Speed: Light to Moderate
Wind Direction: East to Northeast
Coastal Waters: Slight to Moderate / (0.6 to 1.8 meters)

Area: Northern and Central Luzon
Wind Speed: Light to Moderate
Wind Direction: East to Southeast
Coastal Waters: Slight to Moderate / (0.6 to 1.5 meters)

Extremes of Temperature and Relative Humidity for The 24-hour Period Ending 8:00 PM YESTERDAY

Minimum Temperature: 25.7 °C ... 5:00 AM
Maximum Temperature: 35.5 °C... 3:00 PM

Minumum Relative Humidity: 44 % ... 3:00 PM
Maximum Relative Humidity: 82 % ... 5:00 AM

TIDES AND ASTRONOMICAL INFORMATION Over Metro Manila

sunrise today: 5:35AM
sunset today: 6:12PM
moonrise today: 3:27PM
moonset today: 3:05AM
illumination today: 90%

For other information about weather, please log on to pagasa.dost.gov.ph or bagong.pagasa.dost.gov.ph or call at (02)927-1335/(02)926-4258v",167,78,1,1,Photo,https://www.facebook.com/photo/?fbid=1426970406141275&set=a.365711365600523
https://www.facebook.com/PAGASA.DOST.GOV.PH/posts/pfbid036WTeYpSfrttCdRZhGyqyKaVsrPEM72ueT1wBhY6V8zwcjVKJCkUKStoVno7bnncsl,"As of 2:00 AM today, 28 April 2026, no Low Pressure Areas (LPA) are being monitored for Tropical Cyclone Formation.
All are advised to monitor updates from DOST-PAGASA.",900,131,17,1,Photo,https://www.facebook.com/photo/?fbid=1426966712808311&set=a.365711365600523
https://www.facebook.com/PAGASA.DOST.GOV.PH/posts/pfbid0257KPADwBg4gSb1crPHYkK3FPmhwNGNhnGWxBRxqvbPDpLMN9ZUgsr3S291fJg7hSl,"As of 8:00 PM today, 27 April 2026, no Low Pressure Areas (LPA) are being monitored for Tropical Cyclone Formation.
All are advised to monitor updates from DOST-PAGASA.",608,67,7,1,Photo,https://www.facebook.com/photo/?fbid=1426715959500053&set=a.365711365600523
https://www.facebook.com/PAGASA.DOST.GOV.PH/posts/pfbid0ZS4JDDCPUphpkBrikAx6TdeArDgstkw4anPF78C44ehtNZUd77ofCarynREEiBYZl,"Highest Computed 5-day Heat Index with 2-day Forecast 
Issued as of 5:00 PM, 27 April 2026 

For more information about the heat index: 
https://www.pagasa.dost.gov.ph/weather/heat-index 

Information from the DOH Philippines about heat-related illnesses during extremely hot weather:
https://bit.ly/DOHPhPublicHealthAdvisory 

Don't forget to take necessary precautions and stay cool and hydrated everyone! ☀️🌡️ 
#HeatIndex #AngInit",244,105,3,4,|Photo|Photo|Photo,https://www.facebook.com/PAGASA.DOST.GOV.PH/posts/pfbid0ZS4JDDCPUphpkBrikAx6TdeArDgstkw4anPF78C44ehtNZUd77ofCarynREEiBYZl|||
https://www.facebook.com/PAGASA.DOST.GOV.PH/posts/pfbid0iq8Dnj5YyR5mM29kHykUmmXoDkFEvPpjGxUScfda5tsAoGWa22g6Rfqsr3fHwaiKl,"Highest Computed 5-day Heat Index
Issued as of 5:00 PM, 27 April 2026 

For more information about the heat index: 
https://www.pagasa.dost.gov.ph/weather/heat-index 

Information from the DOH Philippines about heat-related illnesses during extremely hot weather:
https://bit.ly/DOHPhPublicHealthAdvisory 

Forecast for the next 2 days will be available at 6:30 PM.

Don't forget to take necessary precautions and stay cool and hydrated everyone! ☀️🌡️ 
#HeatIndex #AngInit",237,84,10,3,|Photo|Photo,https://www.facebook.com/PAGASA.DOST.GOV.PH/posts/pfbid0iq8Dnj5YyR5mM29kHykUmmXoDkFEvPpjGxUScfda5tsAoGWa22g6Rfqsr3fHwaiKl||
https://www.facebook.com/PAGASA.DOST.GOV.PH/posts/pfbid0pQH5WRLg24ukKfFVAgwN61YgPy3VcGPGe6gsa5yeMdChAi3tJdmheiyktY6EpPjFl,"Pampanga River Basin Update as of 5:00 PM, 27 April 2026",52,4,,1,Photo,https://www.facebook.com/photo/?fbid=1426504216187894&set=a.365711365600523
https://www.facebook.com/PAGASA.DOST.GOV.PH/posts/pfbid02r6M7oCC8GNEf481UZAyvnSTm9dzp2Gys3fhLGADC6WHUxZsDb3WkfLb5vbiHpoeJl,"24-HOUR PUBLIC WEATHER FORECAST
Issued at 4:00 PM, 27 April 2026

SYNOPSIS: Easterlies affecting the country.

Forecast Weather Conditions

Area: Eastern Visayas, Surigao del Norte, and Dinagat Islands
Weather Condition: Cloudy skies with scattered rains and thunderstorms
Caused By: Easterlies
Impacts: Possible flash floods or landslides due to moderate to at times heavy rains

Area: Metro Manila and the rest of the country
Weather Condition: Partly cloudy to cloudy skies with isolated rainshowers or thunderstorms
Caused By: Easterlies
Impacts: Possible flash floods or landslides during severe thunderstorms

Forecast Wind and Coastal Water Conditions

Area: Southern Luzon, Visayas, and Mindanao
Wind Speed: Light to Moderate
Wind Direction: East to Northeast
Coastal Waters: Slight to Moderate / (0.6 to 1.8 meters)

Area: Northern and Central Luzon
Wind Speed: Light to Moderate
Wind Direction: East to Southeast
Coastal Waters: Slight to Moderate / (0.6 to 1.5 meters)

Extremes of Temperature and Relative Humidity for The 24-hour Period Ending 4:00 PM TODAY

Minimum Temperature: 25.7 °C ... 5:00 AM
Maximum Temperature: 35.5 °C... 3:00 PM

Minumum Relative Humidity: 44 % ... 3:00 PM
Maximum Relative Humidity: 82 % ... 5:00 AM

TIDES AND ASTRONOMICAL INFORMATION Over Metro Manila

sunrise tomorrow: 5:35AM
sunset today: 6:12PM
moonrise tomorrow: 3:27PM
moonset tomorrow: 3:05AM
illumination tomorrow: 90%

For other information about weather, please log on to pagasa.dost.gov.ph or bagong.pagasa.dost.gov.ph or call at (02)927-1335/(02)926-4258",130,45,,1,Photo,https://www.facebook.com/photo/?fbid=1426475089524140&set=a.365711365600523
https://www.facebook.com/PAGASA.DOST.GOV.PH/posts/pfbid06dLpc2noDLuyJdjwX2w7nyruCWqznJ8mTEhUypEV2x6myCdenF2Eog2GyqnTy8ePl,"As of 2:00 PM today, 27 April 2026, no Low Pressure Areas (LPA) are being monitored for Tropical Cyclone Formation.
All are advised to monitor updates from DOST-PAGASA.",690,121,13,1,Photo,https://www.facebook.com/photo/?fbid=1426471146191201&set=a.365711365600523
https://www.facebook.com/PAGASA.DOST.GOV.PH/posts/pfbid02QsUfhDstuzdmhCXDk1i89bPixvTN3rkQJ3Ryo6ET1jcwUsBQK1Z3XPnptCbCGijbl,"As of 8:00 AM today, 27 April 2026, no Low Pressure Areas (LPA) are being monitored for Tropical Cyclone Formation.

All are advised to monitor updates from DOST-PAGASA.",715,126,26,1,Photo,https://www.facebook.com/photo/?fbid=1426250282879954&set=a.365711365600523
https://www.facebook.com/PAGASA.DOST.GOV.PH/posts/pfbid0uuVuSpRueEJiuKnScai3FiwX1EjnJjBALckbXXTtANPBKoMdzLW6KgSMzhA9Hfp1l,"Hydrological Forecast for Cagayan River Basin
Issued at 8:30AM, 27 April 2026",47,3,,1,Photo,https://www.facebook.com/photo/?fbid=1426203939551255&set=a.365711365600523
https://www.facebook.com/PAGASA.DOST.GOV.PH/posts/pfbid02fod89pKZekKKm5SZfPTxfko1xXktZASj4er5icHY3JZMJcSjqkMu8tQjkWhE2DiHl,"Hydrological Forecast for Agno River Basin
Issued at 8:30AM, 27 April 2026",50,3,,1,Photo,https://www.facebook.com/photo/?fbid=1426202289551420&set=a.365711365600523
https://www.facebook.com/PAGASA.DOST.GOV.PH/posts/pfbid0t5Zk8ELX8LGXHMVwirGJTpStyxZBqkKSKj5NTCsSvdTbkTvCotHqZM1ghhqDovfml,"Hydrological Forecast for Bicol River Basin
Issued at 8:30AM, 27 April 2026",55,2,,1,Photo,https://www.facebook.com/photo/?fbid=1426201676218148&set=a.365711365600523
https://www.facebook.com/PAGASA.DOST.GOV.PH/posts/pfbid02fDsrsC7Cne7pJUdRQczv3orcfjZnQ44Hy5uqMq3b8jjuhBJPjkhA5E8cGRjD8izrl,"Dam Updates as of 8:00 AM, 27 April 2026",64,5,,1,Photo,https://www.facebook.com/photo/?fbid=1426196802885302&set=a.365711365600523
https://www.facebook.com/PAGASA.DOST.GOV.PH/posts/pfbid0gJ8QXwCuPXnFFXz3PSX9CE6qK6NTWAKSjsQemXaX9KWcn8WRRguY96CHy2paPZe9l,"General Flood Advisories
Issued @6AM, 27 April 2026

Region 9 (Zamboanga Peninsula) GFA#2 Final
Region 10 (Northern Mindanao) GFA#2 Final
Region 13 (CARAGA) GFA#2 Final
BARMM GFA#2 Final",126,12,,5,|Photo|Photo|Photo|Photo,https://www.facebook.com/PAGASA.DOST.GOV.PH/posts/pfbid0gJ8QXwCuPXnFFXz3PSX9CE6qK6NTWAKSjsQemXaX9KWcn8WRRguY96CHy2paPZe9l||||
https://www.facebook.com/PAGASA.DOST.GOV.PH/posts/pfbid035WaZ6e5DfRo7brjnL5uySN7eDC4G4y4euSERc5qmfFwDqq8hGR4ykGcmWhdNTXavl,"Pampanga River Basin Update as of 5:00 AM, 27 April 2026",49,4,,1,Photo,https://www.facebook.com/photo/?fbid=1426085169563132&set=a.365711365600523
https://www.facebook.com/PAGASA.DOST.GOV.PH/posts/pfbid0pmaF9wWj3wqYDR94CDuCKdjJ47Sy6equN1cjMi8qEoPNpW4omRS4hcqUtzaLv3Z5l,"24-HOUR PUBLIC WEATHER FORECAST
Issued at 4:00 AM, 27 April 2026

SYNOPSIS: Easterlies affecting Central and Southern Luzon, Visayas, and Mindanao.

Forecast Weather Conditions

Area: Sorsogon, Northern Samar, Eastern Samar, Southern Leyte, Dinagat Islands, and Surigao del Norte
Weather Condition: Cloudy skies with scattered rains and thunderstorms
Caused By: Easterlies
Impacts: Possible flash floods or landslides due to moderate to at times heavy rains

Area: Metro Manila and the rest of the country
Weather Condition: Partly cloudy to cloudy skies with isolated rainshowers or thunderstorms
Caused By: Easterlies
Impacts: Possible flash floods or landslides during severe thunderstorms

Forecast Wind and Coastal Water Conditions

Area: The whole country
Wind Speed: Light to Moderate
Wind Direction: East to Northeast
Coastal Waters: Slight to Moderate / (0.6 to 1.8 meters)

Extremes of Temperature and Relative Humidity for The 24-hour Period Ending 8:00 PM YESTERDAY

Minimum Temperature: 25.2 °C ... 5:00 AM
Maximum Temperature: 35.8 °C... 4:00 PM

Minumum Relative Humidity: 41 % ... 4:00 PM
Maximum Relative Humidity: 80 % ... 5:00 AM

TIDES AND ASTRONOMICAL INFORMATION Over Metro Manila

sunrise today: 5:36AM
sunset today: 6:12PM
moonrise today: 2:38PM
moonset today: 2:29AM
illumination today: 83%

For other information about weather, please log on to pagasa.dost.gov.ph or bagong.pagasa.dost.gov.ph or call at (02)927-1335/(02)926-4258",167,72,4,1,Photo,https://www.facebook.com/photo/?fbid=1426053639566285&set=a.365711365600523
https://www.facebook.com/PAGASA.DOST.GOV.PH/posts/pfbid02YkCG21pVCE8pzLBBB8VRmCb7hHwRWSrWdAWpjhWCPpSUH1fe2BYKpyQXq9DWivwnl,"As of 2:00 AM today, 27 April 2026, no Low Pressure Areas (LPA) are being monitored for Tropical Cyclone Formation.

All are advised to monitor updates from DOST-PAGASA.",1424,163,38,1,Photo,https://www.facebook.com/photo/?fbid=1426049936233322&set=a.365711365600523
https://www.facebook.com/PAGASA.DOST.GOV.PH/posts/pfbid037d19nbVUXY62Pu8FpfF3gvVf9L7R6BPLdd7YdsnH25BazymXk7oJk5QeUt6Pxi4Sl,"As of 8:00 PM today, 26 April 2026, no Low Pressure Areas (LPA) are being monitored for Tropical Cyclone Formation.

All are advised to monitor updates from DOST-PAGASA.",720,91,17,1,Photo,https://www.facebook.com/photo/?fbid=1425736349598014&set=a.365711365600523
https://www.facebook.com/PAGASA.DOST.GOV.PH/posts/pfbid02arBYcPrkBYX6AMmgDNsLEwKQGupXKQ5PMMadPzQCt3XBVk5pX3MeuM2HF8DibfNwl,"General Flood Advisories
Issued @7:25 PM, 26 April 2026

Region 9 (Zamboanga Peninsula) GFA#1
Region 10 (Northern Mindanao) GFA#1
Region 13 (CARAGA) GFA#1
BARMM GFA#1",126,17,2,5,|Photo|Photo|Photo|Photo,https://www.facebook.com/PAGASA.DOST.GOV.PH/posts/pfbid02arBYcPrkBYX6AMmgDNsLEwKQGupXKQ5PMMadPzQCt3XBVk5pX3MeuM2HF8DibfNwl||||
https://www.facebook.com/PAGASA.DOST.GOV.PH/posts/pfbid0hx1pdss2VmHvka9jZavEca65nT2N12CV6e5xGk2bmYefCpxN7aiSm1f8D5KZMnaxl,"Heat Index
Highest Computed 5-day Heat Index with 2-day Forecast as of 26 April 2026, 5:00PM 

For daily heat index information: 
https://www.pagasa.dost.gov.ph/weather/heat-index 

Information from the DOH Philippines about heat-related illnesses during extremely hot weather:
https://bit.ly/DOHPhPublicHealthAdvisory 

Don't forget to take necessary precautions and stay cool and hydrated everyone! ☀️🌡️ 
#HeatIndex #AngInit",320,179,4,4,|Photo|Photo|Photo,https://www.facebook.com/PAGASA.DOST.GOV.PH/posts/pfbid0hx1pdss2VmHvka9jZavEca65nT2N12CV6e5xGk2bmYefCpxN7aiSm1f8D5KZMnaxl|||
https://www.facebook.com/PAGASA.DOST.GOV.PH/posts/pfbid02V4Fb6zHzX2yEhJBcSMLZvsWcaBjAN8ENUp53XdUXe1Qpyibdyj5Umyq4TJQ8xZdyl,"Heat Index
Highest Computed 5-day Heat Index as of 26 April 2026, 5:00PM 

For daily heat index information: 
https://www.pagasa.dost.gov.ph/weather/heat-index 

Information from the DOH Philippines about heat-related illnesses during extremely hot weather:
https://bit.ly/DOHPhPublicHealthAdvisory 

Forecast for the next 2 days will be available at 6:30 PM.

Don't forget to take necessary precautions and stay cool and hydrated everyone! ☀️🌡️ 
#HeatIndex #AngInit",279,107,3,4,|Photo|Photo|Photo,https://www.facebook.com/PAGASA.DOST.GOV.PH/posts/pfbid02V4Fb6zHzX2yEhJBcSMLZvsWcaBjAN8ENUp53XdUXe1Qpyibdyj5Umyq4TJQ8xZdyl|||
https://www.facebook.com/PAGASA.DOST.GOV.PH/posts/pfbid0m1vDE2KtozBMeB9HSc9egn59Et6HnuX4T5iBbxMrNt7pVueKaJ3casmqxdtnw8N3l,"Pampanga River Basin Update as of 5:00 PM, 26 April 2026",64,6,,1,Photo,https://www.facebook.com/photo/?fbid=1425599109611738&set=a.365711365600523
https://www.facebook.com/PAGASA.DOST.GOV.PH/posts/pfbid09RC5vPJo4EPDS9hfz33XHA1gcKKkSDRJms7Zv2xBetRnH5C9Km78YkgQ8smmZYRDl,"24-HOUR PUBLIC WEATHER FORECAST
Issued at 4:00 PM, 26 April 2026

SYNOPSIS: Easterlies affecting Central and Southern Luzon, Visayas, and Mindanao.

Forecast Weather Conditions

Area: Eastern Visayas, Caraga, Sorsogon, and Masbate
Weather Condition: Cloudy skies with scattered rains and thunderstorms
Caused By: Easterlies
Impacts: Possible flash floods or landslides due to moderate to at times heavy rains

Area: Metro Manila and the rest of the country
Weather Condition: Partly cloudy to cloudy skies with isolated rainshowers or thunderstorms
Caused By: Easterlies
Impacts: Possible flash floods or landslides during severe thunderstorms

Forecast Wind and Coastal Water Conditions

Area: The whole country
Wind Speed: Light to Moderate
Wind Direction: East to Northeast
Coastal Waters: Slight to Moderate / (0.6 to 1.8 meters)

Extremes of Temperature and Relative Humidity for The 24-hour Period Ending 4:00 PM TODAY

Minimum Temperature: 25.2 °C ... 5:00 AM
Maximum Temperature: 35.7 °C... 3:00 PM

Minumum Relative Humidity: 43 % ... 3:00 PM
Maximum Relative Humidity: 80 % ... 5:00 AM

TIDES AND ASTRONOMICAL INFORMATION Over Metro Manila

sunrise tomorrow: 5:36AM
sunset today: 6:12PM
moonrise tomorrow: 2:38PM
moonset tomorrow: 2:29AM
illumination tomorrow: 83%

For other information about weather, please log on to pagasa.dost.gov.ph or bagong.pagasa.dost.gov.ph or call at (02)927-1335/(02)926-4258",151,53,2,1,Photo,https://www.facebook.com/photo/?fbid=1425569249614724&set=a.365711365600523
https://www.facebook.com/PAGASA.DOST.GOV.PH/posts/pfbid02yvzLQu9u4sxHSPaoTn5g6VtCSHFFiwP1AkywZqfky2i81eCLh3otWTQFYtJyeEZul,"As of 2:00 PM today, 26 April 2026, no Low Pressure Areas (LPA) are being monitored for Tropical Cyclone Formation.
All are advised to monitor updates from DOST-PAGASA.",739,128,16,1,Photo,https://www.facebook.com/photo/?fbid=1425561522948830&set=a.365711365600523
https://www.facebook.com/PAGASA.DOST.GOV.PH/posts/pfbid09EAMh9if8Yne1XDNd5nhwYW68nhgiDmboskaXTRsTsevmZ71ZArEdH5YaoE4nbX3l,"As of 8:00 AM today, 26 April 2026, no Low Pressure Areas (LPA) are being monitored for Tropical Cyclone Formation.
All are advised to monitor updates from DOST-PAGASA.",788,96,14,1,Photo,https://www.facebook.com/photo/?fbid=1425357872969195&set=a.365711365600523
https://www.facebook.com/PAGASA.DOST.GOV.PH/posts/pfbid02hX7ZtStFPyVZ3Wc48FTxTwzBvCDJ8MWPYfz2DWHaM8yxKDxaeE4MidvgHVgHrmGKl,"Hydrological Forecast for Cagayan River Basin       
Issued at 8:30AM, 26 April 2026",45,3,1,1,Photo,https://www.facebook.com/photo/?fbid=1425304579641191&set=a.365711365600523
https://www.facebook.com/PAGASA.DOST.GOV.PH/posts/pfbid0far7GZZCJYBVgMLiEsi79tDnsXyJwUTEi3NiXAaX2ts5epmiLAxcrrZfJhzDT6ZLl,"Hydrological Forecast for Bicol River Basin
Issued at 8:30AM, 26 April 2026",47,2,,1,Photo,https://www.facebook.com/photo/?fbid=1425303622974620&set=a.365711365600523
https://www.facebook.com/PAGASA.DOST.GOV.PH/posts/pfbid02yKAkHfEvQJEhZ6qB1pKB6c1GgfUtX1m33eQPMca5y8UBscdis39PjhrFx26SiosTl,"Hydrological Forecast for Agno River Basin
Issued at 8:30AM, 26 April 2026",38,2,,1,Photo,https://www.facebook.com/photo/?fbid=1425302976308018&set=a.365711365600523
https://www.facebook.com/PAGASA.DOST.GOV.PH/posts/pfbid0SyuNisUWtSiN3t94jVKwhqrz912CbUuN2Lra2kJu6Xiqm7z7Mvg9VMi89ZehjkoBl,"Dam Updates as of 8:00 AM, 26 April 2026",71,8,,1,Photo,https://www.facebook.com/photo/?fbid=1425297036308612&set=a.365711365600523
https://www.facebook.com/PAGASA.DOST.GOV.PH/posts/pfbid02aJwy8S1Cft5t7VDiQAEsFUWxn1pG5aGYpbvt1WgjABFgHxmvsQpEewXR9dqZoA94l,"Pampanga River Basin Update as of 5:00 AM, 26 April 2026",42,4,,1,Photo,https://www.facebook.com/photo/?fbid=1425214022983580&set=a.365711365600523
https://www.facebook.com/PAGASA.DOST.GOV.PH/posts/pfbid0tsympN6jgegTWiWQAySQinizLqs3e24KHStLXKiHuxqXZK9KmQsLf9E6j2poaYjVl,"24-HOUR PUBLIC WEATHER FORECAST
Issued at 4:00 AM, 26 April 2026

SYNOPSIS: Easterlies affecting Central and Southern Luzon, Visayas, and Mindanao.

Forecast Weather Conditions

Area: Caraga, Eastern Samar, and Southern Leyte
Weather Condition: Cloudy skies with scattered rains and thunderstorms
Caused By: Easterlies
Impacts: Possible flash floods or landslides due to moderate to at times heavy rains

Area: Batanes
Weather Condition: Cloudy skies with scattered rains and isolated thunderstorms
Caused By: Frontal System
Impacts: Possible flash floods or landslides due to moderate to at times heavy rains

Area: Metro Manila and the rest of the country
Weather Condition: Partly cloudy to cloudy skies with isolated rainshowers or thunderstorms
Caused By: Easterlies
Impacts: Possible flash floods or landslides during severe thunderstorms

Forecast Wind and Coastal Water Conditions

Area: Central and Southern Luzon, Visayas, and Mindanao
Wind Speed: Light to Moderate
Wind Direction: East to Northeast
Coastal Waters: Slight to Moderate / (0.6 to 1.8 meters)

Area: The rest of Luzon
Wind Speed: Light to Moderate
Wind Direction: Southeast to Northeast
Coastal Waters: Slight to Moderate / (0.6 to 1.5 meters)

Extremes of Temperature and Relative Humidity for The 24-hour Period Ending 8:00 PM YESTERDAY

Minimum Temperature: 25.9 °C ... 5:00 AM
Maximum Temperature: 35.5 °C... 2:00 PM

Minumum Relative Humidity: 41 % ... 10:00 AM
Maximum Relative Humidity: 73 % ... 2:00 AM

TIDES AND ASTRONOMICAL INFORMATION Over Metro Manila

sunrise today: 5:36AM
sunset today: 6:12PM
moonrise today: 1:47PM
moonset today: 1:50AM
illumination today: 75%

For other information about weather, please log on to pagasa.dost.gov.ph or bagong.pagasa.dost.gov.ph or call at (02)927-1335/(02)926-4258",146,53,3,1,Photo,https://www.facebook.com/photo/?fbid=1425165282988454&set=a.365711365600523
https://www.facebook.com/PAGASA.DOST.GOV.PH/posts/pfbid02V85HW5i71e487xJdAot5obcgg1cMooi31UQxHjV4a2j73W4vVT1dGTjhXdmRbq9il,"As of 2:00 AM today, 26 April 2026, no Low Pressure Areas (LPA) are being monitored for Tropical Cyclone Formation.

All are advised to monitor updates from DOST-PAGASA.",500,68,12,1,Photo,https://www.facebook.com/photo/?fbid=1425120626326253&set=a.365711365600523
https://www.facebook.com/PAGASA.DOST.GOV.PH/posts/pfbid0QfuMTS49cpiXhZ2ppwdHnoC5bkXNKtpkjgd5Dwucw5rFg3B3ApwittUCp5eYpecHl,"As of 8:00 PM today, 25 April 2026, no Low Pressure Areas (LPA) are being monitored for Tropical Cyclone Formation.

All are advised to monitor updates from DOST-PAGASA.",537,53,,1,Photo,https://www.facebook.com/photo/?fbid=1424867053018277&set=a.365711365600523
https://www.facebook.com/PAGASA.DOST.GOV.PH/posts/pfbid0fD7aeziwimdY9GAD5QKLxgg1Uk7LNCDUU1ky8dq9niaoZQsjqUS5WxEfMnLv7Lcdl,,62,20,1,0,,
https://www.facebook.com/PAGASA.DOST.GOV.PH/posts/pfbid032NrSgAZ91xTXP3oVGBJYWqymrEwNeVoHYYvZZeGHRC3cTitrhrtCVxrU7KT1iQM1l,"Heat Index
Highest Computed 5-day Heat Index with 2-day Forecast as of 25 April 2026, 5:00PM 

For daily heat index information: 
https://www.pagasa.dost.gov.ph/weather/heat-index 

Information from the DOH Philippines about heat-related illnesses during extremely hot weather:
https://bit.ly/DOHPhPublicHealthAdvisory 

Don't forget to take necessary precautions and stay cool and hydrated everyone! ☀️🌡️ 
#HeatIndex #AngInit",259,152,2,4,|Photo|Photo|Photo,https://www.facebook.com/PAGASA.DOST.GOV.PH/posts/pfbid032NrSgAZ91xTXP3oVGBJYWqymrEwNeVoHYYvZZeGHRC3cTitrhrtCVxrU7KT1iQM1l|||
https://www.facebook.com/PAGASA.DOST.GOV.PH/posts/pfbid0SUdnhKZpF5d3bgbuKKTgZWZUCy8VatD71iCyuZoCBMZBxjtiuRHh2tqSMCXrSWPal,"24-HOUR PUBLIC WEATHER FORECAST
Issued at 4:00 PM, 25 April 2026

SYNOPSIS: Easterlies affecting Central and Southern Luzon, Visayas, and Mindanao.

Forecast Weather Conditions

Area: Caraga, Eastern Samar, Southern Leyte, Davao del Norte, Davao de Oro, and Davao Oriental
Weather Condition: Cloudy skies with scattered rains and thunderstorms
Caused By: Easterlies
Impacts: Possible flash floods or landslides due to moderate to at times heavy rains

Area: Batanes
Weather Condition: Cloudy skies with scattered rains and isolated thunderstorms
Caused By: Frontal System
Impacts: Possible flash floods or landslides due to moderate to at times heavy rains

Area: Metro Manila and the rest of the country
Weather Condition: Partly cloudy to cloudy skies with isolated rainshowers or thunderstorms
Caused By: Easterlies
Impacts: Possible flash floods or landslides during severe thunderstorms

Forecast Wind and Coastal Water Conditions

Area: Central and Southern Luzon, Visayas, and Mindanao
Wind Speed: Light to Moderate
Wind Direction: East to Northeast
Coastal Waters: Slight to Moderate / (0.6 to 1.8 meters)

Area: The rest of Luzon
Wind Speed: Light to Moderate
Wind Direction: Southeast to Northeast
Coastal Waters: Slight to Moderate / (0.6 to 1.5 meters)

Extremes of Temperature and Relative Humidity for The 24-hour Period Ending 4:00 PM TODAY

Minimum Temperature: 25.9 °C ... 5:00 AM
Maximum Temperature: 35.5 °C... 2:00 PM

Minumum Relative Humidity: 41 % ... 10:00 AM
Maximum Relative Humidity: 73 % ... 2:00 AM

TIDES AND ASTRONOMICAL INFORMATION Over Metro Manila

sunrise tomorrow: 5:36AM
sunset today: 6:12PM
moonrise tomorrow: 1:47PM
moonset tomorrow: 1:50AM
illumination tomorrow: 75%

For other information about weather, please log on to pagasa.dost.gov.ph or bagong.pagasa.dost.gov.ph or call at (02)927-1335/(02)926-4258",152,48,2,1,Photo,https://www.facebook.com/photo/?fbid=1424678446370471&set=a.365711365600523
https://www.facebook.com/PAGASA.DOST.GOV.PH/posts/pfbid0dpBwzpTwoFZAw4SXc7cFeXxkCz9fmsQ6hnKGUw22yNbA1kfXiCn1MCjJSMH1SdMYl,"As of 2:00 PM today, 25 April 2026, no Low Pressure Areas (LPA) are being monitored for Tropical Cyclone Formation.

All are advised to monitor updates from DOST-PAGASA.",708,87,13,1,Photo,https://www.facebook.com/photo/?fbid=1424668849704764&set=a.365711365600523
https://www.facebook.com/PAGASA.DOST.GOV.PH/posts/pfbid024TCmzjAwWkXEMEpGvy3zNmjnSFKA3JArX3fZ7vX1N87LYNP1mKtde5rQRXMQ5gkFl,"As of 8:00 AM today, 25 April 2026, no Low Pressure Areas (LPA) are being monitored for Tropical Cyclone Formation.

All are advised to monitor updates from DOST-PAGASA.",551,83,13,1,Photo,https://www.facebook.com/photo/?fbid=1424455083059474&set=a.365711365600523
https://www.facebook.com/PAGASA.DOST.GOV.PH/posts/pfbid0JH2S1wLR2yLfVPUVkS7kx6fYr8ZUCc5g8evz1LwVVp8of7UzMi86VsYboLzV619xl,"Hydrological Forecast for Cagayan River Basin       
Issued at 8:30AM, 25 April 2026",37,1,,1,Photo,https://www.facebook.com/photo/?fbid=1424408703064112&set=a.365711365600523
https://www.facebook.com/PAGASA.DOST.GOV.PH/posts/pfbid0WrL6x7pGrCLTm1Bfwse2AyRjXhJEvUWsJGpsvCGBQpo4dcvChUyWumJ82W9RgH4gl,"Hydrological Forecast for Agno River Basin               
Issued at 8:30AM, 25 April 2026",41,4,1,1,Photo,https://www.facebook.com/photo/?fbid=1424403533064629&set=a.365711365600523
https://www.facebook.com/PAGASA.DOST.GOV.PH/posts/pfbid0w4Sm745kjeixM4pwZx76PThmdoDDLMDJerPRSPK2RmcEV9xUuKDzTiLcVP4RhAXxl,"Hydrological Forecast for Bicol River Basin              
Issued at 8:30AM, 25 April 2026",36,3,,1,Photo,https://www.facebook.com/photo/?fbid=1424402773064705&set=a.365711365600523
https://www.facebook.com/PAGASA.DOST.GOV.PH/posts/pfbid02jEH1UUBcMaaCsrkDA9vXGrrbLueZKCr1DDgSXALg14SpbWT3h6KWY39o3AGvQCTMl,"Dam Updates as of 8:00 AM, 24 April 2026",47,8,,1,Photo,https://www.facebook.com/photo/?fbid=1424401629731486&set=a.365711365600523
https://www.facebook.com/PAGASA.DOST.GOV.PH/posts/pfbid02szsKCHz3mvLpt1xXz2XAtVUdxqAHSJPzHCq3z3Nj2xnnhajqpR7jsmWEEzsdQe4hl,"Pampanga River Basin Update as of 5:00 AM, 25 April 2026",36,4,,1,Photo,https://www.facebook.com/photo/?fbid=1424292019742447&set=a.365711365600523
https://www.facebook.com/PAGASA.DOST.GOV.PH/posts/pfbid0TyTVTgDk8xbFA9dDpAZcx6t4sgkrry6EbPrNA6WSGnDycj2QwHeedLNd1vyqy3Zal,"24-HOUR PUBLIC WEATHER FORECAST
Issued at 4:00 AM, 25 April 2026

SYNOPSIS: Easterlies affecting Central and Southern Luzon, Visayas, and Mindanao.

Forecast Weather Conditions

Area: Batanes
Weather Condition: Cloudy skies with scattered rains and thunderstorms
Caused By: Frontal System
Impacts: Possible flash floods or landslides due to moderate to at times heavy rains

Area: Metro Manila, Central Luzon, CALABARZON, MIMAROPA, Bicol Region, Visayas, and Mindanao
Weather Condition: Partly cloudy to cloudy skies with isolated rainshowers or thunderstorms
Caused By: Easterlies
Impacts: Possible flash floods or landslides during severe thunderstorms

Area: The rest of Luzon
Weather Condition: Partly cloudy to cloudy skies with isolated rainshowers or thunderstorms
Caused By: Localized Thunderstorms
Impacts: Possible flash floods or landslides during severe thunderstorms

Forecast Wind and Coastal Water Conditions

Area: Northern Luzon
Wind Speed: Light to Moderate
Wind Direction: Southeast to Northeast
Coastal Waters: Slight to Moderate / (0.6 to 1.5 meters)

Area: The rest of the country
Wind Speed: Light to Moderate
Wind Direction: East to Northeast
Coastal Waters: Slight to Moderate / (0.6 to 1.5 meters)

Extremes of Temperature and Relative Humidity for The 24-hour Period Ending 8:00 PM YESTERDAY

Minimum Temperature: 24.5 °C ... 5:30 AM
Maximum Temperature: 35.7 °C... 4:00 PM

Minumum Relative Humidity: 30 % ... 5:00 PM
Maximum Relative Humidity: 81 % ... 5:00 AM

TIDES AND ASTRONOMICAL INFORMATION Over Metro Manila

sunrise today: 5:37AM
sunset today: 6:12PM
moonrise today: 12:53PM
moonset today: 1:07AM
illumination today: 65%

For other information about weather, please log on to pagasa.dost.gov.ph or bagong.pagasa.dost.gov.ph or call at (02)927-1335/(02)926-4258",117,55,3,1,Photo,https://www.facebook.com/photo/?fbid=1424273433077639&set=a.365711365600523
https://www.facebook.com/PAGASA.DOST.GOV.PH/posts/pfbid026Sy1mZC3avDbrooN4n93xYMCC3zCxA9SNpM2oK9wvE18GgmC9QTrVn3khZxa583kl,"As of 2:00 AM today, 25 April 2026, no Low Pressure Areas (LPA) are being monitored for Tropical Cyclone Formation.
All are advised to monitor updates from DOST-PAGASA.",571,76,14,1,Photo,https://www.facebook.com/photo/?fbid=1424264213078561&set=a.365711365600523
https://www.facebook.com/PAGASA.DOST.GOV.PH/posts/pfbid0q53iQNGfbJsgqdJvM76b64kVgRAfPxfs5DKA5DwpW98AUWUUaBK2PXgK4RcbNBkGl,"As of 8:00 PM today, 24 April 2026, no Low Pressure Areas (LPA) are being monitored for Tropical Cyclone Formation.

All are advised to monitor updates from DOST-PAGASA.",638,57,11,1,Photo,https://www.facebook.com/photo/?fbid=1423985253106457&set=a.365711365600523
https://www.facebook.com/PAGASA.DOST.GOV.PH/posts/pfbid02HPayFFxQLkTEMLKJ4u265C3b3dvG181mzSMLWGUR6a8CeAjYM5KaTptqu86Nz3rSl,"Highest Computed 5-day Heat Index with 2-day Forecast 
Issued as of 5:00 PM, 24 April 2026 
For more information about the heat index: 
https://www.pagasa.dost.gov.ph/weather/heat-index 
Information from the DOH Philippines about heat-related illnesses during extremely hot weather:
https://bit.ly/DOHPhPublicHealthAdvisory 
Don't forget to take necessary precautions and stay cool and hydrated everyone! ☀️🌡️ 
#HeatIndex #AngInit",384,222,5,4,|Photo|Photo|Photo,https://www.facebook.com/PAGASA.DOST.GOV.PH/posts/pfbid02HPayFFxQLkTEMLKJ4u265C3b3dvG181mzSMLWGUR6a8CeAjYM5KaTptqu86Nz3rSl|||
https://www.facebook.com/PAGASA.DOST.GOV.PH/posts/pfbid02CRviwRz31ma1oyUBt1JHxzV3bHtcKrJvxqonUJ2ftiRzwUHaFAGNFAgrcAAuGK3Kl,"As of 2:00 PM today, 24 April 2026, no Low Pressure Areas (LPA) are being monitored for Tropical Cyclone Formation.

All are advised to monitor updates from DOST-PAGASA.",904,135,32,1,Photo,https://www.facebook.com/photo/?fbid=1423780969793552&set=a.365711365600523
https://www.facebook.com/PAGASA.DOST.GOV.PH/posts/pfbid02pmFBY7MEqSwHk82NZzELUmdffcHmC1Go3LHgExT9c2WBVADJ1322hrdYGkzsnPpjl,"24-HOUR PUBLIC WEATHER FORECAST
Issued at 4:00 PM, 24 April 2026

SYNOPSIS: Easterlies affecting Central and Southern Luzon, Visayas, and Mindanao.

Forecast Weather Conditions

Area: Metro Manila, Central Luzon, CALABARZON, MIMAROPA, Bicol Region, Visayas, and Mindanao
Weather Condition: Partly cloudy to cloudy skies with isolated rainshowers or thunderstorms
Caused By: Easterlies
Impacts: Possible flash floods or landslides during severe thunderstorms

Area: The rest of Luzon
Weather Condition: Partly cloudy to cloudy skies with isolated rainshowers or thunderstorms
Caused By: Localized Thunderstorms
Impacts: Possible flash floods or landslides during severe thunderstorms

Forecast Wind and Coastal Water Conditions

Area: Northern Luzon
Wind Speed: Light to Moderate
Wind Direction: Southeast to South
Coastal Waters: Slight to Moderate / (0.6 to 1.5 meters)

Area: The rest of the country
Wind Speed: Light to Moderate
Wind Direction: East to Southeast
Coastal Waters: Slight to Moderate / (0.6 to 1.2 meters)

Extremes of Temperature and Relative Humidity for The 24-hour Period Ending 4:00 PM TODAY

Minimum Temperature: 24.5 °C ... 5:30 AM
Maximum Temperature: 35.5 °C... 3:00 PM

Minumum Relative Humidity: 35 % ... 3:00 PM
Maximum Relative Humidity: 73 % ... 5:00 AM

TIDES AND ASTRONOMICAL INFORMATION Over Metro Manila

sunrise tomorrow: 5:37AM
sunset today: 6:12PM
moonrise tomorrow: 12:53PM
moonset tomorrow: 1:07AM
illumination tomorrow: 65%

For other information about weather, please log on to pagasa.dost.gov.ph or bagong.pagasa.dost.gov.ph or call at (02)927-1335/(02)926-4258",178,53,4,1,Photo,https://www.facebook.com/photo/?fbid=1423776903127292&set=a.365711365600523
https://www.facebook.com/PAGASA.DOST.GOV.PH/posts/pfbid0grEf5X6eL6KksszdnviFzYnBo78wGy3vveLLXjLQufadSaxP77NcKwFdzs5MBbhbl,"As of 8:00 AM today, 24 April 2026, No Low Pressure Areas (LPA) are being monitored for Tropical Cyclone Formation.

All are advised to monitor updates from DOST-PAGASA.",766,106,22,1,Photo,https://www.facebook.com/photo/?fbid=1423557659815883&set=a.365711365600523
https://www.facebook.com/PAGASA.DOST.GOV.PH/posts/pfbid0wUUJksmGpCcuFzvixJV9JJMt946TqHPWPm5eejWMkizmZr5iUvwmQNfpCabp9uHFl,"Hydrological Forecast for Cagayan River Basin      
Issued at 8:30AM, 24 April 2026",37,1,,1,Photo,https://www.facebook.com/photo/?fbid=1423518129819836&set=a.365711365600523
https://www.facebook.com/PAGASA.DOST.GOV.PH/posts/pfbid0s85xE3HufxVVpFWVfFLAm643j1RPsECJzik3BJCHwtjFkzn6jHutTLZcVyNshEB5l,"Hydrological Forecast for Agno River Basin               
Issued at 8:30AM, 24 April 2026",41,2,,1,Photo,https://www.facebook.com/photo/?fbid=1423506223154360&set=a.365711365600523
https://www.facebook.com/PAGASA.DOST.GOV.PH/posts/pfbid02vgAXYVDZv89YMjZTGGhJ8Vx8yXbLwc2S1KEA9EyP8qjqPWYpK1mnfmBG8HjihHfAl,"Hydrological Forecast for Bicol River Basin                
Issued at 8:30 AM, 24 April 2026",38,1,,1,Photo,https://www.facebook.com/photo/?fbid=1423503833154599&set=a.365711365600523
https://www.facebook.com/PAGASA.DOST.GOV.PH/posts/pfbid02Vr1cVuXZWHFR75C1Z2ADRhDzEQQUrdSoMJAF6XLfruihtLbJqra2y8K2kaB2BFn4l,"Pampanga River Basin Update as of 5:00 AM, 24 April 2026",41,7,,1,Photo,https://www.facebook.com/photo/?fbid=1423416643163318&set=a.365711365600523
https://www.facebook.com/PAGASA.DOST.GOV.PH/posts/pfbid02jtHJgzqBRvknryYfD5qD3cXKZASCyrv97GRPvDRG5Tsk3WN6fb2xpyQbjZemgDual,"24-HOUR PUBLIC WEATHER FORECAST
Issued at 4:00 AM, 24 April 2026

SYNOPSIS: Easterlies affecting Southern Luzon, Visayas, and Mindanao.

Forecast Weather Conditions

Area: Metro Manila, Central Luzon, CALABARZON, MIMAROPA, Bicol Region, Visayas, and Mindanao
Weather Condition: Partly cloudy to cloudy skies with isolated rainshowers or thunderstorms
Caused By: Easterlies
Impacts: Possible flash floods or landslides during severe thunderstorms

Area: The rest of Luzon
Weather Condition: Partly cloudy to cloudy skies with isolated rainshowers or thunderstorms
Caused By: Localized Thunderstorms
Impacts: Possible flash floods or landslides during severe thunderstorms

Forecast Wind and Coastal Water Conditions

Area: Northern Luzon
Wind Speed: Light to Moderate
Wind Direction: Southeast to South
Coastal Waters: Slight to Moderate / (0.6 to 1.8 meters)

Area: The rest of the country
Wind Speed: Light to Moderate
Wind Direction: East to Southeast
Coastal Waters: Slight to Moderate / (0.6 to 1.5 meters)

Extremes of Temperature and Relative Humidity for The 24-hour Period Ending 8:00 PM YESTERDAY

Minimum Temperature: 24.9 °C ... 6:00 AM
Maximum Temperature: 35.3 °C... 4:00 PM

Minumum Relative Humidity: 33 % ... 4:00 PM
Maximum Relative Humidity: 73 % ... 6:00 AM

TIDES AND ASTRONOMICAL INFORMATION Over Metro Manila

sunrise today: 5:37AM
sunset today: 6:12PM
moonrise today: 11:55AM
moonset today: 12:18AM
illumination today: 54%

For other information about weather, please log on to pagasa.dost.gov.ph or bagong.pagasa.dost.gov.ph or call at (02)927-1335/(02)926-4258",147,91,1,1,Photo,https://www.facebook.com/photo/?fbid=1423380823166900&set=a.365711365600523
https://www.facebook.com/PAGASA.DOST.GOV.PH/posts/pfbid027hhaiXqwsxiVTUbGK9bzhGjXM6mh42XTdihUjiL4MxXcauGaHcDeBV6Utc8ZzzFal,"As of 2:00 AM today, 24 April 2026, No Low Pressure Areas (LPA) are being monitored for Tropical Cyclone Formation.
All are advised to monitor updates from DOST-PAGASA.",685,99,12,1,Photo,https://www.facebook.com/photo/?fbid=1423376543167328&set=a.365711365600523
https://www.facebook.com/PAGASA.DOST.GOV.PH/posts/pfbid0NgFQCLWco3YagoRS1My4s2wQQDqCvn6rgRx8mimYpgwVxEtGGgrKJuMydjrExEqRl,"As of 8:00 PM today, 23 April 2026, No Low Pressure Areas (LPA) are being monitored for Tropical Cyclone Formation.
All are advised to monitor updates from DOST-PAGASA.",610,49,9,1,Photo,https://www.facebook.com/photo/?fbid=1423139483191034&set=a.365711365600523
https://www.facebook.com/PAGASA.DOST.GOV.PH/posts/pfbid0na8FRRjjeKwXJeBMsmPKbJF2HyQ4gNi1o3U4Xx8QepStK8jKqT5WVfeEsmtK9jHtl,"Highest Computed 5-day Heat Index with 2-day Forecast 
Issued as of 5:00 PM, 23 April 2026 
For more information about the heat index: 
https://www.pagasa.dost.gov.ph/weather/heat-index 
Information from the DOH Philippines about heat-related illnesses during extremely hot weather:
https://bit.ly/DOHPhPublicHealthAdvisory 
Don't forget to take necessary precautions and stay cool and hydrated everyone! ☀️🌡️ 
#HeatIndex #AngInit",343,151,9,4,|Photo|Photo|Photo,https://www.facebook.com/PAGASA.DOST.GOV.PH/posts/pfbid0na8FRRjjeKwXJeBMsmPKbJF2HyQ4gNi1o3U4Xx8QepStK8jKqT5WVfeEsmtK9jHtl|||
https://www.facebook.com/PAGASA.DOST.GOV.PH/posts/pfbid0WFvroWiNFY4DgceK3Tp1GaQZJsAG9zjHUxjzQNBKQiYRMqMit91ey9hjpPAchYp8l,"24-HOUR PUBLIC WEATHER FORECAST
Issued at 4:00 PM, 23 April 2026

SYNOPSIS: Ridge of High Pressure Area (HPA) extending over the eastern section of Northern Luzon. Easterlies affecting the rest of the country.

Forecast Weather Conditions

Area: Metro Manila, Central Luzon, CALABARZON, MIMAROPA, Bicol Region, Visayas, and Mindanao
Weather Condition: Partly cloudy to cloudy skies with isolated rainshowers or thunderstorms
Caused By: Easterlies
Impacts: Possible flash floods or landslides during severe thunderstorms

Area: The rest of Luzon
Weather Condition: Partly cloudy to cloudy skies with isolated rainshowers or thunderstorms
Caused By: Localized Thunderstorms
Impacts: Possible flash floods or landslides during severe thunderstorms

Forecast Wind and Coastal Water Conditions

Area: Northern Luzon
Wind Speed: Light to Moderate
Wind Direction: Southeast to South
Coastal Waters: Slight to Moderate / (0.6 to 1.8 meters)

Area: The rest of the country
Wind Speed: Light to Moderate
Wind Direction: East to Southeast
Coastal Waters: Slight to Moderate / (0.6 to 1.5 meters)

Extremes of Temperature and Relative Humidity for The 24-hour Period Ending 4:00 PM TODAY

Minimum Temperature: 24.9 °C ... 6:00 AM
Maximum Temperature: 35.0 °C... 3:00 PM

Minumum Relative Humidity: 45 % ... 3:00 AM
Maximum Relative Humidity: 73 % ... 6:00 AM

TIDES AND ASTRONOMICAL INFORMATION Over Metro Manila

sunrise tomorrow: 5:37AM
sunset today: 6:11PM
moonrise tomorrow: 11:55AM
moonset tomorrow: 12:18AM
illumination tomorrow: 54%

For other information about weather, please log on to pagasa.dost.gov.ph or bagong.pagasa.dost.gov.ph or call at (02)927-1335/(02)926-4258",139,56,,1,Photo,https://www.facebook.com/photo/?fbid=1422915919880057&set=a.365711365600523
https://www.facebook.com/PAGASA.DOST.GOV.PH/posts/pfbid0bbecSH9D7DEFUvViKQhU7yaZVBmjq2qpT6K3RquJEFoKh1VmbEvv1JT5TEKpDnD8l,"As of 2:00 PM today, 23 April 2026, No Low Pressure Areas (LPA) are being monitored for Tropical Cyclone Formation.
All are advised to monitor updates from DOST-PAGASA.",529,101,8,1,Photo,https://www.facebook.com/photo/?fbid=1422909783214004&set=a.365711365600523
https://www.facebook.com/PAGASA.DOST.GOV.PH/posts/pfbid0Cf2tLyT9rKYRcfQPU49cJ1pGcoPuL74jCZ11XUTKYb8wwkKGMuin99EGY1XRLaV7l,"As of 8:00 AM today, 23 April 2026, No Low Pressure Areas (LPA) are being monitored for Tropical Cyclone Formation.
All are advised to monitor updates from DOST-PAGASA.",457,110,5,1,Photo,https://www.facebook.com/photo/?fbid=1422693113235671&set=a.365711365600523
https://www.facebook.com/PAGASA.DOST.GOV.PH/posts/pfbid02aanRdpSXHPcDrrCdgTVeRTEzKCtV2pshTaUTNorHTYvfhw4Yuh74YwbbvuCfMwK7l,"Hydrological Forecast for Agno River Basin              
Issued at 8:30AM, 23 April 2026",44,4,,1,Photo,https://www.facebook.com/photo/?fbid=1422649023240080&set=a.365711365600523
https://www.facebook.com/PAGASA.DOST.GOV.PH/posts/pfbid029MNL44zX8auAvrmLEitkanRk1JidbUkeQ97JQiaWjERio8fcDfrbd9WUhqa2iABKl,"Hydrological Forecast for Cagayan River Basin    
Issued at 8:30AM, 23 April 2026",42,5,,1,Photo,https://www.facebook.com/photo/?fbid=1422647936573522&set=a.365711365600523
https://www.facebook.com/PAGASA.DOST.GOV.PH/posts/pfbid08tWBMSE8BcQESBA1wugnjZfmUzYrWqbwm5FG7FexjgDcRMM3U7dcix4ZbYHSa6WJl,"Hydrological Forecast for Bicol River Basin                
Issued at 8:30 AM, 23 April 2026",43,3,,1,Photo,https://www.facebook.com/photo/?fbid=1422645989907050&set=a.365711365600523
https://www.facebook.com/PAGASA.DOST.GOV.PH/posts/pfbid07SrC8C6m42QF4CRtvUdmp8vjNS1L3th7NS6uz3eLezcXFqJvyzMg1BmoT9uYUtVjl,"Dam Updates as of 8:00 AM, 23 April 2026",71,10,,1,Photo,https://www.facebook.com/photo/?fbid=1422642739907375&set=a.365711365600523
https://www.facebook.com/PAGASA.DOST.GOV.PH/posts/pfbid0CVXp3Lnm5kQHDyW7tGgd3hUAVVAb8EtNxwVvMEWc4Jb3y6j4PjFjgQPNq5WZewGpl,"Pampanga River Basin Update as of 5:00 AM, 23 April 2026",44,4,1,1,Photo,https://www.facebook.com/photo/?fbid=1422563293248653&set=a.365711365600523
https://www.facebook.com/PAGASA.DOST.GOV.PH/posts/pfbid0HLrg9QzCZk9zPkhTdBCk2scfE5aph4hSVrTyL2ZXP2GAZCC5TmbrwSSqkxC5acnrl,"24-HOUR PUBLIC WEATHER FORECAST
Issued at 4:00 AM, 23 April 2026

SYNOPSIS: Ridge of High Pressure Area (HPA) extending over the eastern sections of Northern and Central Luzon. Easterlies affecting Southern Luzon, Visayas, and Mindanao.

Forecast Weather Conditions

Area: Metro Manila, CALABARZON, MIMAROPA, Bicol Region, Visayas, and Mindanao
Weather Condition: Partly cloudy to cloudy skies with isolated rainshowers or thunderstorms
Caused By: Easterlies
Impacts: Possible flash floods or landslides during severe thunderstorms

Area: The rest of Luzon
Weather Condition: Partly cloudy to cloudy skies with isolated rainshowers or thunderstorms
Caused By: Localized Thunderstorms
Impacts: Possible flash floods or landslides during severe thunderstorms

Forecast Wind and Coastal Water Conditions

Area: Northern and Central Luzon
Wind Speed: Light to Moderate
Wind Direction: Southeast to South
Coastal Waters: Slight to Moderate / (0.6 to 1.8 meters)

Area: The rest of the country
Wind Speed: Light to Moderate
Wind Direction: East to Southeast
Coastal Waters: Slight to Moderate / (0.6 to 1.5 meters)

Extremes of Temperature and Relative Humidity for The 24-hour Period Ending 8:00 PM YESTERDAY

Minimum Temperature: 22.7 °C ... 6:00 AM
Maximum Temperature: 35.5 °C... 3:00 PM

Minumum Relative Humidity: 32 % ... 3:00 PM
Maximum Relative Humidity: 83 % ... 6:00 AM

TIDES AND ASTRONOMICAL INFORMATION Over Metro Manila

sunrise today: 5:38AM
sunset today: 6:11PM
moonrise today: 10:53AM
moonset today: --
illumination today: 43%

For other information about weather, please log on to pagasa.dost.gov.ph or bagong.pagasa.dost.gov.ph or call at (02)927-1335/(02)926-4258",130,85,,1,Photo,https://www.facebook.com/photo/?fbid=1422513183253664&set=a.365711365600523
https://www.facebook.com/PAGASA.DOST.GOV.PH/posts/pfbid02Eoy7NNL4dnjKMJHB5PLXCovTfdhKbyMj7zJpSgJp6cWZBUUoBFLQQugVhJ4FpcwZl,"As of 2:00 AM today, 23 April 2026, No Low Pressure Areas (LPA) are being monitored for Tropical Cyclone Formation.

All are advised to monitor updates from DOST-PAGASA.",943,123,18,1,Photo,https://www.facebook.com/photo/?fbid=1422508756587440&set=a.365711365600523
https://www.facebook.com/PAGASA.DOST.GOV.PH/posts/pfbid02hpv4iiYcZYLgBxFAAEpoRHYcAjYsSnpqw4TBrZKswL1yWQgSebzpV7GrjEZxAFahl,"As of 8:00 PM today, 22 April 2026, No Low Pressure Areas (LPA) are being monitored for Tropical Cyclone Formation.

All are advised to monitor updates from DOST-PAGASA.",548,63,16,1,Photo,https://www.facebook.com/photo/?fbid=1422264173278565&set=a.365711365600523
https://www.facebook.com/reel/1311768654431464/,"EP4: PAR, what is heat index? 🔥

Ano ba itong nadarama? Oh shux, tag-init na nga pala! ☀️ 🌸 Kaya ngayong #WeatherWednesday importanteng malaman at maintindihan natin ang damang init o heat Index! 

#PARWhatsUp
#OneDOST4U
#SolutionsAndOpportunitiesForAll",2121,585,33,1,Video,https://www.facebook.com/reel/1311768654431464/
https://www.facebook.com/PAGASA.DOST.GOV.PH/posts/pfbid07sK3sbAH1PoK1YJZNpGqpif33gkmQnjQivbLgZcpmSgMFGXYeqDqtJSGxhaRtudHl,"Highest Computed 5-day Heat Index with 2-day Forecast 
Issued as of 5:00 PM, 22 April 2026 

For more information about the heat index: 
https://www.pagasa.dost.gov.ph/weather/heat-index 

Information from the DOH Philippines about heat-related illnesses during extremely hot weather:
https://bit.ly/DOHPhPublicHealthAdvisory 

Don't forget to take necessary precautions and stay cool and hydrated everyone! ☀️🌡️ 
#HeatIndex #AngInit",127,66,2,4,|Photo|Photo|Photo,https://www.facebook.com/PAGASA.DOST.GOV.PH/posts/pfbid07sK3sbAH1PoK1YJZNpGqpif33gkmQnjQivbLgZcpmSgMFGXYeqDqtJSGxhaRtudHl|||
https://www.facebook.com/PAGASA.DOST.GOV.PH/posts/pfbid0JJSmza9V729j8htDJLMvpJf8jHzpyzapRwgSDp1ZiXVjXbiCns42HFhHAYnYJLSpl,"Highest Computed 5-day Heat Index
Issued as of 5:00 PM, 22 April 2026 

For more information about the heat index: 
https://www.pagasa.dost.gov.ph/weather/heat-index 

Information from the DOH Philippines about heat-related illnesses during extremely hot weather:
https://bit.ly/DOHPhPublicHealthAdvisory 

Forecast for the next 2 days will be available at 6:30 PM.

Don't forget to take necessary precautions and stay cool and hydrated everyone! ☀️🌡️ 
#HeatIndex #AngInit",194,67,,3,|Photo|Photo,https://www.facebook.com/PAGASA.DOST.GOV.PH/posts/pfbid0JJSmza9V729j8htDJLMvpJf8jHzpyzapRwgSDp1ZiXVjXbiCns42HFhHAYnYJLSpl||
https://www.facebook.com/PAGASA.DOST.GOV.PH/posts/pfbid0Kq88q8zUwVYS6Gr3yrcK6CeG4RHA9YCCZbe6TZ5X1gpERJFEc1Vx66hjB5VJhbMAl,"24-HOUR PUBLIC WEATHER FORECAST
Issued at 4:00 PM, 22 April 2026

SYNOPSIS: Ridge of High Pressure Area (HPA) extending over Extreme Northern Luzon. Easterlies affecting Southern Luzon, Visayas, and Mindanao.

Forecast Weather Conditions

Area: Metro Manila, CALABARZON, MIMAROPA, Bicol Region, Visayas, and Mindanao
Weather Condition: Partly cloudy to cloudy skies with isolated rainshowers or thunderstorms
Caused By: Easterlies
Impacts: Possible flash floods or landslides during severe thunderstorms

Area: The rest of Luzon
Weather Condition: Partly cloudy to cloudy skies with isolated rainshowers or thunderstorms
Caused By: Localized Thunderstorms
Impacts: Possible flash floods or landslides during severe thunderstorms

Forecast Wind and Coastal Water Conditions

Area: Northern and Central Luzon
Wind Speed: Light to Moderate
Wind Direction: Southeast to Southwest
Coastal Waters: Slight to Moderate / (0.6 to 1.8 meters)

Area: The rest of the country
Wind Speed: Light to Moderate
Wind Direction: East to Southeast
Coastal Waters: Slight to Moderate / (0.6 to 1.5 meters)

Extremes of Temperature and Relative Humidity for The 24-hour Period Ending 4:00 PM TODAY

Minimum Temperature: 25.2 °C ... 5:00 AM
Maximum Temperature: 35.5 °C... 2:00 PM

Minumum Relative Humidity: 36 % ... 1:00 PM
Maximum Relative Humidity: 83 % ... 5:00 AM

TIDES AND ASTRONOMICAL INFORMATION Over Metro Manila

sunrise tomorrow: 5:38AM
sunset today: 6:11PM
moonrise tomorrow: 10:53AM
illumination tomorrow: 43%

For other information about weather, please log on to pagasa.dost.gov.ph or bagong.pagasa.dost.gov.ph or call at (02)927-1335/(02)926-4258",154,49,,1,Photo,https://www.facebook.com/photo/?fbid=1422058826632433&set=a.365711365600523
