"attachments/0/accessibilityCaption","attachments/0/id","attachments/0/type","attachments/0/url","attachments/1/accessibilityCaption","attachments/1/id","attachments/1/type","attachments/1/url","attachments/2/accessibilityCaption","attachments/2/id","attachments/2/type","attachments/2/url","attachments/3/accessibilityCaption","attachments/3/id","attachments/3/type","attachments/3/url","attachments/4/accessibilityCaption","attachments/4/id","attachments/4/type","attachments/4/url","author/id","author/name","author/profilePicture","author/profileUrl","commentsCount","postId","postText","reactions/haha","reactions/like","reactions/love","reactions/sorry","reactions/wow","reactionsCount","sharesCount","timestamp","url"
"No photo description available.","10155693619658456","photo","https://www.facebook.com/photo.php?fbid=10155693619658456&set=a.411453827018066&type=3","No photo description available.","10155693619253456","photo","https://www.facebook.com/photo.php?fbid=10155693619253456&set=a.411453827018066&type=3","No photo description available.","10155693619328456","photo","https://www.facebook.com/photo.php?fbid=10155693619328456&set=a.411453827018066&type=3","No photo description available.","10155693619313456","photo","https://www.facebook.com/photo.php?fbid=10155693619313456&set=a.411453827018066&type=3",,,,,"100044603551767","General Danny Lim","https://scontent-iad6-1.xx.fbcdn.net/v/t39.30808-1/242435276_411453867018062_3097679470705114579_n.jpg?stp=cp0_dst-jpg_tt6&cstp=mx945x945&ctp=s40x40&_nc_cat=107&ccb=1-7&_nc_sid=2d3e12&_nc_ohc=Di6BH3vq4JIQ7kNvwF_lEHE&_nc_oc=AdrdbqFQiAl4wA5uQ3qvuqhaEE0k7Z6WI8zu90wv1iHq6BEW3jciJbfcyiba7KLGfbo&_nc_zt=24&_nc_ht=scontent-iad6-1.xx&_nc_gid=uErZaMM0m0WaunCuIE8EYQ&_nc_ss=7c2a8&oh=00_AQD-ukI-NEA0NUfVipH_IXyrp6zPmF9JbQU4Rk8PFxkZQQ&oe=6A5FEE91","https://www.facebook.com/GeneralDannyLim","118","10155693619683456","Mula kagabi ay tuloy-tuloy ang ating road clearing, flood monitoring, at roadside assistance operations ngayong bagyong #OmpongPH.

MMDA Hotline: 136","2","2431","83","4","33","2553","131","1536973639000","https://www.facebook.com/GeneralDannyLim/posts/pfbid0sXamVnWP212c47BTg8ohspjyDhBqkpped7m5rN784ER3ZHDowRGJmMttVAhj9ViXl"
"No photo description available.","2215831781998591","photo","https://www.facebook.com/photo/?fbid=2215831781998591&set=a.511316644332440",,,,,,,,,,,,,,,,,"100063623271663","DAMPA sa LIBIS","https://scontent-iad3-1.xx.fbcdn.net/v/t39.30808-1/306087382_511316677665770_8313533242197069166_n.jpg?stp=cp0_dst-jpg_tt6&cstp=mx462x462&ctp=s40x40&_nc_cat=108&ccb=1-7&_nc_sid=2d3e12&_nc_ohc=NpZegyWl9GkQ7kNvwGR7_6j&_nc_oc=AdqTi3xOJjJ5U-RAqoedpRNY-irAH9mx1c_wFhIApcWJore0S7IVDlLbuJL4PiqQfyY&_nc_zt=24&_nc_ht=scontent-iad3-1.xx&_nc_gid=uErZaMM0m0WaunCuIE8EYQ&_nc_ss=7c2a8&oh=00_AQAfwjctALW5vjwWkpBx-gktFzS5tP9NL_rNGYkp7530Aw&oe=6A5FFE6E","https://www.facebook.com/dampasalibisrestaurant","0","2215831808665255","WE DELIVER! We want you to stay safe & dry in the comfort of your own home. For areas within close proximity, you may call 9038141 / 09177071553 for orders. For the safety of our delivery crew/riders, we have suspended this service for flooded areas. Kindly expect slight delays in the delivery of your orders. Please bear with us. Thank you and keep safe!",,"121",,,"5","126","0","1536981119000","https://www.facebook.com/dampasalibisrestaurant/posts/pfbid02EosjxLXDT8s9nXS67iB62UiGx1VZNDm7GVgk5N2fX3FzfJSEZc7EMM6XeQoaF7JZl"
,,,,,,,,,,,,,,,,,,,,"1720710497","Brian Mark R. Lopez","https://scontent-iad6-1.xx.fbcdn.net/v/t39.30808-1/494384011_10214485628610745_4891762414138097689_n.jpg?stp=cp0_dst-jpg_tt6&cstp=mx960x960&ctp=s40x40&_nc_cat=100&ccb=1-7&_nc_sid=1d2534&_nc_ohc=xS2LAYNem1wQ7kNvwFRcckJ&_nc_oc=AdroGPQIJGGLM8s05ZZd3hw5jxe_4zbZ5A6OugBCn0_ieGRs2mDCw0e7WlCa9RjQZY4&_nc_zt=24&_nc_ht=scontent-iad6-1.xx&_nc_gid=uErZaMM0m0WaunCuIE8EYQ&_nc_ss=7c2a8&oh=00_AQAXk4k2v6PQqf6iPIzbXrp1fH-Ku1U9Rc3YBkeszXwOTA&oe=6A5FE037","https://www.facebook.com/brianmark.lopez","5","1015332955315584","Baguio 😢",,"20",,"34","1","55","17","1536998315000","https://www.facebook.com/pinasnatin/posts/pfbid0FVJU3xX7s65i9huNkkNgHtAeAix6Stx1uAMnrKfHeMFhKCn68QQFYYuHAAuz3g3nl"
"No photo description available.","1958318560929290","photo","https://www.facebook.com/photo.php?fbid=1958318560929290&set=a.490929823075630&type=3","No photo description available.","1958316590929487","photo","https://www.facebook.com/photo.php?fbid=1958316590929487&set=a.490929823075630&type=3","No photo description available.","1958317254262754","photo","https://www.facebook.com/photo.php?fbid=1958317254262754&set=a.490929823075630&type=3","No photo description available.","1958317274262752","photo","https://www.facebook.com/photo.php?fbid=1958317274262752&set=a.490929823075630&type=3","No photo description available.","1958317327596080","photo","https://www.facebook.com/photo.php?fbid=1958317327596080&set=a.490929823075630&type=3","100064758486240","MetroCars","https://scontent-iad6-1.xx.fbcdn.net/v/t39.30808-1/308743311_490929869742292_5916008801724691696_n.jpg?stp=cp0_dst-jpg_tt6&cstp=mx960x960&ctp=s40x40&_nc_cat=100&ccb=1-7&_nc_sid=2d3e12&_nc_ohc=GCkuNsr7QlMQ7kNvwEWpZAe&_nc_oc=Adp9pHdDkBjvDT-H9bfYsT69OJGIpZQYB7iLOUlrgS9n2xGXBsvO7cW3hNRkKEr_YF8&_nc_zt=24&_nc_ht=scontent-iad6-1.xx&_nc_gid=uErZaMM0m0WaunCuIE8EYQ&_nc_ss=7c2a8&oh=00_AQAHTssEGYDdQbINjxLNKxTF3G0ag6V3zoZZNHeQ2DL8pw&oe=6A600DF7","https://www.facebook.com/profile.php?id=100064758486240","1","1958318590929287","Rainy Day and Flood Problems?! No worries, u can visit us at METROCARS!!! We got it all for YOU!!! 24/7 to serve YOU!!! c”,) call us 09178055677",,"16",,,,"16","0","1536974467000","https://www.facebook.com/permalink.php?story_fbid=pfbid0331M14nwgzp3gVL7wuxm2BoC2toGnZ2oYvhTL4osP8wdLPxgwbi7DXWXi94cuGWFVl&id=100064758486240"
,,,,,,,,,,,,,,,,,,,,"100064556895235","LADbible","https://scontent-iad6-1.xx.fbcdn.net/v/t39.30808-1/356835546_635590808602810_4370284203767774937_n.jpg?stp=cp0_dst-jpg_tt6&cstp=mx1000x1000&ctp=s40x40&_nc_cat=1&ccb=1-7&_nc_sid=2d3e12&_nc_ohc=odoO-Y-fbKUQ7kNvwE4rLqY&_nc_oc=AdrfH5wOMuBXyhVQYQ-FvpOU8V3IMMtgyWsYRNUrD2CIRAeSCTiJUKGV-Z8X5OhLHLM&_nc_zt=24&_nc_ht=scontent-iad6-1.xx&_nc_gid=uErZaMM0m0WaunCuIE8EYQ&_nc_ss=7c2a8&oh=00_AQD2PFEyB2RyVPrLV-Cnbn666XZmDywQ6YDS_U2TOEiBEQ&oe=6A5FEEC9","https://www.facebook.com/LADbible","0","1173097409513700","💗",,"74","35",,"5","114","4","1537139760000","https://www.facebook.com/groups/dog.ph/permalink/1173097409513700/"
"No photo description available.","2388142547869270","photo","https://www.facebook.com/photo/?fbid=2388142547869270&set=a.450601887091693",,,,,,,,,,,,,,,,,"100064256551876","NIAS News","https://scontent-iad6-1.xx.fbcdn.net/v/t39.30808-1/444152820_840613411423870_2227677054895348915_n.jpg?stp=cp0_dst-jpg_tt6&cstp=mx954x960&ctp=s40x40&_nc_cat=100&ccb=1-7&_nc_sid=2d3e12&_nc_ohc=FddyXKxGAxgQ7kNvwGT5ova&_nc_oc=Adq2rCxaFnrCTDl75xZ8cG_k-GIKlA0hvzR5GtNKGGZWl2s4wEBDPABP0Iw4LGV2mqo&_nc_zt=24&_nc_ht=scontent-iad6-1.xx&_nc_gid=PC49ZkNTM3bx1vCEZ_XRKg&_nc_ss=7c2a8&oh=00_AQDvEchCtE7XxF5SZ9uJUHRbZYYCGrWRX3c8Z8AM5iViuA&oe=6A600806","https://www.facebook.com/NIASNews","0","2388142564535935","FLOOD WATCH: I #MarikinaRiver water level UP to 15.7 meters as of 9:02 a.m. FIRST ALARM. [via Marikina PIO] #FloodPH #NewsALERT ☔️🌧🌧🌀",,"2",,"2",,"4","4","1536975052000","https://www.facebook.com/NIASNews/posts/pfbid0X1X95KAGaHqrNG8xAtp2pQHLsfgk4nRCGPcdhMxQWTWE7VoQ2Uy39VYaTrGnfG3ql"
"No photo description available.","2388209794529212","photo","https://www.facebook.com/photo.php?fbid=2388209794529212&set=a.450601887091693&type=3","No photo description available.","2388209801195878","photo","https://www.facebook.com/photo.php?fbid=2388209801195878&set=a.450601887091693&type=3","No photo description available.","2388209824529209","photo","https://www.facebook.com/photo.php?fbid=2388209824529209&set=a.450601887091693&type=3",,,,,,,,,"100064256551876","NIAS News","https://scontent-iad6-1.xx.fbcdn.net/v/t39.30808-1/444152820_840613411423870_2227677054895348915_n.jpg?stp=cp0_dst-jpg_tt6&cstp=mx954x960&ctp=s40x40&_nc_cat=100&ccb=1-7&_nc_sid=2d3e12&_nc_ohc=FddyXKxGAxgQ7kNvwGT5ova&_nc_oc=Adq2rCxaFnrCTDl75xZ8cG_k-GIKlA0hvzR5GtNKGGZWl2s4wEBDPABP0Iw4LGV2mqo&_nc_zt=24&_nc_ht=scontent-iad6-1.xx&_nc_gid=PC49ZkNTM3bx1vCEZ_XRKg&_nc_ss=7c2a8&oh=00_AQDvEchCtE7XxF5SZ9uJUHRbZYYCGrWRX3c8Z8AM5iViuA&oe=6A600806","https://www.facebook.com/NIASNews","0","2388209871195871","FLOOD WATCH: TIGNAN: | HAGUPIT NI OMPONG. Abot ankle na rin ang baha sa  Mc Arthur Highway, na sakop ng Barangay Ibayo, Marilao Bulacan dahil sa malakas na buhos ng ulan ngayong umaga. RVG, NIAS News Philippines [Photos via Brgy. Ibayo Rescue]
---------------------------------------------
#Kanias! I-like at i-share ang aming post at i-tag na ang inyong mga kaibigan para sa pinakasariwang balita at inpormasyon",,"4",,"1",,"5","1","1536978801000","https://www.facebook.com/NIASNews/posts/pfbid0ZCroRdBV3uJsHfXCJjJgj7wAmTz5gFbyxCYCRWAXfJsETE9S8hpD1DHwFviXLb8Yl"
,"1892610314368242","video",,,,,,,,,,,,,,,,,,"100054382725947","Real estate assistance","https://scontent-iad6-1.xx.fbcdn.net/v/t39.30808-1/299326370_586184589870960_6548448519682553775_n.jpg?stp=cp0_dst-jpg_tt6&cstp=mx960x960&ctp=s40x40&_nc_cat=107&ccb=1-7&_nc_sid=2d3e12&_nc_ohc=9paNr5KWjzQQ7kNvwEGr5iX&_nc_oc=AdrzEVGlMkykS85nYOwHSv62cp53b3lgJ1RTl3jCzEVEqnNeIFossd_os3_ldoT1Ck0&_nc_zt=24&_nc_ht=scontent-iad6-1.xx&_nc_gid=PC49ZkNTM3bx1vCEZ_XRKg&_nc_ss=7c2a8&oh=00_AQAEa08I8URLG8CV9-MkUtzB3JRgi9hCEQUgdO5x4BmCeg&oe=6A6002E3","https://www.facebook.com/rizallotandhouse","0","1892610314368242","Lot only | House and lot
Eastridge, Angono Rizal
Enjoy a flood free and fresh air environment
Branded as Tagaytay of the East
Promising land with high end developers
View of Laguna de Bay and Metro
Near malls|Churches|Hospitals and C6 Highway
With access to all Eastridge Amenities

PM us for more details!
#investinland
#investinquality",,,,,,"0","0","1536998345000","https://www.facebook.com/rizallotandhouse/videos/1892610314368242/"
"No photo description available.","2388274594522732","photo","https://www.facebook.com/photo/?fbid=2388274594522732&set=a.450601887091693",,,,,,,,,,,,,,,,,"100064256551876","NIAS News","https://scontent-iad6-1.xx.fbcdn.net/v/t39.30808-1/444152820_840613411423870_2227677054895348915_n.jpg?stp=cp0_dst-jpg_tt6&cstp=mx954x960&ctp=s40x40&_nc_cat=100&ccb=1-7&_nc_sid=2d3e12&_nc_ohc=FddyXKxGAxgQ7kNvwGT5ova&_nc_oc=Adq2rCxaFnrCTDl75xZ8cG_k-GIKlA0hvzR5GtNKGGZWl2s4wEBDPABP0Iw4LGV2mqo&_nc_zt=24&_nc_ht=scontent-iad6-1.xx&_nc_gid=PC49ZkNTM3bx1vCEZ_XRKg&_nc_ss=7c2a8&oh=00_AQDvEchCtE7XxF5SZ9uJUHRbZYYCGrWRX3c8Z8AM5iViuA&oe=6A600806","https://www.facebook.com/NIASNews","0","2388274627856062","FLOOD WATCH: | #MarikinaRiver water level UP to 16.7 meters as of 11:37 a.m. SECOND ALARM. [via Marikina PIO] #FloodPH",,"2",,"2",,"4","2","1536983196000","https://www.facebook.com/NIASNews/posts/pfbid031xjXcK4mkXgspqpkxoqt6MPgk2o4E47XrLNJvbHJ5B5mSXgVk4g1ByjHSmXNk4Kxl"
"No photo description available.","2308783372471755","photo","https://www.facebook.com/photo/?fbid=2308783372471755&set=a.554485380040736",,,,,,,,,,,,,,,,,"100064378371842","Center for Sagip-Hirap Charity Foundation","https://scontent-iad6-1.xx.fbcdn.net/v/t39.30808-1/740563153_1446297204192878_1487562739244698713_n.jpg?stp=cp0_dst-jpg_tt6&cstp=mx886x886&ctp=s40x40&_nc_cat=107&ccb=1-7&_nc_sid=2d3e12&_nc_ohc=CWeDtN0zS2EQ7kNvwFKTNDi&_nc_oc=AdrnO9dLTsk2_croHWZi8y3cTEb_aiIfv0DGmWQNIpktwkweZoyJBpVbNwHIPPSMUoc&_nc_zt=24&_nc_ht=scontent-iad6-1.xx&_nc_gid=PC49ZkNTM3bx1vCEZ_XRKg&_nc_ss=7c2a8&oh=00_AQB3eUZnCPNJAmi0bTKQXoIQPQLmDKJqA4io4aCZrlXpFQ&oe=6A60123B","https://www.facebook.com/sagiphirapfoundation","0","2308782222471870","Let's extend hand for Typhoon Ompong Flood Victims! Donate Now for Center for Sagip-Hirap Charity Foundation Relief Drive! 

Below are the areas remaining under tropical cyclone warning signals.

Signal No. 3:

Cagayan including Babuyan Group of Islands
Batanes
Ilocos Sur
Ilocos Norte
La Union
Mountain Province
Benguet
Ifugao
Kalinga
Apayao
Abra
Signal No. 2:

Isabela
Nueva Vizcaya
Pangasinan
Tarlac
Nueva Ecija
Aurora
Zambales
Quirino
Pampanga
Bulacan
Signal No. 1:

Bataan
Rizal
Metro Manila
Cavite
Batangas
Laguna
Lubang Island
Northern part of Quezon including Polillo Island",,"8",,,"1","9","1","1537021691000","https://www.facebook.com/sagiphirapfoundation/posts/pfbid02JJEzHt3big7jtcpkKvPvLsCQxYuseVGb4gKfocJqLf1vPgKpsfCJ3f5oCPi15g5ol"
"No photo description available.","2388356141181244","photo","https://www.facebook.com/photo/?fbid=2388356141181244&set=a.450601887091693",,,,,,,,,,,,,,,,,"100064256551876","NIAS News","https://scontent-iad6-1.xx.fbcdn.net/v/t39.30808-1/444152820_840613411423870_2227677054895348915_n.jpg?stp=cp0_dst-jpg_tt6&cstp=mx954x960&ctp=s40x40&_nc_cat=100&ccb=1-7&_nc_sid=2d3e12&_nc_ohc=FddyXKxGAxgQ7kNvwGT5ova&_nc_oc=Adq2rCxaFnrCTDl75xZ8cG_k-GIKlA0hvzR5GtNKGGZWl2s4wEBDPABP0Iw4LGV2mqo&_nc_zt=24&_nc_ht=scontent-iad6-1.xx&_nc_gid=OhRZEH_xPdbrNKcMVbAC2g&_nc_ss=7c2a8&oh=00_AQD7BRfXzbcW72bYzPBfRT0iM80bVn2ZLFlDIjrNTs09fQ&oe=6A600806","https://www.facebook.com/NIASNews","0","2388356167847908","FLOOD WATCH: | #MarikinaRiver water level UP to 17.1 meters as of 1:08 p.m. SECOND ALARM. [via Marikina PIO] #NewsALERT #FloodPH",,"3",,,,"3","0","1536988921000","https://www.facebook.com/NIASNews/posts/pfbid02ZuNiybHi3VeHpzuRaWX8QK42eeJn5tT2JAH3aQz78qBNRRa3aks9Ww9YCVMP7gfsl"
,"1111031879072995","video",,,,,,,,,,,,,,,,,,"100054452562205","SBE Builders","https://scontent-iad3-1.xx.fbcdn.net/v/t39.30808-1/300366553_562938678864546_8505084151789873814_n.png?stp=cp0_dst-png&cstp=mx400x400&ctp=s40x40&_nc_cat=101&ccb=1-7&_nc_sid=2d3e12&_nc_ohc=8l4LrPyguoIQ7kNvwGjfCPK&_nc_oc=AdosaH0vg-nQkbngCHJpYbvEVHyzj2mSxqIc5LdCCyQfATfrYu_e5GAIXS9R3OJgNqY&_nc_zt=24&_nc_ht=scontent-iad3-1.xx&_nc_gid=OhRZEH_xPdbrNKcMVbAC2g&_nc_ss=7c2a8&oh=00_AQBSVSti_gDxPaxpKm5x8-L9jUhR8HHImuhv6kFkYa_g6w&oe=6A5FF225","https://www.facebook.com/SBEbuilders","2","1111031879072995","Townhouse For Sale!
This development is strategically located in a flood free community, where safety and privacy is in top priority. Its location is a 5 minute walk from Phase 8 clubhouse and just a stone throw away from the village entrance/ exit via highway 2000.
———————————
Address: Lot 20, block 4, Mangobend street, corner Jasmine street, Phase 8, Greenland Cainta Executive Village Taytay Rizal.

Call us for Reservations and Bank Loan Support.
09277017618 / 09285023660
Hurry! only few units left!
#SBEdevelopments
www.sbebuilders.net",,"6",,,,"6","8","1537015579000","https://www.facebook.com/SBEbuilders/videos/1111031879072995/"
"No photo description available.","289908771603726","photo","https://www.facebook.com/photo.php?fbid=289908771603726&set=a.444797231011220&type=3","No photo description available.","289908744937062","photo","https://www.facebook.com/photo.php?fbid=289908744937062&set=a.444797231011220&type=3","No photo description available.","289908738270396","photo","https://www.facebook.com/photo.php?fbid=289908738270396&set=a.444797231011220&type=3","No photo description available.","289908764937060","photo","https://www.facebook.com/photo.php?fbid=289908764937060&set=a.444797231011220&type=3","No photo description available.","289908818270388","photo","https://www.facebook.com/photo.php?fbid=289908818270388&set=a.444797231011220&type=3","100064428390728","SP Auto Biz Trading","https://scontent-iad6-1.xx.fbcdn.net/v/t39.30808-1/301980819_444797247677885_7700402416710670213_n.jpg?stp=cp0_dst-jpg_tt6&cstp=mx960x960&ctp=s40x40&_nc_cat=106&ccb=1-7&_nc_sid=2d3e12&_nc_ohc=ywAZ3_PvnsYQ7kNvwG6qd97&_nc_oc=AdqbRlF_Hv_g4_Badr4nseprqG7_FFe9R_eafzARDaJm2pbyvZPzEGSpZyTlaop6Ybc&_nc_zt=24&_nc_ht=scontent-iad6-1.xx&_nc_gid=OhRZEH_xPdbrNKcMVbAC2g&_nc_ss=7c2a8&oh=00_AQBH-bKBv8ZivY2fm3tgEejpNFGXTJYm7yAYqVNP_Ich1g&oe=6A5FFD14","https://www.facebook.com/SPAutoBiz","2","289909141603689","1999 Toyota Land Cruiser HDJ100
Overland Ready

100 Series
1HD-FTE Engine
24 Valve Engine
125000 kms
T-Belt serviced last 115th kms
Factory Leather Seats
Gray Interior
Functional Cool Box
No Sun Roof (no leaking problems)
Full Conversion (see pics)
3 Ending Plate
BF Goodrich KM2
Toyota 105 Series Steel Rims 
Ironman 2” Lift (Torsion Bars, Coils and Shocks)
Front and Rear steel bumpers
Rock Sliders and Fenders Guards
12000 lbs winch with synthetic cable
Custom Aluminum Skid Plate and Sump to Transmission Guard
LED spot lights and LED roof mounted flood lights (relayed and separate switches) 
Snorkel
Full sized Roof Rack (ready for roof top tent)
Pioneer Head Unit
Weather Tech Front Floormats
K&N air filter

*awning not included (will reuse for the next rig) 
All Stock Parts Included (Bumpers, Skid Plate, Suspension and step boards) 

Asking 1.450m Negotiable",,"29",,,,"29","12","1537075732000","https://www.facebook.com/SPAutoBiz/posts/pfbid0ayWwG8ddiffuTRvjzFo23dzSc6BwB67nCY4GDp3Co1aSgUgwUoE4qiDpffQo9cfjl"
"No photo description available.","2388227584527433","photo","https://www.facebook.com/photo/?fbid=2388227584527433&set=a.450601887091693",,,,,,,,,,,,,,,,,"100064256551876","NIAS News","https://scontent-iad6-1.xx.fbcdn.net/v/t39.30808-1/444152820_840613411423870_2227677054895348915_n.jpg?stp=cp0_dst-jpg_tt6&cstp=mx954x960&ctp=s40x40&_nc_cat=100&ccb=1-7&_nc_sid=2d3e12&_nc_ohc=FddyXKxGAxgQ7kNvwGT5ova&_nc_oc=Adq2rCxaFnrCTDl75xZ8cG_k-GIKlA0hvzR5GtNKGGZWl2s4wEBDPABP0Iw4LGV2mqo&_nc_zt=24&_nc_ht=scontent-iad6-1.xx&_nc_gid=OhRZEH_xPdbrNKcMVbAC2g&_nc_ss=7c2a8&oh=00_AQD7BRfXzbcW72bYzPBfRT0iM80bVn2ZLFlDIjrNTs09fQ&oe=6A600806","https://www.facebook.com/NIASNews","0","2388227611194097","FLOOD WATCH: | #MarikinaRiver water level UP to 16.4 meters as of 10:47 a.m. SECOND ALARM. [via Marikina PIO] #NewsALERT #FloodPH",,"5",,,,"5","0","1536980011000","https://www.facebook.com/NIASNews/posts/pfbid0WRECsgB34e65RzAtLBowq6zWuRgVaoYojJXDJD898HsBuWS593ud89QXxruGt9Z5l"
"No photo description available.","2388177191199139","photo","https://www.facebook.com/photo/?fbid=2388177191199139&set=a.450601887091693",,,,,,,,,,,,,,,,,"100064256551876","NIAS News","https://scontent-iad6-1.xx.fbcdn.net/v/t39.30808-1/444152820_840613411423870_2227677054895348915_n.jpg?stp=cp0_dst-jpg_tt6&cstp=mx954x960&ctp=s40x40&_nc_cat=100&ccb=1-7&_nc_sid=2d3e12&_nc_ohc=FddyXKxGAxgQ7kNvwGT5ova&_nc_oc=Adq2rCxaFnrCTDl75xZ8cG_k-GIKlA0hvzR5GtNKGGZWl2s4wEBDPABP0Iw4LGV2mqo&_nc_zt=24&_nc_ht=scontent-iad6-1.xx&_nc_gid=OhRZEH_xPdbrNKcMVbAC2g&_nc_ss=7c2a8&oh=00_AQD7BRfXzbcW72bYzPBfRT0iM80bVn2ZLFlDIjrNTs09fQ&oe=6A600806","https://www.facebook.com/NIASNews","0","2388177297865795","FLOOD WATCH: | JUST IN #MarikinaRiver water level UP to 16 meters as of 9:48 a.m.
SECOND ALARM. [via Marikina PIO] #FloodPH #NewsALERT 🌧☔️⛈🌀
---------------------------------------------
#Kanias! I-like at i-share ang aming post at i-tag na ang inyong mga kaibigan para sa pinakasariwang balita at inpormasyon",,"6",,,,"6","0","1536976595000","https://www.facebook.com/NIASNews/posts/pfbid0HpHVmDjTV9jy8enWrxLfT9L6tr5KFGC8NoSa71QFc1pmxwydSnDxzyYpx6HTKoMil"
,"701938173496308","video",,,,,,,,,,,,,,,,,,"100063319654447","Rainbow your life","https://scontent-iad3-2.xx.fbcdn.net/v/t39.30808-1/309544413_436901495097169_2648601847639255534_n.jpg?stp=c256.0.1536.1536a_cp0_dst-jpg_tt6&cstp=mx1536x1536&ctp=s40x40&_nc_cat=105&ccb=1-7&_nc_sid=2d3e12&_nc_ohc=3A8SbVJfQ0AQ7kNvwFV6BEX&_nc_oc=AdrF1nER2Fy7YWoSNyL4FXcfo4AVVlZ1wjZ71VxStVS2bldQrlfPoaL-jW7nVSkEZuY&_nc_zt=24&_nc_ht=scontent-iad3-2.xx&_nc_gid=qAon0ryBJx3DQLC0-_Uzlg&_nc_ss=7c2a8&oh=00_AQD0VzRbT4Y-IbM-LSJe0nxZAKepiNH6W3MyQ10M7d-3VA&oe=6A5FF20D","https://www.facebook.com/rainbowyourlifethroughprayer","0","701938173496308","“Remember the rainbow”

you maybe sitting at the dark room of your life right now. A lot of troubles are happening. You feel alone and hopeless. Wondering if there is God who can change your situation. You are so lonely that you feel like in this big world you are alone. Remember the creator of rainbow. He is bigger than your situations. His waiting for you to call his name! If you are just like me, God is making you wait for something that you desire in your heart for a long time, may it be a work, relationships, health, finances. There is our father in heaven. He loves to listen to our prayers. His desire and will into our life is to experience what heaven feels like while we are on earth! But the question is why there are things that are unexplainable and its hard to understand that are happening on this earth. Why there is suffering, pain, rejections and sorrows. I cannot answer that as well! But all I know is that, the one who created me knows me well. He is capable of giving me life. Lets acknowledge God into our situation and let him meet you as who you are right now! Even if you think like your life is full of mess. Remember God is gracious. Even if we do not deserved his help, his willing to pour out his abundant blessings into our life. He died on the cross for all our sins so that he can redeemed and restored our life. He made it finished on the cross already! He just want our life to be surrendered to him. 😊 In Genesis 9:13-16 “I have set my rainbow in the clouds, and it will be the sign of the covenant between me and the earth” Whenever I bring clouds over the earth and the rainbow appears in the clouds, I will remember my covenant between me and you and all living creatures of every kind. Never again will the waters become a flood to destroy all life. Whenever the rainbow appears in the clouds, I will see it and remember the everlasting covenant between God and all living creatures of every kind.”  

Prayer: Dear Jesus, thank you for loving me so much. I admit that my life is dark and empty without you! I give you the color pen to bring color to my life. I believe that through you, you can make my present and future life become colorful as the rainbow. Thank you for your faithfulness that is perfect and true. You never fail your promises! I give up to you my dark room and help me break the chains of negative thoughts and feelings as this is not comes from you! I only want to hear your voice and that is full of love, hope, faith, peace, joy and kindness. In Jesus mighty name! Amen.",,"3","4",,,"7","4","1537127235000","https://www.facebook.com/rainbowyourlifethroughprayer/videos/701938173496308/"
"No photo description available.","2388216454528546","photo","https://www.facebook.com/photo/?fbid=2388216454528546&set=a.450601887091693",,,,,,,,,,,,,,,,,"100064256551876","NIAS News","https://scontent-iad6-1.xx.fbcdn.net/v/t39.30808-1/444152820_840613411423870_2227677054895348915_n.jpg?stp=cp0_dst-jpg_tt6&cstp=mx954x960&ctp=s40x40&_nc_cat=100&ccb=1-7&_nc_sid=2d3e12&_nc_ohc=FddyXKxGAxgQ7kNvwGT5ova&_nc_oc=Adq2rCxaFnrCTDl75xZ8cG_k-GIKlA0hvzR5GtNKGGZWl2s4wEBDPABP0Iw4LGV2mqo&_nc_zt=24&_nc_ht=scontent-iad6-1.xx&_nc_gid=qAon0ryBJx3DQLC0-_Uzlg&_nc_ss=7c2a8&oh=00_AQCRQLyzeM-2Di_zD4YBnzELoRlZ9CR7t2Ju84vtzlKmKA&oe=6A600806","https://www.facebook.com/NIASNews","0","2388216477861877","FLOOD WATCH: | #MarikinaRiver water level UP to 16.3 meters as of 10:31 a.m. SECOND ALARM. [via Marikina PIO] #NewsALERT #FloodPH",,"4",,,,"4","0","1536979229000","https://www.facebook.com/NIASNews/posts/pfbid0yiZEmxKaZpxeFtEHzxMsBctntyGn3uTDqHivY5uarFTTDC9XifMkr4kFd1HxNzsNl"
"No photo description available.","1059420290884930","photo","https://www.facebook.com/photo.php?fbid=1059420290884930&set=a.462346145897278&type=3","No photo description available.","1059419880884971","photo","https://www.facebook.com/photo.php?fbid=1059419880884971&set=a.462346145897278&type=3","No photo description available.","1059419894218303","photo","https://www.facebook.com/photo.php?fbid=1059419894218303&set=a.462346145897278&type=3","No photo description available.","1059419960884963","photo","https://www.facebook.com/photo.php?fbid=1059419960884963&set=a.462346145897278&type=3","No photo description available.","1059419940884965","photo","https://www.facebook.com/photo.php?fbid=1059419940884965&set=a.462346145897278&type=3","100063656906113","ABlessed HomePh","https://scontent-iad6-1.xx.fbcdn.net/v/t39.30808-1/557745110_1427451552720061_3396379951886744217_n.jpg?stp=cp0_dst-jpg_tt6&cstp=mx1080x1092&ctp=s40x40&_nc_cat=109&ccb=1-7&_nc_sid=2d3e12&_nc_ohc=IwCl_f6XzqsQ7kNvwH4Lz5j&_nc_oc=AdplTKLCfU-QJrJ47O9nDvOEIrtm0o6xiEyFP1MNdC3Q7R3wjPXg502EsSja5TaNnaw&_nc_zt=24&_nc_ht=scontent-iad6-1.xx&_nc_gid=qAon0ryBJx3DQLC0-_Uzlg&_nc_ss=7c2a8&oh=00_AQAe6F9LkyEpC5dlWkv0TCfmSKHALCTXjIu30BaVvChTCw&oe=6A600831","https://www.facebook.com/investwiselyatMETROLANDREALTY","1","1059420657551560","🌺JILLIAN / HERITAGE VILLAS🌺
Developer: Moldex New City
Located @ Brgy. Sapang Palay Proper, San Jose Del Monte City, Bulacan🛣

🏠JILLIAN LOFTED UNIT:
✔️Floor Area: 55 sqm
✔️Lot Area: 84 sqm
✔ Lofted House & Lot
✔ 3 bedrooms
✔ 1 toilet and bath

🏠Features:
- Main entrance gate with guard house
- 24-hour security service and street lighting
- Centralized water system (deep well or water district)
- Electrical supply by Meralco
- Underground drainage system
- Concrete roads and side walk

🏠Amenities:
- Clubhouse
- Swimmining pool
- Basketball court
- Children's playground

Complete Amenities with Swimming Pool
100% FLOOD FREE👍🏻

🙋🏻‍♀️Note: Buyer can make an expansion on the house like make an extra room, 
dirty kitchen and own toilet and bath. 
A provision for carport, 
once the house is already turn over.

✍🏻Pls notify 1-2 days prior to viewing schedule preferred. 
Prices and availability may change without any notice.

Inquire Now! 🤓👍🏻
▬▬▬▬▬▬▬▬▬▬▬▬▬▬▬▬▬▬▬▬
For more info and free site tripping 
feel free to contact me :
METROLAND REALTY 
Marketing Ambassador: 
🙋🏻‍♀️Ms. Ria Urquia
💻PM me or comment (FB)
📞Smart - 09985929762
📲Globe - 09776275655
✉️Email : riaurquia_yang23@yahoo.com",,,,,,"0","0","1537071919000","https://www.facebook.com/investwiselyatMETROLANDREALTY/posts/pfbid02eVxVqYEg35Z3CvywkWarafC6qq8bgZoeChDYeJGBb2sYFCRE5jvQpvEq4QGPicEPl"
"No photo description available.","296151237845679","photo","https://www.facebook.com/photo.php?fbid=296151237845679&set=a.484025613918976&type=3","No photo description available.","296151297845673","photo","https://www.facebook.com/photo.php?fbid=296151297845673&set=a.484025613918976&type=3",,,,,,,,,,,,,"100069346241386","Kakanin To Go Atbp - Aling Kika's Delivery Service","https://scontent-iad3-1.xx.fbcdn.net/v/t39.30808-1/719863885_1319003007087895_191053919119324010_n.jpg?stp=cp0_dst-jpg_tt6&cstp=mx1600x1600&ctp=s40x40&_nc_cat=104&ccb=1-7&_nc_sid=2d3e12&_nc_ohc=NkoWS7l-gvsQ7kNvwELLh-C&_nc_oc=Adq5GHC6TX56cHJuHftLYQJgsCczceK9K-xvLAIocAlI59B6g9EZNslZMYQPV8cYWkU&_nc_zt=24&_nc_ht=scontent-iad3-1.xx&_nc_gid=qAon0ryBJx3DQLC0-_Uzlg&_nc_ss=7c2a8&oh=00_AQBaTqpkOLNohvNUqCcagScccvp3WVlF_S7n_1qdsAJJSQ&oe=6A5FF550","https://www.facebook.com/AlingKikasDelivery","0","296151324512337","Business As Usual #KakaninFoodies! 😊

Set of Aling Kika's tray assorted bound to Cabuyao  Laguna and MMDA Flood Control Unit ❤ 

Thank you Ms. Ruth for choosing Kakanin To Go Atbp. 

PM your order/s. We deliver today, 2PM onwards. 

Call/text: 0915.610.2030 | (02) 534 9942 

Happy Sunday! ❤",,"1","2",,"1","4","1","1537062265000","https://www.facebook.com/AlingKikasDelivery/posts/pfbid0YLWjxCFP5EQkHPwmd9s91QvRKqBiikQfaabfXP34LEe7bWmBnqEc2PJ93G7xwURel"
,,,,,,,,,,,,,,,,,,,,"","Robert Cuenca","https://scontent-iad3-1.xx.fbcdn.net/v/t39.30808-1/476402716_10221406281786030_5522139698847771327_n.jpg?stp=c0.34.480.480a_cp0_dst-jpg_tt6&cstp=mx480x480&ctp=s40x40&_nc_cat=110&ccb=1-7&_nc_sid=1d2534&_nc_ohc=RThPTX6K1DQQ7kNvwHwO_Y-&_nc_oc=AdqlNxduF6XNFZ535LCTg8IH-X9Xl6EzdRkjt7rmq4disXDJlxxEklTSUrB9_868oNM&_nc_zt=24&_nc_ht=scontent-iad3-1.xx&_nc_gid=qAon0ryBJx3DQLC0-_Uzlg&_nc_ss=7c2a8&oh=00_AQA2rEVmhDLUUpRV_l2ZOd7aMTuBgi8UFzSAgMVcB-cEVg&oe=6A5FF48F","https://www.facebook.com/robert.cuenca.12","0","2018244091800619","Flooding has been an issue in the Philippines for a long time!!",,,,,,"0","8","1537103333000","https://www.facebook.com/groups/RACER.volunteer/permalink/2018244091800619/"
"No photo description available.","2262526920647749","photo","https://www.facebook.com/photo.php?fbid=2262526920647749&set=a.412686137638586&type=3","No photo description available.","2262526947314413","photo","https://www.facebook.com/photo.php?fbid=2262526947314413&set=a.412686137638586&type=3",,,,,,,,,,,,,"100066916106466","ATMT Car Care","https://scontent-iad6-1.xx.fbcdn.net/v/t39.30808-1/669723010_1268181912089000_4030814756616014767_n.jpg?stp=cp0_dst-jpg_tt6&cstp=mx800x800&ctp=s40x40&_nc_cat=109&ccb=1-7&_nc_sid=2d3e12&_nc_ohc=u7TbRMwIaRkQ7kNvwFU7DnN&_nc_oc=Ado_h-jouDSNnqhbNEfyNIXQ80xGoT0EKFH4hZIPDtFqJ-rI-PXaLwfTcNS0uzpJAYE&_nc_zt=24&_nc_ht=scontent-iad6-1.xx&_nc_gid=qAon0ryBJx3DQLC0-_Uzlg&_nc_ss=7c2a8&oh=00_AQAZ78PKUFdmIV4hoA8znS0UUYt4G6MkQ2SmW7__5a7W2Q&oe=6A600EA2","https://www.facebook.com/atmtcarcare","0","2262526963981078","Atm: Interior Flooded",,"4",,,,"4","1","1536989115000","https://www.facebook.com/atmtcarcare/posts/pfbid0Ntw8a21QEJLJpW135iYoqgLRtQJws3bd2gWZFNY2XLojGRcP4yXmQeZjGSJE63QSl"
"No photo description available.","2388572454492946","photo","https://www.facebook.com/photo/?fbid=2388572454492946&set=a.450601887091693",,,,,,,,,,,,,,,,,"100064256551876","NIAS News","https://scontent-iad6-1.xx.fbcdn.net/v/t39.30808-1/444152820_840613411423870_2227677054895348915_n.jpg?stp=cp0_dst-jpg_tt6&cstp=mx954x960&ctp=s40x40&_nc_cat=100&ccb=1-7&_nc_sid=2d3e12&_nc_ohc=FddyXKxGAxgQ7kNvwGT5ova&_nc_oc=Adq2rCxaFnrCTDl75xZ8cG_k-GIKlA0hvzR5GtNKGGZWl2s4wEBDPABP0Iw4LGV2mqo&_nc_zt=24&_nc_ht=scontent-iad6-1.xx&_nc_gid=DeWrUxUH_WsS8cUKR-4JWA&_nc_ss=7c2a8&oh=00_AQBZDwwrqavGWKtUF-KjsPnSxrvmUGm9agA4rGl2Ox8cyw&oe=6A600806","https://www.facebook.com/NIASNews","1","2388572467826278","#WeatherPH: | HEAVY RAINFALL. As of 6PM,

Yellow Warning Level: #Zambales and #Bataan
FLOODING in flood-prone areas.

Light to moderate rains affecting #Tarlac, #NuevaEcija, #Rizal, #Pampanga and #Quezon which may persist for 3 hours. Expect light to moderate rains over #MetroManila, #Bulacan, #Cavite, #Batangas and #Laguna within the next 3 hours according to PAGASA #NewsALERT ☔️⛈🌧🌀",,"5",,,,"5","0","1537006410000","https://www.facebook.com/NIASNews/posts/pfbid02nDHJNRzSoG5CcaPMpGi2PhfQkKYCFuNqdBw6La94A5QNDi4XVMGzVtQPKxgNrLiPl"
"No photo description available.","2388443591172499","photo","https://www.facebook.com/photo/?fbid=2388443591172499&set=a.450601887091693",,,,,,,,,,,,,,,,,"100064256551876","NIAS News","https://scontent-iad6-1.xx.fbcdn.net/v/t39.30808-1/444152820_840613411423870_2227677054895348915_n.jpg?stp=cp0_dst-jpg_tt6&cstp=mx954x960&ctp=s40x40&_nc_cat=100&ccb=1-7&_nc_sid=2d3e12&_nc_ohc=FddyXKxGAxgQ7kNvwGT5ova&_nc_oc=Adq2rCxaFnrCTDl75xZ8cG_k-GIKlA0hvzR5GtNKGGZWl2s4wEBDPABP0Iw4LGV2mqo&_nc_zt=24&_nc_ht=scontent-iad6-1.xx&_nc_gid=DeWrUxUH_WsS8cUKR-4JWA&_nc_ss=7c2a8&oh=00_AQBZDwwrqavGWKtUF-KjsPnSxrvmUGm9agA4rGl2Ox8cyw&oe=6A600806","https://www.facebook.com/NIASNews","1","2388443637839161","#WeatherPH: | HEAVY RAINFALL. As of 3PM, 

Orange Warning Level: #Bataan and #Bulacan
FLOODING is THREATENING

Yellow Warning Level: #Zambales
FLOODING in flood-prone areas.

Expect heavy rainshowers due to thunderstorms that may bring lightning and strong winds over #MetroManila, #Rizal, #Cavite and #Quezon (General Nakar) within the next 3 hours.

Moderate with occasional heavy rains affecting #Tarlac, #NuevaEcija and #Pampanga which may persist for 3 hours while moderate with occasional heavy rains is expected over #Laguna and #Batangas in the next 3 hours according to PAGASA #NewsALERT 🌧☔️⛈🌀",,"4",,,,"4","2","1536995748000","https://www.facebook.com/NIASNews/posts/pfbid02p3YTqdMA6jJrCsKeEDxTxznr9UPXLQzmvHMhDASypSANpXqtZVCS3DR1kQ2n6NMPl"
,,,,,,,,,,,,,,,,,,,,"100068612142206","MMDA","https://scontent-iad6-1.xx.fbcdn.net/v/t39.30808-1/242803846_162321929398211_6744508622629887688_n.jpg?stp=cp0_dst-jpg_tt6&cstp=mx604x604&ctp=s40x40&_nc_cat=1&ccb=1-7&_nc_sid=2d3e12&_nc_ohc=-GxMrIa-rlcQ7kNvwFBZfIA&_nc_oc=Adohs1uguo7HBrd_C6PL9RmjIrLJstIeJb0PDFRz8gGzn2sc7Y87ShIskLZElyAlT7c&_nc_zt=24&_nc_ht=scontent-iad6-1.xx&_nc_gid=DeWrUxUH_WsS8cUKR-4JWA&_nc_ss=7c2a8&oh=00_AQAeqcF04Xsg5e6t7okTFZVHfXkhKio_qDjO6s2Ed_SYFA&oe=6A5FF692","https://www.facebook.com/MMDAPH","0","2030318733673445","[Admin 24] FLOOD ALERT: As of 11:50 AM at Araneta Victory NB/SB, Half Tire. Not passable to light vehicles. #mmda",,"8",,"1",,"9","5","1536984164000","https://www.facebook.com/MMDAPH/posts/pfbid026sLUfgocWqVi1Jqse2En83Pgk5bUxgLRYvQXZZBJGPuG4ig8Vo5mVyMh18fFuBe3l"
,,,,,,,,,,,,,,,,,,,,"100068612142206","MMDA","https://scontent-iad6-1.xx.fbcdn.net/v/t39.30808-1/242803846_162321929398211_6744508622629887688_n.jpg?stp=cp0_dst-jpg_tt6&cstp=mx604x604&ctp=s40x40&_nc_cat=1&ccb=1-7&_nc_sid=2d3e12&_nc_ohc=-GxMrIa-rlcQ7kNvwFBZfIA&_nc_oc=Adohs1uguo7HBrd_C6PL9RmjIrLJstIeJb0PDFRz8gGzn2sc7Y87ShIskLZElyAlT7c&_nc_zt=24&_nc_ht=scontent-iad6-1.xx&_nc_gid=DeWrUxUH_WsS8cUKR-4JWA&_nc_ss=7c2a8&oh=00_AQAeqcF04Xsg5e6t7okTFZVHfXkhKio_qDjO6s2Ed_SYFA&oe=6A5FF692","https://www.facebook.com/MMDAPH","0","2030311497007502","[Admin 24] FLOOD ALERT: As of 11:38 AM at España Quintos WB, Half tire. Not passable to light vehicles. #mmda",,"3",,,,"3","1","1536983464000","https://www.facebook.com/MMDAPH/posts/pfbid02E9Kmpo6mjgs12PGtWrooUmvw4KUBuwy4QkV8hP6S2qVYWVV5mhwVSP7wQVZTfHfVl"
,,,,,,,,,,,,,,,,,,,,"100068612142206","MMDA","https://scontent-iad6-1.xx.fbcdn.net/v/t39.30808-1/242803846_162321929398211_6744508622629887688_n.jpg?stp=cp0_dst-jpg_tt6&cstp=mx604x604&ctp=s40x40&_nc_cat=1&ccb=1-7&_nc_sid=2d3e12&_nc_ohc=-GxMrIa-rlcQ7kNvwFBZfIA&_nc_oc=Adohs1uguo7HBrd_C6PL9RmjIrLJstIeJb0PDFRz8gGzn2sc7Y87ShIskLZElyAlT7c&_nc_zt=24&_nc_ht=scontent-iad6-1.xx&_nc_gid=DeWrUxUH_WsS8cUKR-4JWA&_nc_ss=7c2a8&oh=00_AQAeqcF04Xsg5e6t7okTFZVHfXkhKio_qDjO6s2Ed_SYFA&oe=6A5FF692","https://www.facebook.com/MMDAPH","2","2030311597007492","[Admin 24] FLOOD ALERT: As of 11:38 AM at España Maceda WB, Half tire. Not passable to light vehicles. #mmda",,"3",,,,"3","1","1536983475000","https://www.facebook.com/MMDAPH/posts/pfbid029FvZSsZccebe1QBNxc5EfpQrx1g6Kq2ukGf5BV9pvKg6MrgGoSfZ97DXfnb7H8Y3l"
"No photo description available.","1059413927552233","photo","https://www.facebook.com/photo.php?fbid=1059413927552233&set=a.462346145897278&type=3","No photo description available.","1059413440885615","photo","https://www.facebook.com/photo.php?fbid=1059413440885615&set=a.462346145897278&type=3","No photo description available.","1059413464218946","photo","https://www.facebook.com/photo.php?fbid=1059413464218946&set=a.462346145897278&type=3","No photo description available.","1059413490885610","photo","https://www.facebook.com/photo.php?fbid=1059413490885610&set=a.462346145897278&type=3","No photo description available.","1059413520885607","photo","https://www.facebook.com/photo.php?fbid=1059413520885607&set=a.462346145897278&type=3","100063656906113","ABlessed HomePh","https://scontent-iad6-1.xx.fbcdn.net/v/t39.30808-1/557745110_1427451552720061_3396379951886744217_n.jpg?stp=cp0_dst-jpg_tt6&cstp=mx1080x1092&ctp=s40x40&_nc_cat=109&ccb=1-7&_nc_sid=2d3e12&_nc_ohc=IwCl_f6XzqsQ7kNvwH4Lz5j&_nc_oc=AdplTKLCfU-QJrJ47O9nDvOEIrtm0o6xiEyFP1MNdC3Q7R3wjPXg502EsSja5TaNnaw&_nc_zt=24&_nc_ht=scontent-iad6-1.xx&_nc_gid=LJhLCDJFIKPyfWy3er30OA&_nc_ss=7c2a8&oh=00_AQCjH69uZjcOIxzWp6Sup-ElFmY5lJ3K29d5tQQ2KeAZOw&oe=6A600831","https://www.facebook.com/investwiselyatMETROLANDREALTY","1","1059414190885540","🌺MARGA / HERITAGE VILLAS🌺
Developer: Moldex New City
Located @ Sapang palay proper, San Jose Bulacan🛣

🏠MARGA BUNGALOW UNIT:
✔️LA: 120 sqm
✔️FA: 60 sqm
✔️With complete Amenities
✔️Turn over semi complete 
✔️Provision for 3 bedrooms 
✔️1 Toilet&Bath

🏠Features:
- Main entrance gate with guard house
- 24-hour security service and street lighting
- Centralized water system (deep well or water district)
- Electrical supply by Meralco
- Underground drainage system
- Concrete roads and side walk

🏠Amenities:
- Clubhouse
- Swimmining pool
- Basketball court
- Children's playground

Complete Amenities with Swimming Pool
100% FLOOD FREE👍🏻

🙋🏻‍♀️Note: Buyer can make an expansion on the house like make an extra room, 
dirty kitchen and own toilet and bath. 
A provision for carport, 
once the house is already turn over.

✍🏻Pls notify 1-2 days prior to viewing schedule preferred. 
Prices and availability may change without any notice.

Inquire Now! 🤓👍🏻
▬▬▬▬▬▬▬▬▬▬▬▬▬▬▬▬▬▬▬▬
For more info and free site tripping 
feel free to contact me :
METROLAND REALTY 
Marketing Ambassador: 
🙋🏻‍♀️Ms. Ria Urquia
💻PM me or comment (FB)
📞Smart - 09985929762
📲Globe - 09776275655
✉️Email : riaurquia_yang23@yahoo.com",,"1",,,,"1","1","1537071328000","https://www.facebook.com/investwiselyatMETROLANDREALTY/posts/pfbid0aS4h1mGYMHFK4LJ3w18Gyv24DaZmCSbu7maK9CYPG9jUrsZRzx3PvBG3TiE3j3Syl"
,,,,,,,,,,,,,,,,,,,,"100068612142206","MMDA","https://scontent-iad6-1.xx.fbcdn.net/v/t39.30808-1/242803846_162321929398211_6744508622629887688_n.jpg?stp=cp0_dst-jpg_tt6&cstp=mx604x604&ctp=s40x40&_nc_cat=1&ccb=1-7&_nc_sid=2d3e12&_nc_ohc=-GxMrIa-rlcQ7kNvwFBZfIA&_nc_oc=Adohs1uguo7HBrd_C6PL9RmjIrLJstIeJb0PDFRz8gGzn2sc7Y87ShIskLZElyAlT7c&_nc_zt=24&_nc_ht=scontent-iad6-1.xx&_nc_gid=LJhLCDJFIKPyfWy3er30OA&_nc_ss=7c2a8&oh=00_AQBa08LhpW8KPuLS3RvXXgp9zGO_CnvooWgd7rcn3P2ApA&oe=6A5FF692","https://www.facebook.com/MMDAPH","3","2030348763670442","[Admin 08] FLOOD ALERT: As of 12:32 PM at Araneta Maria Clara NB/SB, 3 FEET. Not passable to all types of vehicles. #mmda",,"22",,"3","3","28","7","1536986579000","https://www.facebook.com/MMDAPH/posts/pfbid02HfYgEYpDwv4bghWacmRYNcLT7JjDQQmM111H328ebYZDZ2bH6kNjktYd3CM9X3hpl"
"No photo description available.","2060327567345694","photo","https://www.facebook.com/photo/?fbid=2060327567345694&set=a.501420745324448",,,,,,,,,,,,,,,,,"100063695805245","Snow Bridal Car","https://scontent-iad6-1.xx.fbcdn.net/v/t39.30808-1/457059174_1064140175719166_1280280859299728089_n.jpg?stp=cp0_dst-jpg_tt6&cstp=mx960x960&ctp=s40x40&_nc_cat=107&ccb=1-7&_nc_sid=2d3e12&_nc_ohc=kzocQkDrwU8Q7kNvwEZhdmW&_nc_oc=AdpaohExfawRcpI6oSerhtLD3v6FtoWZAuHPTh56bxK4Uw8thRxKqLogZz6uJMrjtFw&_nc_zt=24&_nc_ht=scontent-iad6-1.xx&_nc_gid=LJhLCDJFIKPyfWy3er30OA&_nc_ss=7c2a8&oh=00_AQCGe5K46wH5c2oPFo6PV1ULEiGgKW1KsRP2_5wDhNuJcA&oe=6A5FF644","https://www.facebook.com/snowbridalcar","0","2060327567345694","Just in time. 😊 
Snow's adventure for today. 🚣Conquered the flooded area of Sta. Rosa. ☔🌊
Then routed to Victoria Tarlac to Guimba Nueva Ecija then back to Sta. Rosa. 😂 
❄
❄
❄
#snowbridalcar #bridalcar #carrental #weddingphotography #carphotography #carporn #mazda #mazda3skyactiv #zoomzoom #mazda3thirdgen #mazdaphilippines #m3scph #kayZYRApmagmahalniGELO",,"5",,,,"5","0","1537075496000","https://www.facebook.com/photo.php?fbid=2060327567345694&set=a.501420745324448&type=3"
"No photo description available.","432670593923302","photo","https://www.facebook.com/photo.php?fbid=432670593923302&set=a.383901887234163&type=3","No photo description available.","432670630589965","photo","https://www.facebook.com/photo.php?fbid=432670630589965&set=a.383901887234163&type=3","No photo description available.","432670653923296","photo","https://www.facebook.com/photo.php?fbid=432670653923296&set=a.383901887234163&type=3","No photo description available.","432670677256627","photo","https://www.facebook.com/photo.php?fbid=432670677256627&set=a.383901887234163&type=3",,,,,"100068430638395","Property and Condominium Investment with Flexible Paypment","https://scontent-iad6-1.xx.fbcdn.net/v/t39.30808-1/305957331_383901893900829_5208995606599499376_n.jpg?stp=cp0_dst-jpg_tt6&cstp=mx720x720&ctp=s40x40&_nc_cat=106&ccb=1-7&_nc_sid=2d3e12&_nc_ohc=fqQEbuOzuWoQ7kNvwFqcuew&_nc_oc=Adpj4ea86SB-HgZvsE8OX4uLvDY8b7S1H0H7hx-SlNIgJo7zQzyPLN2rsKLzJV0jdJw&_nc_zt=24&_nc_ht=scontent-iad6-1.xx&_nc_gid=LJhLCDJFIKPyfWy3er30OA&_nc_ss=7c2a8&oh=00_AQDImSZ3IK7TnOhqkPaMKPv-rKMMxx8oyvTMKWb6MzRsAA&oe=6A60106F","https://www.facebook.com/AffordablePropertyandCondominiumInvestment","3","432670700589958","Own LAGUNA BEL-AIR LOT
FOR as LOW as 10 k MONTHLY
LIMITED TIME OFFER
AFFORDABLE
NO RESERVATION

What Are You Waiting For?
RESERVE NOW & AVAIL BIG DISCOUNTS!!!
FEW UNITS LOT LEFT!!

FEATURES:
ACCESSIBLE & CONVENIENT
FLOOD FREE
PETS ARE ALLOWED
PERPETUAL OWNERSHIP
SECURED INVESTMENT
STRESS FREE LIVING

I'm inviting you for site viewing for detailed discussion about the project and how you can avail.

Also Available RFO & Pre-Selling Mandaluyong, San Juan city Sta Mesa Manila, Cainta, Pasig

LOT For SALE NEAR NUVALI and TAGAYTAY

For assistance contact Mr. Laurence Habaradas
Mail: laurence_habaradas@yahoo.com
Gmail: laurencehabaradas7@gmail.com

Contact number:
+63 9555681955 (TM)
+63 9236133236 (SUN)

#SudioUnitAlongEdsa #StudioUnitMRT #StudioUnitMRTShaw #StudioUnitMandaluyong #StudioUnitMandaluyongEdsa #Megamall #CallCenterMandaluyong #CallCenterPasig #CallCenterShaw #ShangrilaPlaza #Rockwell #BGC #SMMegamall #SMLighMall #LotForSale #ResidentialLotForSale #ResidentialLotInvestment #HouseAndLot #HouseAndLotForSale #ResidentialHouseAndLot #ResidentialHouseAndLotForSale #PropertyInvestment #Investment #PropertyFinder #ResidentialProperty #ResidentialInvestment #AffordableLot #AffordableInvestment #AffordableProperty #AffordableResidential",,"3",,,,"3","0","1537107690000","https://www.facebook.com/AffordablePropertyandCondominiumInvestment/posts/pfbid0ftSpztjdqWBJNR3hpknjZi4cmjh2tDfprFdoDgyLcyXAo4qghEkJMsMzFX42F29Yl"
"No photo description available.","2388320724518119","photo","https://www.facebook.com/photo/?fbid=2388320724518119&set=a.450601887091693",,,,,,,,,,,,,,,,,"100064256551876","NIAS News","https://scontent-iad6-1.xx.fbcdn.net/v/t39.30808-1/444152820_840613411423870_2227677054895348915_n.jpg?stp=cp0_dst-jpg_tt6&cstp=mx954x960&ctp=s40x40&_nc_cat=100&ccb=1-7&_nc_sid=2d3e12&_nc_ohc=FddyXKxGAxgQ7kNvwGT5ova&_nc_oc=Adq2rCxaFnrCTDl75xZ8cG_k-GIKlA0hvzR5GtNKGGZWl2s4wEBDPABP0Iw4LGV2mqo&_nc_zt=24&_nc_ht=scontent-iad6-1.xx&_nc_gid=LJhLCDJFIKPyfWy3er30OA&_nc_ss=7c2a8&oh=00_AQAhkBXZEZGSIvmPVYnvltbWTyrv6z95BY98I7cxHnQx2Q&oe=6A600806","https://www.facebook.com/NIASNews","0","2388320767851448","#WeatherPH: | HEAVY RAINFALL. As of 12PM, 

Red Warning Level: #Zambales and #Bataan
Serious FLOODING is expected.

Orange Warning Level: #Bulacan
FLOODING is THREATENING.

Yellow Warning Level: #MetroManila, #Rizal, #NuevaEcija, #Pampanga, #Tarlac and #Cavite
FLOODING in flood-prone areas.

•Light to moderate with occasional heavy rains affecting #Batangas, #Laguna and #Quezon which may persist for 3 hours according to PAGASA #NewsALERT 🌧⛈☔️🌀",,"3",,,,"3","1","1536986302000","https://www.facebook.com/NIASNews/posts/pfbid02WnJfioaUeU8CrgrMnok1LYhveToC35HxE9646YyoCfYUW4rZYDfRG3vSrsy3FFHVl"
"No photo description available.","1967448810033049","photo","https://www.facebook.com/photo.php?fbid=1967448810033049&set=a.470843061926411&type=3","No photo description available.","1967448856699711","photo","https://www.facebook.com/photo.php?fbid=1967448856699711&set=a.470843061926411&type=3","No photo description available.","1967448913366372","photo","https://www.facebook.com/photo.php?fbid=1967448913366372&set=a.470843061926411&type=3","No photo description available.","1967448953366368","photo","https://www.facebook.com/photo.php?fbid=1967448953366368&set=a.470843061926411&type=3","No photo description available.","1967449006699696","photo","https://www.facebook.com/photo.php?fbid=1967449006699696&set=a.470843061926411&type=3","100070021623134","Affordable Housing Philippines","https://scontent-iad3-1.xx.fbcdn.net/v/t39.30808-1/326351109_736933497769588_872561544804729334_n.png?stp=cp0_dst-png&cstp=mx640x640&ctp=s40x40&_nc_cat=108&ccb=1-7&_nc_sid=2d3e12&_nc_ohc=tPL538RfpEoQ7kNvwFHDTwM&_nc_oc=AdrhVO52iB0qZfjj5bnco2dq5FQUiIVz_qK_DOK59GZINAoOBkkJr0VVYZt-vdcV9jo&_nc_zt=24&_nc_ht=scontent-iad3-1.xx&_nc_gid=Z2FoKlI_-7lqjRRYAIbTMw&_nc_ss=7c2a8&oh=00_AQAVoRfi7tzI4c9Je4KKE-l6KYm1_lxmpKHac64Uuyn_sw&oe=6A600FE7","https://www.facebook.com/AffordableHousingPhilippines","0","1967449030033027","FOR SALE
CAMELLA HOMES SOUTH
THE MOST PRIME HOUSING DEVELOPMENT HERE IN SOUTH!!

👉Camella South Cavite and Laguna
👉FLOOD FREE COMMUNITY
👉COMPLETE AMENITIES 
     - 24 Hours Security
     - Swimming Pool
     - Clubhouse
     - Basketball Court
     - Parks and Playground
     - Jogging Path

👉SHUTTLE SERVICES (exclusive for homeowners only)

SO WHAT ARE YOU WAITING FOR!
RESERVE NOW! 

For Camella inquiries, tripping and reservation pls contact:
Rowena Isubol
Real Estate Salesperson
DRIVEN Marketing Group Inc.
C.P.# 0933-8753851",,,,,,"0","0","1537001443000","https://www.facebook.com/AffordableHousingPhilippines/posts/pfbid0rMSEdKZ1iJk7NbpEQzh4SgRzAeRgVSouJaskvqk6DnANoHbXeS9TvQwFQwWSAgZkl"
,,,,,,,,,,,,,,,,,,,,"100068612142206","MMDA","https://scontent-iad6-1.xx.fbcdn.net/v/t39.30808-1/242803846_162321929398211_6744508622629887688_n.jpg?stp=cp0_dst-jpg_tt6&cstp=mx604x604&ctp=s40x40&_nc_cat=1&ccb=1-7&_nc_sid=2d3e12&_nc_ohc=-GxMrIa-rlcQ7kNvwFBZfIA&_nc_oc=Adohs1uguo7HBrd_C6PL9RmjIrLJstIeJb0PDFRz8gGzn2sc7Y87ShIskLZElyAlT7c&_nc_zt=24&_nc_ht=scontent-iad6-1.xx&_nc_gid=Z2FoKlI_-7lqjRRYAIbTMw&_nc_ss=7c2a8&oh=00_AQCVLEFs0dBjyGLJVGLSz_zj5pOgQIQj50VbVLbnXGSY4Q&oe=6A5FF692","https://www.facebook.com/MMDAPH","2","2030311703674148","[Admin 24] FLOOD ALERT: As of 11:38 AM at España Kundiman WB, Half tire. Not passable to light vehicles. #mmda",,"4",,,,"4","2","1536983487000","https://www.facebook.com/MMDAPH/posts/pfbid02Wf6b2C8FY62evywJxwYkBcFzUcJqL5HzgsmbpFUpXyqTacEXWXqESoUMnBQXPcX1l"
"No photo description available.","2128926653806079","photo","https://www.facebook.com/photo/?fbid=2128926653806079&set=a.213502562015174",,,,,,,,,,,,,,,,,"100000662942998","Geetesh John Berg","https://scontent-iad6-1.xx.fbcdn.net/v/t39.30808-1/454312520_8475728345792513_5222137846866838204_n.jpg?stp=cp0_dst-jpg_tt6&cstp=mx960x958&ctp=s40x40&_nc_cat=106&ccb=1-7&_nc_sid=1d2534&_nc_ohc=tp5rB_ZVgYAQ7kNvwGKYyeA&_nc_oc=Adrs5dUtiLHLjS8sGDqtoHqzT_zePmgyQ-IvQwoD0kuGTGtXRNvI9Q7zOR7t7p0t13g&_nc_zt=24&_nc_ht=scontent-iad6-1.xx&_nc_gid=Z2FoKlI_-7lqjRRYAIbTMw&_nc_ss=7c2a8&oh=00_AQBYlSZMn0TNY3PHkCFG0-c_uttfu7l8GGuzqPzo0jzp4A&oe=6A600B2E","https://www.facebook.com/geetesh.johnberg","7","2128926687139409","There is a typhoon hitting the Philippines. It is passing the very north right now. 
I’m in Manila, far from the center of the storm, but we are expecting a lot of rain today. There might also be some flooding around Manila the coming days when the rain from the mountains comes down. 
Im doing just fine in my hotel room on 21 floor. A little bit of rain outside. Nothing dramatic. :)",,"22","4",,"3","29","0","1536979173000","https://www.facebook.com/geetesh.johnberg/posts/pfbid0h7eib2ph8a4wyGCtE4eXggzg1HezDFDCUKDdsvNk9dGwFAxPuTjf867TWtLfpGkql"
"No photo description available.","2388153267868198","photo","https://www.facebook.com/photo/?fbid=2388153267868198&set=a.450601887091693",,,,,,,,,,,,,,,,,"100064256551876","NIAS News","https://scontent-iad6-1.xx.fbcdn.net/v/t39.30808-1/444152820_840613411423870_2227677054895348915_n.jpg?stp=cp0_dst-jpg_tt6&cstp=mx954x960&ctp=s40x40&_nc_cat=100&ccb=1-7&_nc_sid=2d3e12&_nc_ohc=FddyXKxGAxgQ7kNvwGT5ova&_nc_oc=Adq2rCxaFnrCTDl75xZ8cG_k-GIKlA0hvzR5GtNKGGZWl2s4wEBDPABP0Iw4LGV2mqo&_nc_zt=24&_nc_ht=scontent-iad6-1.xx&_nc_gid=Z2FoKlI_-7lqjRRYAIbTMw&_nc_ss=7c2a8&oh=00_AQCd4CYn1V47PneGpGIOBize1jeW96xlh8uUYD4bpRxuDw&oe=6A600806","https://www.facebook.com/NIASNews","0","2388153294534862","#WeatherPH: | HEAVY RAINFALL. As of 9AM, 
Red Warning Level: TORRENTIAL RAINS may cause Serious FLOODING in #Zambales and #Bataan.

Orange Warning Level: INTENSE RAINS threaten flooding in flood-prone areas in #Pampanga, #Tarlac and #NuevaEcija

Yellow Warning Level: HEAVY RAINS may cause flooding in flood-prone areas in #MetroManila, #Rizal, #Bulacan, #Cavite and #Laguna.

•Light to moderate with occasional heavy rains affecting #Batangas and #Quezon which may persist for 3 hours according to PAGASA #NewsALERT 🌧☔️⛈🌀",,"6",,,,"6","4","1536975318000","https://www.facebook.com/NIASNews/posts/pfbid0QhtHSnJpPmCHtgcGCLtoV3n31sjBHoWRCxK62scCrJAtAQtymD1jay9cMvATVtPcl"
,,,,,,,,,,,,,,,,,,,,"100068612142206","MMDA","https://scontent-iad6-1.xx.fbcdn.net/v/t39.30808-1/242803846_162321929398211_6744508622629887688_n.jpg?stp=cp0_dst-jpg_tt6&cstp=mx604x604&ctp=s40x40&_nc_cat=1&ccb=1-7&_nc_sid=2d3e12&_nc_ohc=-GxMrIa-rlcQ7kNvwFBZfIA&_nc_oc=Adohs1uguo7HBrd_C6PL9RmjIrLJstIeJb0PDFRz8gGzn2sc7Y87ShIskLZElyAlT7c&_nc_zt=24&_nc_ht=scontent-iad6-1.xx&_nc_gid=Z2FoKlI_-7lqjRRYAIbTMw&_nc_ss=7c2a8&oh=00_AQCVLEFs0dBjyGLJVGLSz_zj5pOgQIQj50VbVLbnXGSY4Q&oe=6A5FF692","https://www.facebook.com/MMDAPH","0","2030311350340850","[Admin 24] FLOOD ALERT: As of 11:38 AM at España Antipolo WB, Half tire. Not passable to light vehicles. #mmda",,"3",,,,"3","1","1536983451000","https://www.facebook.com/MMDAPH/posts/pfbid02Uvx8zM2vDkzERTBcJVzZfBktuNGYqj1BmEtyv9dydYFfVQtNGJkDe3cDm6XeCxZcl"
"No photo description available.","2388246194525572","photo","https://www.facebook.com/photo/?fbid=2388246194525572&set=a.450601887091693",,,,,,,,,,,,,,,,,"100064256551876","NIAS News","https://scontent-iad6-1.xx.fbcdn.net/v/t39.30808-1/444152820_840613411423870_2227677054895348915_n.jpg?stp=cp0_dst-jpg_tt6&cstp=mx954x960&ctp=s40x40&_nc_cat=100&ccb=1-7&_nc_sid=2d3e12&_nc_ohc=FddyXKxGAxgQ7kNvwGT5ova&_nc_oc=Adq2rCxaFnrCTDl75xZ8cG_k-GIKlA0hvzR5GtNKGGZWl2s4wEBDPABP0Iw4LGV2mqo&_nc_zt=24&_nc_ht=scontent-iad6-1.xx&_nc_gid=Z2FoKlI_-7lqjRRYAIbTMw&_nc_ss=7c2a8&oh=00_AQCd4CYn1V47PneGpGIOBize1jeW96xlh8uUYD4bpRxuDw&oe=6A600806","https://www.facebook.com/NIASNews","13","2388246254525566","#WeatherPH: | BANTAY BAGYO. As of 11AM, the eye of Typhoon #OmpongPH was located based on all available data at 30 km West of Laoag City, Ilocos Norte with a Maximum sustained winds of 170 km/h near the center and gustiness of up to 260 km/h. Moving West at 25kph

Typhoon Ompong continues to weaken and is now off the coast of Laoag City Ilocos Norte 

• Stormy weather is expected over the areas under TCWS # 2 and #3.
• The Southwest Monsoon (Habagat) enhanced by the typhoon will bring gusty winds with occasional moderate to heavy rains over Western Visayas, Zamboanga Peninsula, ARMM, MIMAROPA and Bicol Region while scattered light to moderate to at times heavy rains over Eastern and Central Visayas. Residents in these areas, especially those living near river channels, in low-lying areas and in mountainous areas, are advised to take appropriate actions against possible flooding and landslides, coordinate with local disaster risk reduction and management offices, and to continue monitoring for updates.
• Possible Storm surge height in surge prone areas: up to 6 meters in Ilocos Norte; up to 2 meters in Ilocos Sur, La Union and Pangasinan.
#NewsALERT #maybagyo",,"16",,"1",,"17","22","1536981351000","https://www.facebook.com/NIASNews/posts/pfbid02n98bpjK1X1oByg1RqxhahEW7jqkVTwochX5M21CSRuVcFE5gtVC25i48ANSk4tUcl"
